INSERT INTO Security_In VALUES (1001, '2025-08-21', 'RJ13WC7482', 'Ekalinga Golla', '5063379729', 'Bullet', 11208);
INSERT INTO Security_Out VALUES (1001, '2025-08-21', 'RJ13WC7482', 'Shankar-Walla', 'Ekalinga Golla', '5063379729', 'Bullet', 11208);
INSERT INTO Weighbridge (Gatepass_No, Truck_Type, Weight_In, Weight_Out, In_Time, Out_Time) VALUES (1001, 'Bullet', 13511, 13033, '2025-07-26 19:36:34.723577', '2025-07-26 23:36:34.723577');
INSERT INTO Unloading (Vehicle_Number, Truck_Type, Cylinder_Type, Capsule1_MT, Capsule2_MT, Capsule3_MT, Gatepass_No) VALUES ('RJ13WC7482', 'Bullet', NULL, 7.3, 6.11, 9.09, 1001);
INSERT INTO Filling_Center (Cylinder_Type, Leakage_Test, Cap_Check, Manual_Test, Gatepass_No) VALUES ('47kg', 1, 1, 0, 1001);
INSERT INTO Security_In VALUES (1002, '2025-07-29', 'DL57SQ1343', 'Kashish Mangal', '7511599343', 'Pack', 8073);
INSERT INTO Security_Out VALUES (1002, '2025-07-29', 'DL57SQ1343', 'Sarin-Raman', 'Kashish Mangal', '7511599343', 'Pack', 8073);
INSERT INTO Weighbridge (Gatepass_No, Truck_Type, Weight_In, Weight_Out, In_Time, Out_Time) VALUES (1002, 'Pack', 10594, 10335, '2025-08-07 20:12:45.413511', '2025-08-07 22:12:45.413511');
INSERT INTO Loading (Truck_Type, Cylinder_Type, Gatepass_No) VALUES ('Pack', '14kg', 1002);
INSERT INTO Unloading (Vehicle_Number, Truck_Type, Cylinder_Type, Capsule1_MT, Capsule2_MT, Capsule3_MT, Gatepass_No) VALUES ('DL57SQ1343', 'Pack', '14kg', NULL, NULL, NULL, 1002);
INSERT INTO Filling_Center (Cylinder_Type, Leakage_Test, Cap_Check, Manual_Test, Gatepass_No) VALUES ('47kg', 1, 0, 0, 1002);
INSERT INTO Security_In VALUES (1003, '2025-08-29', 'GJ54IT7917', 'Warjas Dugal', '7057581583', 'Bullet', 14989);
INSERT INTO Security_Out VALUES (1003, '2025-08-29', 'GJ54IT7917', 'Kata, Dasgupta and Iyer', 'Warjas Dugal', '7057581583', 'Bullet', 14989);
INSERT INTO Weighbridge (Gatepass_No, Truck_Type, Weight_In, Weight_Out, In_Time, Out_Time) VALUES (1003, 'Bullet', 17438, 17103, '2025-08-02 12:45:58.041961', '2025-08-02 16:45:58.041961');
INSERT INTO Unloading (Vehicle_Number, Truck_Type, Cylinder_Type, Capsule1_MT, Capsule2_MT, Capsule3_MT, Gatepass_No) VALUES ('GJ54IT7917', 'Bullet', NULL, 6.63, 8.57, 6.01, 1003);
INSERT INTO Filling_Center (Cylinder_Type, Leakage_Test, Cap_Check, Manual_Test, Gatepass_No) VALUES ('5kg', 0, 1, 1, 1003);
INSERT INTO Security_In VALUES (1004, '2025-07-25', 'TN22JG1579', 'Kritika Narayanan', '3764629345', 'Pack', 1965);
INSERT INTO Security_Out VALUES (1004, '2025-07-25', 'TN22JG1579', 'Wali Ltd', 'Kritika Narayanan', '3764629345', 'Pack', 1965);
INSERT INTO Weighbridge (Gatepass_No, Truck_Type, Weight_In, Weight_Out, In_Time, Out_Time) VALUES (1004, 'Pack', 6584, 6166, '2025-09-13 21:40:15.570131', '2025-09-13 22:40:15.570131');
INSERT INTO Loading (Truck_Type, Cylinder_Type, Gatepass_No) VALUES ('Pack', '19kg', 1004);
INSERT INTO Unloading (Vehicle_Number, Truck_Type, Cylinder_Type, Capsule1_MT, Capsule2_MT, Capsule3_MT, Gatepass_No) VALUES ('TN22JG1579', 'Pack', '19kg', NULL, NULL, NULL, 1004);
INSERT INTO Filling_Center (Cylinder_Type, Leakage_Test, Cap_Check, Manual_Test, Gatepass_No) VALUES ('14.5kg', 0, 1, 0, 1004);
INSERT INTO Security_In VALUES (1005, '2025-08-29', 'WB10ZQ5052', 'Sudiksha Gade', '6745646230', 'Pack', 3239);
INSERT INTO Security_Out VALUES (1005, '2025-08-29', 'WB10ZQ5052', 'Kara-Morar', 'Sudiksha Gade', '6745646230', 'Pack', 3239);
INSERT INTO Weighbridge (Gatepass_No, Truck_Type, Weight_In, Weight_Out, In_Time, Out_Time) VALUES (1005, 'Pack', 7618, 7514, '2025-08-13 04:56:01.602605', '2025-08-13 09:56:01.602605');
INSERT INTO Loading (Truck_Type, Cylinder_Type, Gatepass_No) VALUES ('Pack', '19kg', 1005);
INSERT INTO Unloading (Vehicle_Number, Truck_Type, Cylinder_Type, Capsule1_MT, Capsule2_MT, Capsule3_MT, Gatepass_No) VALUES ('WB10ZQ5052', 'Pack', '19kg', NULL, NULL, NULL, 1005);
INSERT INTO Filling_Center (Cylinder_Type, Leakage_Test, Cap_Check, Manual_Test, Gatepass_No) VALUES ('14.5kg', 0, 0, 0, 1005);
INSERT INTO Security_In VALUES (1006, '2025-07-20', 'TN25LA7613', 'Chandani Srinivasan', '8518256208', 'Pack', 19391);
INSERT INTO Security_Out VALUES (1006, '2025-07-20', 'TN25LA7613', 'Yadav-Nagar', 'Chandani Srinivasan', '8518256208', 'Pack', 19391);
INSERT INTO Weighbridge (Gatepass_No, Truck_Type, Weight_In, Weight_Out, In_Time, Out_Time) VALUES (1006, 'Pack', 21771, 21396, '2025-08-12 09:18:37.512065', '2025-08-12 13:18:37.512065');
INSERT INTO Loading (Truck_Type, Cylinder_Type, Gatepass_No) VALUES ('Pack', '47kg', 1006);
INSERT INTO Unloading (Vehicle_Number, Truck_Type, Cylinder_Type, Capsule1_MT, Capsule2_MT, Capsule3_MT, Gatepass_No) VALUES ('TN25LA7613', 'Pack', '47kg', NULL, NULL, NULL, 1006);
INSERT INTO Filling_Center (Cylinder_Type, Leakage_Test, Cap_Check, Manual_Test, Gatepass_No) VALUES ('5kg', 1, 0, 0, 1006);
INSERT INTO Security_In VALUES (1007, '2025-07-21', 'KA69MC7391', 'Kashvi Kar', '0259849539', 'Pack', 1365);
INSERT INTO Security_Out VALUES (1007, '2025-07-21', 'KA69MC7391', 'Gokhale-Buch', 'Kashvi Kar', '0259849539', 'Pack', 1365);
INSERT INTO Weighbridge (Gatepass_No, Truck_Type, Weight_In, Weight_Out, In_Time, Out_Time) VALUES (1007, 'Pack', 4126, 3948, '2025-09-11 22:54:52.067028', '2025-09-12 01:54:52.067028');
INSERT INTO Loading (Truck_Type, Cylinder_Type, Gatepass_No) VALUES ('Pack', '14kg', 1007);
INSERT INTO Unloading (Vehicle_Number, Truck_Type, Cylinder_Type, Capsule1_MT, Capsule2_MT, Capsule3_MT, Gatepass_No) VALUES ('KA69MC7391', 'Pack', '14kg', NULL, NULL, NULL, 1007);
INSERT INTO Filling_Center (Cylinder_Type, Leakage_Test, Cap_Check, Manual_Test, Gatepass_No) VALUES ('5kg', 1, 0, 0, 1007);
INSERT INTO Security_In VALUES (1008, '2025-08-02', 'KA80TA6587', 'Onveer Bawa', '6150827434', 'Pack', 9917);
INSERT INTO Security_Out VALUES (1008, '2025-08-02', 'KA80TA6587', 'Mahal-Sheth', 'Onveer Bawa', '6150827434', 'Pack', 9917);
INSERT INTO Weighbridge (Gatepass_No, Truck_Type, Weight_In, Weight_Out, In_Time, Out_Time) VALUES (1008, 'Pack', 12740, 12386, '2025-08-17 23:51:08.164136', '2025-08-18 02:51:08.164136');
INSERT INTO Loading (Truck_Type, Cylinder_Type, Gatepass_No) VALUES ('Pack', '47kg', 1008);
INSERT INTO Unloading (Vehicle_Number, Truck_Type, Cylinder_Type, Capsule1_MT, Capsule2_MT, Capsule3_MT, Gatepass_No) VALUES ('KA80TA6587', 'Pack', '47kg', NULL, NULL, NULL, 1008);
INSERT INTO Filling_Center (Cylinder_Type, Leakage_Test, Cap_Check, Manual_Test, Gatepass_No) VALUES ('14.5kg', 0, 0, 1, 1008);
INSERT INTO Security_In VALUES (1009, '2025-07-31', 'DL26WG5227', 'Amaira Viswanathan', '5427409766', 'Pack', 8322);
INSERT INTO Security_Out VALUES (1009, '2025-07-31', 'DL26WG5227', 'Mohan PLC', 'Amaira Viswanathan', '5427409766', 'Pack', 8322);
INSERT INTO Weighbridge (Gatepass_No, Truck_Type, Weight_In, Weight_Out, In_Time, Out_Time) VALUES (1009, 'Pack', 10253, 9927, '2025-08-04 02:54:46.607687', '2025-08-04 06:54:46.607687');
INSERT INTO Loading (Truck_Type, Cylinder_Type, Gatepass_No) VALUES ('Pack', '19kg', 1009);
INSERT INTO Unloading (Vehicle_Number, Truck_Type, Cylinder_Type, Capsule1_MT, Capsule2_MT, Capsule3_MT, Gatepass_No) VALUES ('DL26WG5227', 'Pack', '19kg', NULL, NULL, NULL, 1009);
INSERT INTO Filling_Center (Cylinder_Type, Leakage_Test, Cap_Check, Manual_Test, Gatepass_No) VALUES ('10kg', 0, 1, 1, 1009);
INSERT INTO Security_In VALUES (1010, '2025-07-18', 'MH42MB5356', 'Neelima Gade', '4485883522', 'Bullet', 13129);
INSERT INTO Security_Out VALUES (1010, '2025-07-18', 'MH42MB5356', 'Parsa Group', 'Neelima Gade', '4485883522', 'Bullet', 13129);
INSERT INTO Weighbridge (Gatepass_No, Truck_Type, Weight_In, Weight_Out, In_Time, Out_Time) VALUES (1010, 'Bullet', 17888, 17581, '2025-07-27 00:00:45.818371', '2025-07-27 05:00:45.818371');
INSERT INTO Unloading (Vehicle_Number, Truck_Type, Cylinder_Type, Capsule1_MT, Capsule2_MT, Capsule3_MT, Gatepass_No) VALUES ('MH42MB5356', 'Bullet', NULL, 6.24, 5.24, 7.05, 1010);
INSERT INTO Filling_Center (Cylinder_Type, Leakage_Test, Cap_Check, Manual_Test, Gatepass_No) VALUES ('47kg', 0, 1, 0, 1010);
INSERT INTO Security_In VALUES (1011, '2025-09-02', 'UP90WE7748', 'Aayush Choudhury', '8468165167', 'Pack', 5940);
INSERT INTO Security_Out VALUES (1011, '2025-09-02', 'UP90WE7748', 'Nagar, Swamy and Sathe', 'Aayush Choudhury', '8468165167', 'Pack', 5940);
INSERT INTO Weighbridge (Gatepass_No, Truck_Type, Weight_In, Weight_Out, In_Time, Out_Time) VALUES (1011, 'Pack', 7271, 7056, '2025-09-05 00:40:33.252483', '2025-09-05 03:40:33.252483');
INSERT INTO Loading (Truck_Type, Cylinder_Type, Gatepass_No) VALUES ('Pack', '14kg', 1011);
INSERT INTO Unloading (Vehicle_Number, Truck_Type, Cylinder_Type, Capsule1_MT, Capsule2_MT, Capsule3_MT, Gatepass_No) VALUES ('UP90WE7748', 'Pack', '14kg', NULL, NULL, NULL, 1011);
INSERT INTO Filling_Center (Cylinder_Type, Leakage_Test, Cap_Check, Manual_Test, Gatepass_No) VALUES ('10kg', 1, 1, 0, 1011);
INSERT INTO Security_In VALUES (1012, '2025-09-06', 'UP78PJ7510', 'Wazir Chand', '8817517011', 'Pack', 15620);
INSERT INTO Security_Out VALUES (1012, '2025-09-06', 'UP78PJ7510', 'Varghese and Sons', 'Wazir Chand', '8817517011', 'Pack', 15620);
INSERT INTO Weighbridge (Gatepass_No, Truck_Type, Weight_In, Weight_Out, In_Time, Out_Time) VALUES (1012, 'Pack', 18943, 18447, '2025-08-11 03:19:01.995541', '2025-08-11 08:19:01.995541');
INSERT INTO Loading (Truck_Type, Cylinder_Type, Gatepass_No) VALUES ('Pack', '47kg', 1012);
INSERT INTO Unloading (Vehicle_Number, Truck_Type, Cylinder_Type, Capsule1_MT, Capsule2_MT, Capsule3_MT, Gatepass_No) VALUES ('UP78PJ7510', 'Pack', '47kg', NULL, NULL, NULL, 1012);
INSERT INTO Filling_Center (Cylinder_Type, Leakage_Test, Cap_Check, Manual_Test, Gatepass_No) VALUES ('10kg', 1, 1, 0, 1012);
INSERT INTO Security_In VALUES (1013, '2025-09-04', 'WB31EQ8875', 'Krisha Chahal', '4261360846', 'Pack', 16024);
INSERT INTO Security_Out VALUES (1013, '2025-09-04', 'WB31EQ8875', 'Dhawan-Sampath', 'Krisha Chahal', '4261360846', 'Pack', 16024);
INSERT INTO Weighbridge (Gatepass_No, Truck_Type, Weight_In, Weight_Out, In_Time, Out_Time) VALUES (1013, 'Pack', 20390, 19959, '2025-08-30 22:51:36.771218', '2025-08-31 02:51:36.771218');
INSERT INTO Loading (Truck_Type, Cylinder_Type, Gatepass_No) VALUES ('Pack', '47kg', 1013);
INSERT INTO Unloading (Vehicle_Number, Truck_Type, Cylinder_Type, Capsule1_MT, Capsule2_MT, Capsule3_MT, Gatepass_No) VALUES ('WB31EQ8875', 'Pack', '47kg', NULL, NULL, NULL, 1013);
INSERT INTO Filling_Center (Cylinder_Type, Leakage_Test, Cap_Check, Manual_Test, Gatepass_No) VALUES ('19kg', 1, 0, 0, 1013);
INSERT INTO Security_In VALUES (1014, '2025-09-10', 'KA66EE6582', 'Gunbir More', '3306247391', 'Pack', 5965);
INSERT INTO Security_Out VALUES (1014, '2025-09-10', 'KA66EE6582', 'Chand LLC', 'Gunbir More', '3306247391', 'Pack', 5965);
INSERT INTO Weighbridge (Gatepass_No, Truck_Type, Weight_In, Weight_Out, In_Time, Out_Time) VALUES (1014, 'Pack', 10394, 10278, '2025-09-08 03:33:36.839767', '2025-09-08 08:33:36.839767');
INSERT INTO Loading (Truck_Type, Cylinder_Type, Gatepass_No) VALUES ('Pack', '14kg', 1014);
INSERT INTO Unloading (Vehicle_Number, Truck_Type, Cylinder_Type, Capsule1_MT, Capsule2_MT, Capsule3_MT, Gatepass_No) VALUES ('KA66EE6582', 'Pack', '14kg', NULL, NULL, NULL, 1014);
INSERT INTO Filling_Center (Cylinder_Type, Leakage_Test, Cap_Check, Manual_Test, Gatepass_No) VALUES ('47kg', 1, 1, 0, 1014);
INSERT INTO Security_In VALUES (1015, '2025-08-08', 'PB25TC3832', 'Vincent Nagi', '4623748572', 'Bullet', 17950);
INSERT INTO Security_Out VALUES (1015, '2025-08-08', 'PB25TC3832', 'Morar, Bassi and Bhalla', 'Vincent Nagi', '4623748572', 'Bullet', 17950);
INSERT INTO Weighbridge (Gatepass_No, Truck_Type, Weight_In, Weight_Out, In_Time, Out_Time) VALUES (1015, 'Bullet', 22483, 22131, '2025-09-02 15:58:22.460679', '2025-09-02 19:58:22.460679');
INSERT INTO Unloading (Vehicle_Number, Truck_Type, Cylinder_Type, Capsule1_MT, Capsule2_MT, Capsule3_MT, Gatepass_No) VALUES ('PB25TC3832', 'Bullet', NULL, 8.84, 7.31, 5.58, 1015);
INSERT INTO Filling_Center (Cylinder_Type, Leakage_Test, Cap_Check, Manual_Test, Gatepass_No) VALUES ('5kg', 1, 1, 1, 1015);
INSERT INTO Security_In VALUES (1016, '2025-07-31', 'HR98TK9248', 'Lila Shenoy', '8324158279', 'Bullet', 6270);
INSERT INTO Security_Out VALUES (1016, '2025-07-31', 'HR98TK9248', 'Kapur-Nayar', 'Lila Shenoy', '8324158279', 'Bullet', 6270);
INSERT INTO Weighbridge (Gatepass_No, Truck_Type, Weight_In, Weight_Out, In_Time, Out_Time) VALUES (1016, 'Bullet', 8947, 8764, '2025-07-18 15:14:35.786513', '2025-07-18 17:14:35.786513');
INSERT INTO Unloading (Vehicle_Number, Truck_Type, Cylinder_Type, Capsule1_MT, Capsule2_MT, Capsule3_MT, Gatepass_No) VALUES ('HR98TK9248', 'Bullet', NULL, 5.74, 7.81, 7.48, 1016);
INSERT INTO Filling_Center (Cylinder_Type, Leakage_Test, Cap_Check, Manual_Test, Gatepass_No) VALUES ('14.5kg', 1, 0, 1, 1016);
INSERT INTO Security_In VALUES (1017, '2025-09-13', 'TN31OU5743', 'Yahvi Balasubramanian', '3222131661', 'Bullet', 15609);
INSERT INTO Security_Out VALUES (1017, '2025-09-13', 'TN31OU5743', 'Ganesan-Basak', 'Yahvi Balasubramanian', '3222131661', 'Bullet', 15609);
INSERT INTO Weighbridge (Gatepass_No, Truck_Type, Weight_In, Weight_Out, In_Time, Out_Time) VALUES (1017, 'Bullet', 20071, 19735, '2025-07-20 01:00:34.512536', '2025-07-20 03:00:34.512536');
INSERT INTO Unloading (Vehicle_Number, Truck_Type, Cylinder_Type, Capsule1_MT, Capsule2_MT, Capsule3_MT, Gatepass_No) VALUES ('TN31OU5743', 'Bullet', NULL, 8.85, 8.4, 6.97, 1017);
INSERT INTO Filling_Center (Cylinder_Type, Leakage_Test, Cap_Check, Manual_Test, Gatepass_No) VALUES ('19kg', 1, 0, 0, 1017);
INSERT INTO Security_In VALUES (1018, '2025-08-23', 'TN93AG1831', 'Reva Pall', '9766791297', 'Bullet', 16202);
INSERT INTO Security_Out VALUES (1018, '2025-08-23', 'TN93AG1831', 'Ramakrishnan, Bedi and Gala', 'Reva Pall', '9766791297', 'Bullet', 16202);
INSERT INTO Weighbridge (Gatepass_No, Truck_Type, Weight_In, Weight_Out, In_Time, Out_Time) VALUES (1018, 'Bullet', 18333, 18184, '2025-08-03 12:22:45.110712', '2025-08-03 13:22:45.110712');
INSERT INTO Unloading (Vehicle_Number, Truck_Type, Cylinder_Type, Capsule1_MT, Capsule2_MT, Capsule3_MT, Gatepass_No) VALUES ('TN93AG1831', 'Bullet', NULL, 9.05, 7.8, 5.27, 1018);
INSERT INTO Filling_Center (Cylinder_Type, Leakage_Test, Cap_Check, Manual_Test, Gatepass_No) VALUES ('10kg', 1, 0, 1, 1018);
INSERT INTO Security_In VALUES (1019, '2025-08-22', 'GJ32HL8060', 'Omisha Rama', '8696062103', 'Pack', 10766);
INSERT INTO Security_Out VALUES (1019, '2025-08-22', 'GJ32HL8060', 'Parsa-Chad', 'Omisha Rama', '8696062103', 'Pack', 10766);
INSERT INTO Weighbridge (Gatepass_No, Truck_Type, Weight_In, Weight_Out, In_Time, Out_Time) VALUES (1019, 'Pack', 12712, 12604, '2025-09-03 12:00:15.420382', '2025-09-03 15:00:15.420382');
INSERT INTO Loading (Truck_Type, Cylinder_Type, Gatepass_No) VALUES ('Pack', '14kg', 1019);
INSERT INTO Unloading (Vehicle_Number, Truck_Type, Cylinder_Type, Capsule1_MT, Capsule2_MT, Capsule3_MT, Gatepass_No) VALUES ('GJ32HL8060', 'Pack', '14kg', NULL, NULL, NULL, 1019);
INSERT INTO Filling_Center (Cylinder_Type, Leakage_Test, Cap_Check, Manual_Test, Gatepass_No) VALUES ('5kg', 0, 0, 1, 1019);
INSERT INTO Security_In VALUES (1020, '2025-09-12', 'HR84AM3818', 'Alka Dubey', '1328484758', 'Bullet', 5922);
INSERT INTO Security_Out VALUES (1020, '2025-09-12', 'HR84AM3818', 'Nagi and Sons', 'Alka Dubey', '1328484758', 'Bullet', 5922);
INSERT INTO Weighbridge (Gatepass_No, Truck_Type, Weight_In, Weight_Out, In_Time, Out_Time) VALUES (1020, 'Bullet', 9970, 9596, '2025-08-20 20:54:43.497247', '2025-08-21 01:54:43.497247');
INSERT INTO Unloading (Vehicle_Number, Truck_Type, Cylinder_Type, Capsule1_MT, Capsule2_MT, Capsule3_MT, Gatepass_No) VALUES ('HR84AM3818', 'Bullet', NULL, 7.35, 9.42, 6.62, 1020);
INSERT INTO Filling_Center (Cylinder_Type, Leakage_Test, Cap_Check, Manual_Test, Gatepass_No) VALUES ('10kg', 1, 0, 1, 1020);
INSERT INTO Security_In VALUES (1021, '2025-08-06', 'PB83HV6735', 'Neel Batta', '5960378695', 'Pack', 11685);
INSERT INTO Security_Out VALUES (1021, '2025-08-06', 'PB83HV6735', 'Prashad-Sahni', 'Neel Batta', '5960378695', 'Pack', 11685);
INSERT INTO Weighbridge (Gatepass_No, Truck_Type, Weight_In, Weight_Out, In_Time, Out_Time) VALUES (1021, 'Pack', 16574, 16076, '2025-08-24 05:17:58.260644', '2025-08-24 08:17:58.260644');
INSERT INTO Loading (Truck_Type, Cylinder_Type, Gatepass_No) VALUES ('Pack', '47kg', 1021);
INSERT INTO Unloading (Vehicle_Number, Truck_Type, Cylinder_Type, Capsule1_MT, Capsule2_MT, Capsule3_MT, Gatepass_No) VALUES ('PB83HV6735', 'Pack', '47kg', NULL, NULL, NULL, 1021);
INSERT INTO Filling_Center (Cylinder_Type, Leakage_Test, Cap_Check, Manual_Test, Gatepass_No) VALUES ('19kg', 0, 1, 1, 1021);
INSERT INTO Security_In VALUES (1022, '2025-08-11', 'RJ62FO6611', 'Ayush Ray', '8692297290', 'Bullet', 15991);
INSERT INTO Security_Out VALUES (1022, '2025-08-11', 'RJ62FO6611', 'Wali PLC', 'Ayush Ray', '8692297290', 'Bullet', 15991);
INSERT INTO Weighbridge (Gatepass_No, Truck_Type, Weight_In, Weight_Out, In_Time, Out_Time) VALUES (1022, 'Bullet', 18196, 17924, '2025-08-26 23:18:33.369102', '2025-08-27 04:18:33.369102');
INSERT INTO Unloading (Vehicle_Number, Truck_Type, Cylinder_Type, Capsule1_MT, Capsule2_MT, Capsule3_MT, Gatepass_No) VALUES ('RJ62FO6611', 'Bullet', NULL, 6.16, 8.83, 7.05, 1022);
INSERT INTO Filling_Center (Cylinder_Type, Leakage_Test, Cap_Check, Manual_Test, Gatepass_No) VALUES ('14.5kg', 1, 0, 0, 1022);
INSERT INTO Security_In VALUES (1023, '2025-08-18', 'GJ19ET7221', 'Wridesh Chander', '5071911048', 'Pack', 1791);
INSERT INTO Security_Out VALUES (1023, '2025-08-18', 'GJ19ET7221', 'Padmanabhan-Dar', 'Wridesh Chander', '5071911048', 'Pack', 1791);
INSERT INTO Weighbridge (Gatepass_No, Truck_Type, Weight_In, Weight_Out, In_Time, Out_Time) VALUES (1023, 'Pack', 3488, 2988, '2025-08-27 15:49:45.406569', '2025-08-27 19:49:45.406569');
INSERT INTO Loading (Truck_Type, Cylinder_Type, Gatepass_No) VALUES ('Pack', '47kg', 1023);
INSERT INTO Unloading (Vehicle_Number, Truck_Type, Cylinder_Type, Capsule1_MT, Capsule2_MT, Capsule3_MT, Gatepass_No) VALUES ('GJ19ET7221', 'Pack', '47kg', NULL, NULL, NULL, 1023);
INSERT INTO Filling_Center (Cylinder_Type, Leakage_Test, Cap_Check, Manual_Test, Gatepass_No) VALUES ('5kg', 1, 0, 0, 1023);
INSERT INTO Security_In VALUES (1024, '2025-07-24', 'MH14FP1447', 'Arin Bhargava', '6733729267', 'Pack', 10991);
INSERT INTO Security_Out VALUES (1024, '2025-07-24', 'MH14FP1447', 'Seshadri Inc', 'Arin Bhargava', '6733729267', 'Pack', 10991);
INSERT INTO Weighbridge (Gatepass_No, Truck_Type, Weight_In, Weight_Out, In_Time, Out_Time) VALUES (1024, 'Pack', 13506, 13170, '2025-08-23 02:49:05.634851', '2025-08-23 04:49:05.634851');
INSERT INTO Loading (Truck_Type, Cylinder_Type, Gatepass_No) VALUES ('Pack', '14kg', 1024);
INSERT INTO Unloading (Vehicle_Number, Truck_Type, Cylinder_Type, Capsule1_MT, Capsule2_MT, Capsule3_MT, Gatepass_No) VALUES ('MH14FP1447', 'Pack', '14kg', NULL, NULL, NULL, 1024);
INSERT INTO Filling_Center (Cylinder_Type, Leakage_Test, Cap_Check, Manual_Test, Gatepass_No) VALUES ('5kg', 0, 0, 0, 1024);
INSERT INTO Security_In VALUES (1025, '2025-07-23', 'DL15XT8285', 'Janaki Khosla', '0526496278', 'Pack', 17343);
INSERT INTO Security_Out VALUES (1025, '2025-07-23', 'DL15XT8285', 'Palla PLC', 'Janaki Khosla', '0526496278', 'Pack', 17343);
INSERT INTO Weighbridge (Gatepass_No, Truck_Type, Weight_In, Weight_Out, In_Time, Out_Time) VALUES (1025, 'Pack', 19932, 19716, '2025-07-21 15:35:12.936703', '2025-07-21 19:35:12.936703');
INSERT INTO Loading (Truck_Type, Cylinder_Type, Gatepass_No) VALUES ('Pack', '14kg', 1025);
INSERT INTO Unloading (Vehicle_Number, Truck_Type, Cylinder_Type, Capsule1_MT, Capsule2_MT, Capsule3_MT, Gatepass_No) VALUES ('DL15XT8285', 'Pack', '14kg', NULL, NULL, NULL, 1025);
INSERT INTO Filling_Center (Cylinder_Type, Leakage_Test, Cap_Check, Manual_Test, Gatepass_No) VALUES ('10kg', 1, 1, 0, 1025);
INSERT INTO Security_In VALUES (1026, '2025-08-25', 'TN91QL5892', 'Tarak Chana', '8009402874', 'Bullet', 13089);
INSERT INTO Security_Out VALUES (1026, '2025-08-25', 'TN91QL5892', 'Doshi-Narang', 'Tarak Chana', '8009402874', 'Bullet', 13089);
INSERT INTO Weighbridge (Gatepass_No, Truck_Type, Weight_In, Weight_Out, In_Time, Out_Time) VALUES (1026, 'Bullet', 14112, 13978, '2025-08-05 15:52:01.948369', '2025-08-05 20:52:01.948369');
INSERT INTO Unloading (Vehicle_Number, Truck_Type, Cylinder_Type, Capsule1_MT, Capsule2_MT, Capsule3_MT, Gatepass_No) VALUES ('TN91QL5892', 'Bullet', NULL, 8.33, 5.79, 9.32, 1026);
INSERT INTO Filling_Center (Cylinder_Type, Leakage_Test, Cap_Check, Manual_Test, Gatepass_No) VALUES ('47kg', 0, 1, 1, 1026);
INSERT INTO Security_In VALUES (1027, '2025-09-01', 'UP37FT3205', 'Manbir Ganesan', '3367428811', 'Bullet', 12056);
INSERT INTO Security_Out VALUES (1027, '2025-09-01', 'UP37FT3205', 'Saran Group', 'Manbir Ganesan', '3367428811', 'Bullet', 12056);
INSERT INTO Weighbridge (Gatepass_No, Truck_Type, Weight_In, Weight_Out, In_Time, Out_Time) VALUES (1027, 'Bullet', 16540, 16121, '2025-08-31 17:20:20.750979', '2025-08-31 20:20:20.750979');
INSERT INTO Unloading (Vehicle_Number, Truck_Type, Cylinder_Type, Capsule1_MT, Capsule2_MT, Capsule3_MT, Gatepass_No) VALUES ('UP37FT3205', 'Bullet', NULL, 7.17, 5.58, 7.22, 1027);
INSERT INTO Filling_Center (Cylinder_Type, Leakage_Test, Cap_Check, Manual_Test, Gatepass_No) VALUES ('5kg', 1, 0, 1, 1027);
INSERT INTO Security_In VALUES (1028, '2025-07-18', 'WB97VV4242', 'Karan Chaudhry', '3136581919', 'Bullet', 12384);
INSERT INTO Security_Out VALUES (1028, '2025-07-18', 'WB97VV4242', 'Balakrishnan and Sons', 'Karan Chaudhry', '3136581919', 'Bullet', 12384);
INSERT INTO Weighbridge (Gatepass_No, Truck_Type, Weight_In, Weight_Out, In_Time, Out_Time) VALUES (1028, 'Bullet', 14120, 13852, '2025-08-02 14:10:04.405677', '2025-08-02 15:10:04.405677');
INSERT INTO Unloading (Vehicle_Number, Truck_Type, Cylinder_Type, Capsule1_MT, Capsule2_MT, Capsule3_MT, Gatepass_No) VALUES ('WB97VV4242', 'Bullet', NULL, 5.11, 6.32, 9.83, 1028);
INSERT INTO Filling_Center (Cylinder_Type, Leakage_Test, Cap_Check, Manual_Test, Gatepass_No) VALUES ('47kg', 1, 1, 0, 1028);
INSERT INTO Security_In VALUES (1029, '2025-08-24', 'RJ32TF6191', 'Fariq Nagar', '0577793083', 'Pack', 17890);
INSERT INTO Security_Out VALUES (1029, '2025-08-24', 'RJ32TF6191', 'Randhawa, Goda and Swamy', 'Fariq Nagar', '0577793083', 'Pack', 17890);
INSERT INTO Weighbridge (Gatepass_No, Truck_Type, Weight_In, Weight_Out, In_Time, Out_Time) VALUES (1029, 'Pack', 21770, 21426, '2025-09-10 07:35:19.826376', '2025-09-10 10:35:19.826376');
INSERT INTO Loading (Truck_Type, Cylinder_Type, Gatepass_No) VALUES ('Pack', '19kg', 1029);
INSERT INTO Unloading (Vehicle_Number, Truck_Type, Cylinder_Type, Capsule1_MT, Capsule2_MT, Capsule3_MT, Gatepass_No) VALUES ('RJ32TF6191', 'Pack', '19kg', NULL, NULL, NULL, 1029);
INSERT INTO Filling_Center (Cylinder_Type, Leakage_Test, Cap_Check, Manual_Test, Gatepass_No) VALUES ('10kg', 0, 0, 0, 1029);
INSERT INTO Security_In VALUES (1030, '2025-07-31', 'DL28ZL4897', 'Amara Krishnan', '4457249908', 'Pack', 7917);
INSERT INTO Security_Out VALUES (1030, '2025-07-31', 'DL28ZL4897', 'Shanker-Mander', 'Amara Krishnan', '4457249908', 'Pack', 7917);
INSERT INTO Weighbridge (Gatepass_No, Truck_Type, Weight_In, Weight_Out, In_Time, Out_Time) VALUES (1030, 'Pack', 11455, 11216, '2025-07-20 00:58:20.049776', '2025-07-20 03:58:20.049776');
INSERT INTO Loading (Truck_Type, Cylinder_Type, Gatepass_No) VALUES ('Pack', '14kg', 1030);
INSERT INTO Unloading (Vehicle_Number, Truck_Type, Cylinder_Type, Capsule1_MT, Capsule2_MT, Capsule3_MT, Gatepass_No) VALUES ('DL28ZL4897', 'Pack', '14kg', NULL, NULL, NULL, 1030);
INSERT INTO Filling_Center (Cylinder_Type, Leakage_Test, Cap_Check, Manual_Test, Gatepass_No) VALUES ('14.5kg', 0, 1, 1, 1030);
INSERT INTO Security_In VALUES (1031, '2025-08-31', 'RJ73GF4018', 'Wahab Golla', '1068872069', 'Pack', 5585);
INSERT INTO Security_Out VALUES (1031, '2025-08-31', 'RJ73GF4018', 'Khatri-Khare', 'Wahab Golla', '1068872069', 'Pack', 5585);
INSERT INTO Weighbridge (Gatepass_No, Truck_Type, Weight_In, Weight_Out, In_Time, Out_Time) VALUES (1031, 'Pack', 10187, 10044, '2025-07-20 23:10:28.553764', '2025-07-21 00:10:28.553764');
INSERT INTO Loading (Truck_Type, Cylinder_Type, Gatepass_No) VALUES ('Pack', '47kg', 1031);
INSERT INTO Unloading (Vehicle_Number, Truck_Type, Cylinder_Type, Capsule1_MT, Capsule2_MT, Capsule3_MT, Gatepass_No) VALUES ('RJ73GF4018', 'Pack', '47kg', NULL, NULL, NULL, 1031);
INSERT INTO Filling_Center (Cylinder_Type, Leakage_Test, Cap_Check, Manual_Test, Gatepass_No) VALUES ('14.5kg', 0, 0, 0, 1031);
INSERT INTO Security_In VALUES (1032, '2025-09-06', 'WB50JS1499', 'Yuvraj Oza', '4650500810', 'Bullet', 6534);
INSERT INTO Security_Out VALUES (1032, '2025-09-06', 'WB50JS1499', 'Zacharia-Bakshi', 'Yuvraj Oza', '4650500810', 'Bullet', 6534);
INSERT INTO Weighbridge (Gatepass_No, Truck_Type, Weight_In, Weight_Out, In_Time, Out_Time) VALUES (1032, 'Bullet', 10381, 9919, '2025-08-16 17:07:25.530589', '2025-08-16 21:07:25.530589');
INSERT INTO Unloading (Vehicle_Number, Truck_Type, Cylinder_Type, Capsule1_MT, Capsule2_MT, Capsule3_MT, Gatepass_No) VALUES ('WB50JS1499', 'Bullet', NULL, 5.0, 7.74, 9.56, 1032);
INSERT INTO Filling_Center (Cylinder_Type, Leakage_Test, Cap_Check, Manual_Test, Gatepass_No) VALUES ('5kg', 0, 0, 0, 1032);
INSERT INTO Security_In VALUES (1033, '2025-08-05', 'PB26YO9065', 'Rachana Varughese', '6050889351', 'Pack', 8532);
INSERT INTO Security_Out VALUES (1033, '2025-08-05', 'PB26YO9065', 'Raghavan, Nanda and Loke', 'Rachana Varughese', '6050889351', 'Pack', 8532);
INSERT INTO Weighbridge (Gatepass_No, Truck_Type, Weight_In, Weight_Out, In_Time, Out_Time) VALUES (1033, 'Pack', 10884, 10757, '2025-08-23 22:16:09.902787', '2025-08-24 02:16:09.902787');
INSERT INTO Loading (Truck_Type, Cylinder_Type, Gatepass_No) VALUES ('Pack', '14kg', 1033);
INSERT INTO Unloading (Vehicle_Number, Truck_Type, Cylinder_Type, Capsule1_MT, Capsule2_MT, Capsule3_MT, Gatepass_No) VALUES ('PB26YO9065', 'Pack', '14kg', NULL, NULL, NULL, 1033);
INSERT INTO Filling_Center (Cylinder_Type, Leakage_Test, Cap_Check, Manual_Test, Gatepass_No) VALUES ('10kg', 1, 1, 1, 1033);
INSERT INTO Security_In VALUES (1034, '2025-08-18', 'HR52QQ6034', 'Falak Brahmbhatt', '5037774281', 'Pack', 8079);
INSERT INTO Security_Out VALUES (1034, '2025-08-18', 'HR52QQ6034', 'Sarna-Dey', 'Falak Brahmbhatt', '5037774281', 'Pack', 8079);
INSERT INTO Weighbridge (Gatepass_No, Truck_Type, Weight_In, Weight_Out, In_Time, Out_Time) VALUES (1034, 'Pack', 9779, 9458, '2025-07-17 10:31:12.056015', '2025-07-17 13:31:12.056015');
INSERT INTO Loading (Truck_Type, Cylinder_Type, Gatepass_No) VALUES ('Pack', '19kg', 1034);
INSERT INTO Unloading (Vehicle_Number, Truck_Type, Cylinder_Type, Capsule1_MT, Capsule2_MT, Capsule3_MT, Gatepass_No) VALUES ('HR52QQ6034', 'Pack', '19kg', NULL, NULL, NULL, 1034);
INSERT INTO Filling_Center (Cylinder_Type, Leakage_Test, Cap_Check, Manual_Test, Gatepass_No) VALUES ('47kg', 0, 0, 1, 1034);
INSERT INTO Security_In VALUES (1035, '2025-08-01', 'KA50SR6432', 'Anay Swaminathan', '4880324540', 'Bullet', 18727);
INSERT INTO Security_Out VALUES (1035, '2025-08-01', 'KA50SR6432', 'Chaudhry and Sons', 'Anay Swaminathan', '4880324540', 'Bullet', 18727);
INSERT INTO Weighbridge (Gatepass_No, Truck_Type, Weight_In, Weight_Out, In_Time, Out_Time) VALUES (1035, 'Bullet', 21574, 21434, '2025-07-19 16:59:39.876832', '2025-07-19 18:59:39.876832');
INSERT INTO Unloading (Vehicle_Number, Truck_Type, Cylinder_Type, Capsule1_MT, Capsule2_MT, Capsule3_MT, Gatepass_No) VALUES ('KA50SR6432', 'Bullet', NULL, 8.67, 8.37, 7.82, 1035);
INSERT INTO Filling_Center (Cylinder_Type, Leakage_Test, Cap_Check, Manual_Test, Gatepass_No) VALUES ('19kg', 1, 0, 1, 1035);
INSERT INTO Security_In VALUES (1036, '2025-07-22', 'PB52AP5120', 'Rachita Om', '9004982132', 'Bullet', 13067);
INSERT INTO Security_Out VALUES (1036, '2025-07-22', 'PB52AP5120', 'Sachdev, Desai and Loke', 'Rachita Om', '9004982132', 'Bullet', 13067);
INSERT INTO Weighbridge (Gatepass_No, Truck_Type, Weight_In, Weight_Out, In_Time, Out_Time) VALUES (1036, 'Bullet', 17725, 17336, '2025-09-11 20:07:55.606729', '2025-09-12 00:07:55.606729');
INSERT INTO Unloading (Vehicle_Number, Truck_Type, Cylinder_Type, Capsule1_MT, Capsule2_MT, Capsule3_MT, Gatepass_No) VALUES ('PB52AP5120', 'Bullet', NULL, 6.87, 9.92, 9.12, 1036);
INSERT INTO Filling_Center (Cylinder_Type, Leakage_Test, Cap_Check, Manual_Test, Gatepass_No) VALUES ('19kg', 1, 1, 0, 1036);
INSERT INTO Security_In VALUES (1037, '2025-07-31', 'PB73JH2156', 'Krishna Choudhry', '8504368559', 'Pack', 17730);
INSERT INTO Security_Out VALUES (1037, '2025-07-31', 'PB73JH2156', 'Din, Chandran and Sachdeva', 'Krishna Choudhry', '8504368559', 'Pack', 17730);
INSERT INTO Weighbridge (Gatepass_No, Truck_Type, Weight_In, Weight_Out, In_Time, Out_Time) VALUES (1037, 'Pack', 19663, 19296, '2025-08-30 16:01:07.072732', '2025-08-30 18:01:07.072732');
INSERT INTO Loading (Truck_Type, Cylinder_Type, Gatepass_No) VALUES ('Pack', '14kg', 1037);
INSERT INTO Unloading (Vehicle_Number, Truck_Type, Cylinder_Type, Capsule1_MT, Capsule2_MT, Capsule3_MT, Gatepass_No) VALUES ('PB73JH2156', 'Pack', '14kg', NULL, NULL, NULL, 1037);
INSERT INTO Filling_Center (Cylinder_Type, Leakage_Test, Cap_Check, Manual_Test, Gatepass_No) VALUES ('10kg', 1, 1, 1, 1037);
INSERT INTO Security_In VALUES (1038, '2025-08-20', 'PB30WF3132', 'Chakradhar Varma', '4318169793', 'Bullet', 16966);
INSERT INTO Security_Out VALUES (1038, '2025-08-20', 'PB30WF3132', 'Varughese-Ravel', 'Chakradhar Varma', '4318169793', 'Bullet', 16966);
INSERT INTO Weighbridge (Gatepass_No, Truck_Type, Weight_In, Weight_Out, In_Time, Out_Time) VALUES (1038, 'Bullet', 20941, 20537, '2025-09-03 10:55:24.633113', '2025-09-03 11:55:24.633113');
INSERT INTO Unloading (Vehicle_Number, Truck_Type, Cylinder_Type, Capsule1_MT, Capsule2_MT, Capsule3_MT, Gatepass_No) VALUES ('PB30WF3132', 'Bullet', NULL, 7.08, 8.0, 5.89, 1038);
INSERT INTO Filling_Center (Cylinder_Type, Leakage_Test, Cap_Check, Manual_Test, Gatepass_No) VALUES ('19kg', 1, 0, 1, 1038);
INSERT INTO Security_In VALUES (1039, '2025-09-07', 'KA37MC2374', 'Watika Vora', '9170144537', 'Bullet', 3322);
INSERT INTO Security_Out VALUES (1039, '2025-09-07', 'KA37MC2374', 'Raval, Gopal and Pillay', 'Watika Vora', '9170144537', 'Bullet', 3322);
INSERT INTO Weighbridge (Gatepass_No, Truck_Type, Weight_In, Weight_Out, In_Time, Out_Time) VALUES (1039, 'Bullet', 8107, 7970, '2025-07-27 04:11:20.872599', '2025-07-27 08:11:20.872599');
INSERT INTO Unloading (Vehicle_Number, Truck_Type, Cylinder_Type, Capsule1_MT, Capsule2_MT, Capsule3_MT, Gatepass_No) VALUES ('KA37MC2374', 'Bullet', NULL, 6.79, 7.03, 9.44, 1039);
INSERT INTO Filling_Center (Cylinder_Type, Leakage_Test, Cap_Check, Manual_Test, Gatepass_No) VALUES ('10kg', 1, 1, 1, 1039);
INSERT INTO Security_In VALUES (1040, '2025-08-07', 'TN50SH5460', 'Xalak Butala', '9289000833', 'Bullet', 12687);
INSERT INTO Security_Out VALUES (1040, '2025-08-07', 'TN50SH5460', 'Toor, Chaudhry and Bhargava', 'Xalak Butala', '9289000833', 'Bullet', 12687);
INSERT INTO Weighbridge (Gatepass_No, Truck_Type, Weight_In, Weight_Out, In_Time, Out_Time) VALUES (1040, 'Bullet', 14810, 14539, '2025-07-19 21:53:59.641358', '2025-07-20 01:53:59.641358');
INSERT INTO Unloading (Vehicle_Number, Truck_Type, Cylinder_Type, Capsule1_MT, Capsule2_MT, Capsule3_MT, Gatepass_No) VALUES ('TN50SH5460', 'Bullet', NULL, 8.28, 5.3, 7.87, 1040);
INSERT INTO Filling_Center (Cylinder_Type, Leakage_Test, Cap_Check, Manual_Test, Gatepass_No) VALUES ('5kg', 0, 1, 0, 1040);
INSERT INTO Security_In VALUES (1041, '2025-09-03', 'TN54BR7282', 'Chaman Kadakia', '1280308737', 'Pack', 16408);
INSERT INTO Security_Out VALUES (1041, '2025-09-03', 'TN54BR7282', 'Saran-Sachar', 'Chaman Kadakia', '1280308737', 'Pack', 16408);
INSERT INTO Weighbridge (Gatepass_No, Truck_Type, Weight_In, Weight_Out, In_Time, Out_Time) VALUES (1041, 'Pack', 19520, 19300, '2025-08-11 06:15:41.345058', '2025-08-11 10:15:41.345058');
INSERT INTO Loading (Truck_Type, Cylinder_Type, Gatepass_No) VALUES ('Pack', '19kg', 1041);
INSERT INTO Unloading (Vehicle_Number, Truck_Type, Cylinder_Type, Capsule1_MT, Capsule2_MT, Capsule3_MT, Gatepass_No) VALUES ('TN54BR7282', 'Pack', '19kg', NULL, NULL, NULL, 1041);
INSERT INTO Filling_Center (Cylinder_Type, Leakage_Test, Cap_Check, Manual_Test, Gatepass_No) VALUES ('19kg', 0, 0, 0, 1041);
INSERT INTO Security_In VALUES (1042, '2025-08-17', 'GJ20TA5503', 'Theodore Patel', '3285652824', 'Pack', 5904);
INSERT INTO Security_Out VALUES (1042, '2025-08-17', 'GJ20TA5503', 'Menon-Bajwa', 'Theodore Patel', '3285652824', 'Pack', 5904);
INSERT INTO Weighbridge (Gatepass_No, Truck_Type, Weight_In, Weight_Out, In_Time, Out_Time) VALUES (1042, 'Pack', 9370, 9253, '2025-07-20 09:29:55.489928', '2025-07-20 12:29:55.489928');
INSERT INTO Loading (Truck_Type, Cylinder_Type, Gatepass_No) VALUES ('Pack', '14kg', 1042);
INSERT INTO Unloading (Vehicle_Number, Truck_Type, Cylinder_Type, Capsule1_MT, Capsule2_MT, Capsule3_MT, Gatepass_No) VALUES ('GJ20TA5503', 'Pack', '14kg', NULL, NULL, NULL, 1042);
INSERT INTO Filling_Center (Cylinder_Type, Leakage_Test, Cap_Check, Manual_Test, Gatepass_No) VALUES ('5kg', 0, 1, 0, 1042);
INSERT INTO Security_In VALUES (1043, '2025-09-06', 'UP22VI8567', 'Isaac Narula', '3112003750', 'Pack', 3872);
INSERT INTO Security_Out VALUES (1043, '2025-09-06', 'UP22VI8567', 'Subramaniam, Shukla and Dubey', 'Isaac Narula', '3112003750', 'Pack', 3872);
INSERT INTO Weighbridge (Gatepass_No, Truck_Type, Weight_In, Weight_Out, In_Time, Out_Time) VALUES (1043, 'Pack', 6100, 5649, '2025-09-01 03:49:37.460152', '2025-09-01 08:49:37.460152');
INSERT INTO Loading (Truck_Type, Cylinder_Type, Gatepass_No) VALUES ('Pack', '19kg', 1043);
INSERT INTO Unloading (Vehicle_Number, Truck_Type, Cylinder_Type, Capsule1_MT, Capsule2_MT, Capsule3_MT, Gatepass_No) VALUES ('UP22VI8567', 'Pack', '19kg', NULL, NULL, NULL, 1043);
INSERT INTO Filling_Center (Cylinder_Type, Leakage_Test, Cap_Check, Manual_Test, Gatepass_No) VALUES ('10kg', 0, 0, 0, 1043);
INSERT INTO Security_In VALUES (1044, '2025-09-05', 'GJ15QW5812', 'Janya Yohannan', '8786316631', 'Bullet', 15121);
INSERT INTO Security_Out VALUES (1044, '2025-09-05', 'GJ15QW5812', 'Sood-Ramesh', 'Janya Yohannan', '8786316631', 'Bullet', 15121);
INSERT INTO Weighbridge (Gatepass_No, Truck_Type, Weight_In, Weight_Out, In_Time, Out_Time) VALUES (1044, 'Bullet', 16135, 15981, '2025-07-20 17:16:56.849263', '2025-07-20 18:16:56.849263');
INSERT INTO Unloading (Vehicle_Number, Truck_Type, Cylinder_Type, Capsule1_MT, Capsule2_MT, Capsule3_MT, Gatepass_No) VALUES ('GJ15QW5812', 'Bullet', NULL, 7.39, 6.76, 6.03, 1044);
INSERT INTO Filling_Center (Cylinder_Type, Leakage_Test, Cap_Check, Manual_Test, Gatepass_No) VALUES ('5kg', 1, 0, 1, 1044);
INSERT INTO Security_In VALUES (1045, '2025-07-21', 'HR64UR2382', 'Raghav Ghose', '7838180170', 'Pack', 13090);
INSERT INTO Security_Out VALUES (1045, '2025-07-21', 'HR64UR2382', 'Tata-Randhawa', 'Raghav Ghose', '7838180170', 'Pack', 13090);
INSERT INTO Weighbridge (Gatepass_No, Truck_Type, Weight_In, Weight_Out, In_Time, Out_Time) VALUES (1045, 'Pack', 15243, 15068, '2025-08-06 07:30:38.808450', '2025-08-06 08:30:38.808450');
INSERT INTO Loading (Truck_Type, Cylinder_Type, Gatepass_No) VALUES ('Pack', '19kg', 1045);
INSERT INTO Unloading (Vehicle_Number, Truck_Type, Cylinder_Type, Capsule1_MT, Capsule2_MT, Capsule3_MT, Gatepass_No) VALUES ('HR64UR2382', 'Pack', '19kg', NULL, NULL, NULL, 1045);
INSERT INTO Filling_Center (Cylinder_Type, Leakage_Test, Cap_Check, Manual_Test, Gatepass_No) VALUES ('5kg', 1, 1, 1, 1045);
INSERT INTO Security_In VALUES (1046, '2025-08-21', 'MH26SA4052', 'Balhaar Bera', '7047320265', 'Bullet', 15130);
INSERT INTO Security_Out VALUES (1046, '2025-08-21', 'MH26SA4052', 'Chatterjee-Nair', 'Balhaar Bera', '7047320265', 'Bullet', 15130);
INSERT INTO Weighbridge (Gatepass_No, Truck_Type, Weight_In, Weight_Out, In_Time, Out_Time) VALUES (1046, 'Bullet', 17294, 16944, '2025-08-01 09:59:19.447333', '2025-08-01 13:59:19.447333');
INSERT INTO Unloading (Vehicle_Number, Truck_Type, Cylinder_Type, Capsule1_MT, Capsule2_MT, Capsule3_MT, Gatepass_No) VALUES ('MH26SA4052', 'Bullet', NULL, 7.02, 9.58, 7.16, 1046);
INSERT INTO Filling_Center (Cylinder_Type, Leakage_Test, Cap_Check, Manual_Test, Gatepass_No) VALUES ('10kg', 0, 0, 1, 1046);
INSERT INTO Security_In VALUES (1047, '2025-08-16', 'HR69EK8477', 'Aayush Dash', '7059591277', 'Bullet', 8597);
INSERT INTO Security_Out VALUES (1047, '2025-08-16', 'HR69EK8477', 'Date LLC', 'Aayush Dash', '7059591277', 'Bullet', 8597);
INSERT INTO Weighbridge (Gatepass_No, Truck_Type, Weight_In, Weight_Out, In_Time, Out_Time) VALUES (1047, 'Bullet', 10252, 10110, '2025-09-02 00:05:00.953717', '2025-09-02 05:05:00.953717');
INSERT INTO Unloading (Vehicle_Number, Truck_Type, Cylinder_Type, Capsule1_MT, Capsule2_MT, Capsule3_MT, Gatepass_No) VALUES ('HR69EK8477', 'Bullet', NULL, 6.15, 7.29, 6.07, 1047);
INSERT INTO Filling_Center (Cylinder_Type, Leakage_Test, Cap_Check, Manual_Test, Gatepass_No) VALUES ('47kg', 1, 1, 1, 1047);
INSERT INTO Security_In VALUES (1048, '2025-08-04', 'PB64OS5115', 'Aadhya Babu', '5450688750', 'Pack', 14476);
INSERT INTO Security_Out VALUES (1048, '2025-08-04', 'PB64OS5115', 'Sarna, Mishra and Contractor', 'Aadhya Babu', '5450688750', 'Pack', 14476);
INSERT INTO Weighbridge (Gatepass_No, Truck_Type, Weight_In, Weight_Out, In_Time, Out_Time) VALUES (1048, 'Pack', 18564, 18337, '2025-08-27 19:40:45.929509', '2025-08-28 00:40:45.929509');
INSERT INTO Loading (Truck_Type, Cylinder_Type, Gatepass_No) VALUES ('Pack', '47kg', 1048);
INSERT INTO Unloading (Vehicle_Number, Truck_Type, Cylinder_Type, Capsule1_MT, Capsule2_MT, Capsule3_MT, Gatepass_No) VALUES ('PB64OS5115', 'Pack', '47kg', NULL, NULL, NULL, 1048);
INSERT INTO Filling_Center (Cylinder_Type, Leakage_Test, Cap_Check, Manual_Test, Gatepass_No) VALUES ('19kg', 1, 0, 0, 1048);
INSERT INTO Security_In VALUES (1049, '2025-07-27', 'UP31NP2393', 'Finn Madan', '1991918714', 'Bullet', 9595);
INSERT INTO Security_Out VALUES (1049, '2025-07-27', 'UP31NP2393', 'Borra-Sachdev', 'Finn Madan', '1991918714', 'Bullet', 9595);
INSERT INTO Weighbridge (Gatepass_No, Truck_Type, Weight_In, Weight_Out, In_Time, Out_Time) VALUES (1049, 'Bullet', 13958, 13636, '2025-07-17 09:35:04.748743', '2025-07-17 11:35:04.748743');
INSERT INTO Unloading (Vehicle_Number, Truck_Type, Cylinder_Type, Capsule1_MT, Capsule2_MT, Capsule3_MT, Gatepass_No) VALUES ('UP31NP2393', 'Bullet', NULL, 9.91, 7.94, 5.53, 1049);
INSERT INTO Filling_Center (Cylinder_Type, Leakage_Test, Cap_Check, Manual_Test, Gatepass_No) VALUES ('19kg', 1, 0, 1, 1049);
INSERT INTO Security_In VALUES (1050, '2025-08-09', 'WB93OZ1103', 'Vasatika Bhatnagar', '5887628321', 'Pack', 11652);
INSERT INTO Security_Out VALUES (1050, '2025-08-09', 'WB93OZ1103', 'Pathak, Dubey and Devan', 'Vasatika Bhatnagar', '5887628321', 'Pack', 11652);
INSERT INTO Weighbridge (Gatepass_No, Truck_Type, Weight_In, Weight_Out, In_Time, Out_Time) VALUES (1050, 'Pack', 14476, 14353, '2025-09-13 14:07:25.718973', '2025-09-13 19:07:25.718973');
INSERT INTO Loading (Truck_Type, Cylinder_Type, Gatepass_No) VALUES ('Pack', '47kg', 1050);
INSERT INTO Unloading (Vehicle_Number, Truck_Type, Cylinder_Type, Capsule1_MT, Capsule2_MT, Capsule3_MT, Gatepass_No) VALUES ('WB93OZ1103', 'Pack', '47kg', NULL, NULL, NULL, 1050);
INSERT INTO Filling_Center (Cylinder_Type, Leakage_Test, Cap_Check, Manual_Test, Gatepass_No) VALUES ('47kg', 0, 0, 1, 1050);
INSERT INTO Security_In VALUES (1051, '2025-07-19', 'PB73ZD9680', 'Chakradev Hans', '4968254392', 'Bullet', 8939);
INSERT INTO Security_Out VALUES (1051, '2025-07-19', 'PB73ZD9680', 'Nagy-Kari', 'Chakradev Hans', '4968254392', 'Bullet', 8939);
INSERT INTO Weighbridge (Gatepass_No, Truck_Type, Weight_In, Weight_Out, In_Time, Out_Time) VALUES (1051, 'Bullet', 12605, 12265, '2025-08-17 10:40:22.100844', '2025-08-17 13:40:22.100844');
INSERT INTO Unloading (Vehicle_Number, Truck_Type, Cylinder_Type, Capsule1_MT, Capsule2_MT, Capsule3_MT, Gatepass_No) VALUES ('PB73ZD9680', 'Bullet', NULL, 9.18, 5.86, 8.86, 1051);
INSERT INTO Filling_Center (Cylinder_Type, Leakage_Test, Cap_Check, Manual_Test, Gatepass_No) VALUES ('47kg', 1, 0, 1, 1051);
INSERT INTO Security_In VALUES (1052, '2025-08-03', 'TN71KG3658', 'Urvashi Chaudhry', '6621877431', 'Bullet', 579);
INSERT INTO Security_Out VALUES (1052, '2025-08-03', 'TN71KG3658', 'Chokshi LLC', 'Urvashi Chaudhry', '6621877431', 'Bullet', 579);
INSERT INTO Weighbridge (Gatepass_No, Truck_Type, Weight_In, Weight_Out, In_Time, Out_Time) VALUES (1052, 'Bullet', 3628, 3320, '2025-09-09 15:38:15.044281', '2025-09-09 17:38:15.044281');
INSERT INTO Unloading (Vehicle_Number, Truck_Type, Cylinder_Type, Capsule1_MT, Capsule2_MT, Capsule3_MT, Gatepass_No) VALUES ('TN71KG3658', 'Bullet', NULL, 6.57, 5.74, 9.75, 1052);
INSERT INTO Filling_Center (Cylinder_Type, Leakage_Test, Cap_Check, Manual_Test, Gatepass_No) VALUES ('14.5kg', 1, 1, 1, 1052);
INSERT INTO Security_In VALUES (1053, '2025-09-07', 'KA91KE6542', 'Max Lall', '4178125214', 'Pack', 14113);
INSERT INTO Security_Out VALUES (1053, '2025-09-07', 'KA91KE6542', 'Suresh, Khurana and Devan', 'Max Lall', '4178125214', 'Pack', 14113);
INSERT INTO Weighbridge (Gatepass_No, Truck_Type, Weight_In, Weight_Out, In_Time, Out_Time) VALUES (1053, 'Pack', 16470, 16009, '2025-08-23 21:22:50.474174', '2025-08-23 23:22:50.474174');
INSERT INTO Loading (Truck_Type, Cylinder_Type, Gatepass_No) VALUES ('Pack', '14kg', 1053);
INSERT INTO Unloading (Vehicle_Number, Truck_Type, Cylinder_Type, Capsule1_MT, Capsule2_MT, Capsule3_MT, Gatepass_No) VALUES ('KA91KE6542', 'Pack', '14kg', NULL, NULL, NULL, 1053);
INSERT INTO Filling_Center (Cylinder_Type, Leakage_Test, Cap_Check, Manual_Test, Gatepass_No) VALUES ('47kg', 0, 1, 1, 1053);
INSERT INTO Security_In VALUES (1054, '2025-08-09', 'RJ28ZQ6386', 'Mitali Buch', '7115217307', 'Bullet', 5268);
INSERT INTO Security_Out VALUES (1054, '2025-08-09', 'RJ28ZQ6386', 'Dash PLC', 'Mitali Buch', '7115217307', 'Bullet', 5268);
INSERT INTO Weighbridge (Gatepass_No, Truck_Type, Weight_In, Weight_Out, In_Time, Out_Time) VALUES (1054, 'Bullet', 8673, 8427, '2025-09-01 00:58:11.471757', '2025-09-01 01:58:11.471757');
INSERT INTO Unloading (Vehicle_Number, Truck_Type, Cylinder_Type, Capsule1_MT, Capsule2_MT, Capsule3_MT, Gatepass_No) VALUES ('RJ28ZQ6386', 'Bullet', NULL, 7.91, 6.34, 7.62, 1054);
INSERT INTO Filling_Center (Cylinder_Type, Leakage_Test, Cap_Check, Manual_Test, Gatepass_No) VALUES ('47kg', 1, 0, 1, 1054);
INSERT INTO Security_In VALUES (1055, '2025-07-22', 'UP46BO4752', 'Azaan Rege', '6990336486', 'Pack', 10568);
INSERT INTO Security_Out VALUES (1055, '2025-07-22', 'UP46BO4752', 'Cherian, Oak and De', 'Azaan Rege', '6990336486', 'Pack', 10568);
INSERT INTO Weighbridge (Gatepass_No, Truck_Type, Weight_In, Weight_Out, In_Time, Out_Time) VALUES (1055, 'Pack', 13295, 13031, '2025-08-04 17:24:58.001024', '2025-08-04 20:24:58.001024');
INSERT INTO Loading (Truck_Type, Cylinder_Type, Gatepass_No) VALUES ('Pack', '14kg', 1055);
INSERT INTO Unloading (Vehicle_Number, Truck_Type, Cylinder_Type, Capsule1_MT, Capsule2_MT, Capsule3_MT, Gatepass_No) VALUES ('UP46BO4752', 'Pack', '14kg', NULL, NULL, NULL, 1055);
INSERT INTO Filling_Center (Cylinder_Type, Leakage_Test, Cap_Check, Manual_Test, Gatepass_No) VALUES ('5kg', 1, 0, 1, 1055);
INSERT INTO Security_In VALUES (1056, '2025-07-26', 'PB66CU9193', 'Chavvi Gola', '1424892262', 'Pack', 620);
INSERT INTO Security_Out VALUES (1056, '2025-07-26', 'PB66CU9193', 'Sur-Upadhyay', 'Chavvi Gola', '1424892262', 'Pack', 620);
INSERT INTO Weighbridge (Gatepass_No, Truck_Type, Weight_In, Weight_Out, In_Time, Out_Time) VALUES (1056, 'Pack', 2243, 2128, '2025-08-12 07:38:27.904737', '2025-08-12 12:38:27.904737');
INSERT INTO Loading (Truck_Type, Cylinder_Type, Gatepass_No) VALUES ('Pack', '19kg', 1056);
INSERT INTO Unloading (Vehicle_Number, Truck_Type, Cylinder_Type, Capsule1_MT, Capsule2_MT, Capsule3_MT, Gatepass_No) VALUES ('PB66CU9193', 'Pack', '19kg', NULL, NULL, NULL, 1056);
INSERT INTO Filling_Center (Cylinder_Type, Leakage_Test, Cap_Check, Manual_Test, Gatepass_No) VALUES ('5kg', 1, 1, 1, 1056);
INSERT INTO Security_In VALUES (1057, '2025-08-10', 'GJ60FG3498', 'Ayaan Nori', '6272180553', 'Bullet', 10795);
INSERT INTO Security_Out VALUES (1057, '2025-08-10', 'GJ60FG3498', 'Chadha, Buch and Chana', 'Ayaan Nori', '6272180553', 'Bullet', 10795);
INSERT INTO Weighbridge (Gatepass_No, Truck_Type, Weight_In, Weight_Out, In_Time, Out_Time) VALUES (1057, 'Bullet', 15183, 14954, '2025-07-21 12:53:40.914311', '2025-07-21 17:53:40.914311');
INSERT INTO Unloading (Vehicle_Number, Truck_Type, Cylinder_Type, Capsule1_MT, Capsule2_MT, Capsule3_MT, Gatepass_No) VALUES ('GJ60FG3498', 'Bullet', NULL, 6.73, 5.16, 7.16, 1057);
INSERT INTO Filling_Center (Cylinder_Type, Leakage_Test, Cap_Check, Manual_Test, Gatepass_No) VALUES ('5kg', 0, 1, 0, 1057);
INSERT INTO Security_In VALUES (1058, '2025-07-28', 'MH36LW4885', 'Isha Hans', '0468888539', 'Bullet', 9204);
INSERT INTO Security_Out VALUES (1058, '2025-07-28', 'MH36LW4885', 'Patel-Mani', 'Isha Hans', '0468888539', 'Bullet', 9204);
INSERT INTO Weighbridge (Gatepass_No, Truck_Type, Weight_In, Weight_Out, In_Time, Out_Time) VALUES (1058, 'Bullet', 11098, 10869, '2025-08-24 19:11:32.833855', '2025-08-24 20:11:32.833855');
INSERT INTO Unloading (Vehicle_Number, Truck_Type, Cylinder_Type, Capsule1_MT, Capsule2_MT, Capsule3_MT, Gatepass_No) VALUES ('MH36LW4885', 'Bullet', NULL, 9.97, 6.66, 6.43, 1058);
INSERT INTO Filling_Center (Cylinder_Type, Leakage_Test, Cap_Check, Manual_Test, Gatepass_No) VALUES ('19kg', 1, 0, 1, 1058);
INSERT INTO Security_In VALUES (1059, '2025-08-23', 'DL58TZ7668', 'Anthony Bhargava', '2125119830', 'Bullet', 9084);
INSERT INTO Security_Out VALUES (1059, '2025-08-23', 'DL58TZ7668', 'Mohanty, Mishra and Sundaram', 'Anthony Bhargava', '2125119830', 'Bullet', 9084);
INSERT INTO Weighbridge (Gatepass_No, Truck_Type, Weight_In, Weight_Out, In_Time, Out_Time) VALUES (1059, 'Bullet', 10727, 10503, '2025-07-19 07:45:36.799147', '2025-07-19 08:45:36.799147');
INSERT INTO Unloading (Vehicle_Number, Truck_Type, Cylinder_Type, Capsule1_MT, Capsule2_MT, Capsule3_MT, Gatepass_No) VALUES ('DL58TZ7668', 'Bullet', NULL, 8.39, 6.16, 7.42, 1059);
INSERT INTO Filling_Center (Cylinder_Type, Leakage_Test, Cap_Check, Manual_Test, Gatepass_No) VALUES ('10kg', 1, 1, 0, 1059);
INSERT INTO Security_In VALUES (1060, '2025-09-03', 'PB44PJ2106', 'Alka Pillay', '1812772859', 'Pack', 586);
INSERT INTO Security_Out VALUES (1060, '2025-09-03', 'PB44PJ2106', 'Dhillon and Sons', 'Alka Pillay', '1812772859', 'Pack', 586);
INSERT INTO Weighbridge (Gatepass_No, Truck_Type, Weight_In, Weight_Out, In_Time, Out_Time) VALUES (1060, 'Pack', 5515, 5353, '2025-08-18 09:15:19.404127', '2025-08-18 12:15:19.404127');
INSERT INTO Loading (Truck_Type, Cylinder_Type, Gatepass_No) VALUES ('Pack', '14kg', 1060);
INSERT INTO Unloading (Vehicle_Number, Truck_Type, Cylinder_Type, Capsule1_MT, Capsule2_MT, Capsule3_MT, Gatepass_No) VALUES ('PB44PJ2106', 'Pack', '14kg', NULL, NULL, NULL, 1060);
INSERT INTO Filling_Center (Cylinder_Type, Leakage_Test, Cap_Check, Manual_Test, Gatepass_No) VALUES ('5kg', 1, 0, 0, 1060);
INSERT INTO Security_In VALUES (1061, '2025-09-04', 'WB46LM4393', 'Pallavi Reddy', '6579941226', 'Pack', 14472);
INSERT INTO Security_Out VALUES (1061, '2025-09-04', 'WB46LM4393', 'Butala-Hayer', 'Pallavi Reddy', '6579941226', 'Pack', 14472);
INSERT INTO Weighbridge (Gatepass_No, Truck_Type, Weight_In, Weight_Out, In_Time, Out_Time) VALUES (1061, 'Pack', 19214, 19043, '2025-09-15 00:29:36.588182', '2025-09-15 02:29:36.588182');
INSERT INTO Loading (Truck_Type, Cylinder_Type, Gatepass_No) VALUES ('Pack', '19kg', 1061);
INSERT INTO Unloading (Vehicle_Number, Truck_Type, Cylinder_Type, Capsule1_MT, Capsule2_MT, Capsule3_MT, Gatepass_No) VALUES ('WB46LM4393', 'Pack', '19kg', NULL, NULL, NULL, 1061);
INSERT INTO Filling_Center (Cylinder_Type, Leakage_Test, Cap_Check, Manual_Test, Gatepass_No) VALUES ('5kg', 0, 0, 0, 1061);
INSERT INTO Security_In VALUES (1062, '2025-09-01', 'MH36YO9073', 'Qadim Palla', '0540504067', 'Pack', 7193);
INSERT INTO Security_Out VALUES (1062, '2025-09-01', 'MH36YO9073', 'Varma-More', 'Qadim Palla', '0540504067', 'Pack', 7193);
INSERT INTO Weighbridge (Gatepass_No, Truck_Type, Weight_In, Weight_Out, In_Time, Out_Time) VALUES (1062, 'Pack', 10954, 10618, '2025-08-05 17:53:03.533065', '2025-08-05 22:53:03.533065');
INSERT INTO Loading (Truck_Type, Cylinder_Type, Gatepass_No) VALUES ('Pack', '19kg', 1062);
INSERT INTO Unloading (Vehicle_Number, Truck_Type, Cylinder_Type, Capsule1_MT, Capsule2_MT, Capsule3_MT, Gatepass_No) VALUES ('MH36YO9073', 'Pack', '19kg', NULL, NULL, NULL, 1062);
INSERT INTO Filling_Center (Cylinder_Type, Leakage_Test, Cap_Check, Manual_Test, Gatepass_No) VALUES ('5kg', 1, 0, 0, 1062);
INSERT INTO Security_In VALUES (1063, '2025-09-08', 'KA72XS7606', 'Kalpit Peri', '2828701990', 'Bullet', 9044);
INSERT INTO Security_Out VALUES (1063, '2025-09-08', 'KA72XS7606', 'Garg-Lata', 'Kalpit Peri', '2828701990', 'Bullet', 9044);
INSERT INTO Weighbridge (Gatepass_No, Truck_Type, Weight_In, Weight_Out, In_Time, Out_Time) VALUES (1063, 'Bullet', 11182, 10790, '2025-07-19 20:18:45.278729', '2025-07-20 00:18:45.278729');
INSERT INTO Unloading (Vehicle_Number, Truck_Type, Cylinder_Type, Capsule1_MT, Capsule2_MT, Capsule3_MT, Gatepass_No) VALUES ('KA72XS7606', 'Bullet', NULL, 8.14, 9.71, 9.11, 1063);
INSERT INTO Filling_Center (Cylinder_Type, Leakage_Test, Cap_Check, Manual_Test, Gatepass_No) VALUES ('5kg', 1, 1, 1, 1063);
INSERT INTO Security_In VALUES (1064, '2025-09-12', 'GJ33EX6897', 'Amruta Barad', '3666495964', 'Bullet', 12924);
INSERT INTO Security_Out VALUES (1064, '2025-09-12', 'GJ33EX6897', 'Barad, Raju and Gandhi', 'Amruta Barad', '3666495964', 'Bullet', 12924);
INSERT INTO Weighbridge (Gatepass_No, Truck_Type, Weight_In, Weight_Out, In_Time, Out_Time) VALUES (1064, 'Bullet', 15401, 15148, '2025-07-28 06:24:53.878000', '2025-07-28 11:24:53.878000');
INSERT INTO Unloading (Vehicle_Number, Truck_Type, Cylinder_Type, Capsule1_MT, Capsule2_MT, Capsule3_MT, Gatepass_No) VALUES ('GJ33EX6897', 'Bullet', NULL, 6.07, 6.72, 8.08, 1064);
INSERT INTO Filling_Center (Cylinder_Type, Leakage_Test, Cap_Check, Manual_Test, Gatepass_No) VALUES ('5kg', 1, 1, 0, 1064);
INSERT INTO Security_In VALUES (1065, '2025-08-23', 'KA92NL4115', 'Max Bumb', '1668639938', 'Pack', 15408);
INSERT INTO Security_Out VALUES (1065, '2025-08-23', 'KA92NL4115', 'Nagi-Gulati', 'Max Bumb', '1668639938', 'Pack', 15408);
INSERT INTO Weighbridge (Gatepass_No, Truck_Type, Weight_In, Weight_Out, In_Time, Out_Time) VALUES (1065, 'Pack', 19748, 19565, '2025-08-11 12:42:15.672540', '2025-08-11 13:42:15.672540');
INSERT INTO Loading (Truck_Type, Cylinder_Type, Gatepass_No) VALUES ('Pack', '19kg', 1065);
INSERT INTO Unloading (Vehicle_Number, Truck_Type, Cylinder_Type, Capsule1_MT, Capsule2_MT, Capsule3_MT, Gatepass_No) VALUES ('KA92NL4115', 'Pack', '19kg', NULL, NULL, NULL, 1065);
INSERT INTO Filling_Center (Cylinder_Type, Leakage_Test, Cap_Check, Manual_Test, Gatepass_No) VALUES ('5kg', 0, 1, 0, 1065);
INSERT INTO Security_In VALUES (1066, '2025-08-29', 'HR95QM5933', 'Balveer Brar', '2991363508', 'Bullet', 10515);
INSERT INTO Security_Out VALUES (1066, '2025-08-29', 'HR95QM5933', 'Swamy Ltd', 'Balveer Brar', '2991363508', 'Bullet', 10515);
INSERT INTO Weighbridge (Gatepass_No, Truck_Type, Weight_In, Weight_Out, In_Time, Out_Time) VALUES (1066, 'Bullet', 12098, 11735, '2025-08-15 22:31:09.284964', '2025-08-15 23:31:09.284964');
INSERT INTO Unloading (Vehicle_Number, Truck_Type, Cylinder_Type, Capsule1_MT, Capsule2_MT, Capsule3_MT, Gatepass_No) VALUES ('HR95QM5933', 'Bullet', NULL, 7.18, 7.75, 9.32, 1066);
INSERT INTO Filling_Center (Cylinder_Type, Leakage_Test, Cap_Check, Manual_Test, Gatepass_No) VALUES ('10kg', 1, 1, 0, 1066);
INSERT INTO Security_In VALUES (1067, '2025-09-03', 'KA68DZ5323', 'Harini Goyal', '4583877072', 'Pack', 8919);
INSERT INTO Security_Out VALUES (1067, '2025-09-03', 'KA68DZ5323', 'Kalita-Acharya', 'Harini Goyal', '4583877072', 'Pack', 8919);
INSERT INTO Weighbridge (Gatepass_No, Truck_Type, Weight_In, Weight_Out, In_Time, Out_Time) VALUES (1067, 'Pack', 10215, 9718, '2025-08-09 21:42:55.458457', '2025-08-09 23:42:55.458457');
INSERT INTO Loading (Truck_Type, Cylinder_Type, Gatepass_No) VALUES ('Pack', '47kg', 1067);
INSERT INTO Unloading (Vehicle_Number, Truck_Type, Cylinder_Type, Capsule1_MT, Capsule2_MT, Capsule3_MT, Gatepass_No) VALUES ('KA68DZ5323', 'Pack', '47kg', NULL, NULL, NULL, 1067);
INSERT INTO Filling_Center (Cylinder_Type, Leakage_Test, Cap_Check, Manual_Test, Gatepass_No) VALUES ('19kg', 1, 1, 0, 1067);
INSERT INTO Security_In VALUES (1068, '2025-08-01', 'RJ15RZ4935', 'Vyanjana Seshadri', '5025269000', 'Bullet', 14037);
INSERT INTO Security_Out VALUES (1068, '2025-08-01', 'RJ15RZ4935', 'Prashad-Baria', 'Vyanjana Seshadri', '5025269000', 'Bullet', 14037);
INSERT INTO Weighbridge (Gatepass_No, Truck_Type, Weight_In, Weight_Out, In_Time, Out_Time) VALUES (1068, 'Bullet', 18190, 18047, '2025-08-19 00:10:23.907508', '2025-08-19 05:10:23.907508');
INSERT INTO Unloading (Vehicle_Number, Truck_Type, Cylinder_Type, Capsule1_MT, Capsule2_MT, Capsule3_MT, Gatepass_No) VALUES ('RJ15RZ4935', 'Bullet', NULL, 7.01, 9.15, 9.31, 1068);
INSERT INTO Filling_Center (Cylinder_Type, Leakage_Test, Cap_Check, Manual_Test, Gatepass_No) VALUES ('10kg', 1, 0, 0, 1068);
INSERT INTO Security_In VALUES (1069, '2025-08-09', 'MH59NT3593', 'Pranav Devi', '3867096175', 'Bullet', 7866);
INSERT INTO Security_Out VALUES (1069, '2025-08-09', 'MH59NT3593', 'Mukhopadhyay and Sons', 'Pranav Devi', '3867096175', 'Bullet', 7866);
INSERT INTO Weighbridge (Gatepass_No, Truck_Type, Weight_In, Weight_Out, In_Time, Out_Time) VALUES (1069, 'Bullet', 10353, 9936, '2025-09-07 17:09:26.296885', '2025-09-07 21:09:26.296885');
INSERT INTO Unloading (Vehicle_Number, Truck_Type, Cylinder_Type, Capsule1_MT, Capsule2_MT, Capsule3_MT, Gatepass_No) VALUES ('MH59NT3593', 'Bullet', NULL, 9.88, 6.61, 6.92, 1069);
INSERT INTO Filling_Center (Cylinder_Type, Leakage_Test, Cap_Check, Manual_Test, Gatepass_No) VALUES ('5kg', 0, 0, 1, 1069);
INSERT INTO Security_In VALUES (1070, '2025-07-31', 'RJ89QP5483', 'Eiravati Kale', '7980629935', 'Bullet', 16681);
INSERT INTO Security_Out VALUES (1070, '2025-07-31', 'RJ89QP5483', 'Borra, Dutt and Dey', 'Eiravati Kale', '7980629935', 'Bullet', 16681);
INSERT INTO Weighbridge (Gatepass_No, Truck_Type, Weight_In, Weight_Out, In_Time, Out_Time) VALUES (1070, 'Bullet', 18386, 18185, '2025-07-17 19:23:15.179425', '2025-07-17 23:23:15.179425');
INSERT INTO Unloading (Vehicle_Number, Truck_Type, Cylinder_Type, Capsule1_MT, Capsule2_MT, Capsule3_MT, Gatepass_No) VALUES ('RJ89QP5483', 'Bullet', NULL, 8.35, 6.48, 9.22, 1070);
INSERT INTO Filling_Center (Cylinder_Type, Leakage_Test, Cap_Check, Manual_Test, Gatepass_No) VALUES ('10kg', 0, 1, 1, 1070);
INSERT INTO Security_In VALUES (1071, '2025-08-27', 'WB48QQ5784', 'Rehaan Trivedi', '5131566523', 'Pack', 12968);
INSERT INTO Security_Out VALUES (1071, '2025-08-27', 'WB48QQ5784', 'Narain, Kari and Shan', 'Rehaan Trivedi', '5131566523', 'Pack', 12968);
INSERT INTO Weighbridge (Gatepass_No, Truck_Type, Weight_In, Weight_Out, In_Time, Out_Time) VALUES (1071, 'Pack', 16933, 16693, '2025-07-22 21:48:55.151836', '2025-07-23 00:48:55.151836');
INSERT INTO Loading (Truck_Type, Cylinder_Type, Gatepass_No) VALUES ('Pack', '14kg', 1071);
INSERT INTO Unloading (Vehicle_Number, Truck_Type, Cylinder_Type, Capsule1_MT, Capsule2_MT, Capsule3_MT, Gatepass_No) VALUES ('WB48QQ5784', 'Pack', '14kg', NULL, NULL, NULL, 1071);
INSERT INTO Filling_Center (Cylinder_Type, Leakage_Test, Cap_Check, Manual_Test, Gatepass_No) VALUES ('5kg', 1, 0, 1, 1071);
INSERT INTO Security_In VALUES (1072, '2025-09-06', 'TN38RV2445', 'Brinda Dewan', '1239151225', 'Pack', 1736);
INSERT INTO Security_Out VALUES (1072, '2025-09-06', 'TN38RV2445', 'Jaggi and Sons', 'Brinda Dewan', '1239151225', 'Pack', 1736);
INSERT INTO Weighbridge (Gatepass_No, Truck_Type, Weight_In, Weight_Out, In_Time, Out_Time) VALUES (1072, 'Pack', 3681, 3276, '2025-08-08 15:01:34.639188', '2025-08-08 16:01:34.639188');
INSERT INTO Loading (Truck_Type, Cylinder_Type, Gatepass_No) VALUES ('Pack', '47kg', 1072);
INSERT INTO Unloading (Vehicle_Number, Truck_Type, Cylinder_Type, Capsule1_MT, Capsule2_MT, Capsule3_MT, Gatepass_No) VALUES ('TN38RV2445', 'Pack', '47kg', NULL, NULL, NULL, 1072);
INSERT INTO Filling_Center (Cylinder_Type, Leakage_Test, Cap_Check, Manual_Test, Gatepass_No) VALUES ('10kg', 1, 1, 0, 1072);
INSERT INTO Security_In VALUES (1073, '2025-07-19', 'PB37WA7397', 'Samuel Sagar', '3666499178', 'Pack', 15388);
INSERT INTO Security_Out VALUES (1073, '2025-07-19', 'PB37WA7397', 'Hayre, Goda and Rai', 'Samuel Sagar', '3666499178', 'Pack', 15388);
INSERT INTO Weighbridge (Gatepass_No, Truck_Type, Weight_In, Weight_Out, In_Time, Out_Time) VALUES (1073, 'Pack', 19550, 19184, '2025-07-23 10:12:21.163455', '2025-07-23 11:12:21.163455');
INSERT INTO Loading (Truck_Type, Cylinder_Type, Gatepass_No) VALUES ('Pack', '14kg', 1073);
INSERT INTO Unloading (Vehicle_Number, Truck_Type, Cylinder_Type, Capsule1_MT, Capsule2_MT, Capsule3_MT, Gatepass_No) VALUES ('PB37WA7397', 'Pack', '14kg', NULL, NULL, NULL, 1073);
INSERT INTO Filling_Center (Cylinder_Type, Leakage_Test, Cap_Check, Manual_Test, Gatepass_No) VALUES ('10kg', 0, 0, 0, 1073);
INSERT INTO Security_In VALUES (1074, '2025-08-15', 'PB39WL9202', 'Amaira Bhatnagar', '3289078652', 'Bullet', 16685);
INSERT INTO Security_Out VALUES (1074, '2025-08-15', 'PB39WL9202', 'Pant, Andra and Samra', 'Amaira Bhatnagar', '3289078652', 'Bullet', 16685);
INSERT INTO Weighbridge (Gatepass_No, Truck_Type, Weight_In, Weight_Out, In_Time, Out_Time) VALUES (1074, 'Bullet', 20662, 20175, '2025-08-01 22:09:26.179249', '2025-08-02 00:09:26.179249');
INSERT INTO Unloading (Vehicle_Number, Truck_Type, Cylinder_Type, Capsule1_MT, Capsule2_MT, Capsule3_MT, Gatepass_No) VALUES ('PB39WL9202', 'Bullet', NULL, 7.26, 8.63, 8.4, 1074);
INSERT INTO Filling_Center (Cylinder_Type, Leakage_Test, Cap_Check, Manual_Test, Gatepass_No) VALUES ('5kg', 1, 0, 1, 1074);
INSERT INTO Security_In VALUES (1075, '2025-08-28', 'WB26QU6665', 'Abhiram Dara', '9662444343', 'Pack', 6044);
INSERT INTO Security_Out VALUES (1075, '2025-08-28', 'WB26QU6665', 'Kalita-Sha', 'Abhiram Dara', '9662444343', 'Pack', 6044);
INSERT INTO Weighbridge (Gatepass_No, Truck_Type, Weight_In, Weight_Out, In_Time, Out_Time) VALUES (1075, 'Pack', 7793, 7501, '2025-08-23 02:18:42.450012', '2025-08-23 04:18:42.450012');
INSERT INTO Loading (Truck_Type, Cylinder_Type, Gatepass_No) VALUES ('Pack', '14kg', 1075);
INSERT INTO Unloading (Vehicle_Number, Truck_Type, Cylinder_Type, Capsule1_MT, Capsule2_MT, Capsule3_MT, Gatepass_No) VALUES ('WB26QU6665', 'Pack', '14kg', NULL, NULL, NULL, 1075);
INSERT INTO Filling_Center (Cylinder_Type, Leakage_Test, Cap_Check, Manual_Test, Gatepass_No) VALUES ('14.5kg', 0, 0, 1, 1075);
INSERT INTO Security_In VALUES (1076, '2025-08-05', 'KA43SB6959', 'Ria Kunda', '3668264804', 'Pack', 8847);
INSERT INTO Security_Out VALUES (1076, '2025-08-05', 'KA43SB6959', 'Madan-Maharaj', 'Ria Kunda', '3668264804', 'Pack', 8847);
INSERT INTO Weighbridge (Gatepass_No, Truck_Type, Weight_In, Weight_Out, In_Time, Out_Time) VALUES (1076, 'Pack', 11391, 11172, '2025-08-21 21:35:22.670595', '2025-08-21 23:35:22.670595');
INSERT INTO Loading (Truck_Type, Cylinder_Type, Gatepass_No) VALUES ('Pack', '19kg', 1076);
INSERT INTO Unloading (Vehicle_Number, Truck_Type, Cylinder_Type, Capsule1_MT, Capsule2_MT, Capsule3_MT, Gatepass_No) VALUES ('KA43SB6959', 'Pack', '19kg', NULL, NULL, NULL, 1076);
INSERT INTO Filling_Center (Cylinder_Type, Leakage_Test, Cap_Check, Manual_Test, Gatepass_No) VALUES ('19kg', 0, 0, 1, 1076);
INSERT INTO Security_In VALUES (1077, '2025-09-03', 'MH57HH9773', 'Omisha Sabharwal', '5028047763', 'Pack', 13959);
INSERT INTO Security_Out VALUES (1077, '2025-09-03', 'MH57HH9773', 'Desai-Madan', 'Omisha Sabharwal', '5028047763', 'Pack', 13959);
INSERT INTO Weighbridge (Gatepass_No, Truck_Type, Weight_In, Weight_Out, In_Time, Out_Time) VALUES (1077, 'Pack', 16009, 15562, '2025-08-15 07:02:37.485905', '2025-08-15 09:02:37.485905');
INSERT INTO Loading (Truck_Type, Cylinder_Type, Gatepass_No) VALUES ('Pack', '47kg', 1077);
INSERT INTO Unloading (Vehicle_Number, Truck_Type, Cylinder_Type, Capsule1_MT, Capsule2_MT, Capsule3_MT, Gatepass_No) VALUES ('MH57HH9773', 'Pack', '47kg', NULL, NULL, NULL, 1077);
INSERT INTO Filling_Center (Cylinder_Type, Leakage_Test, Cap_Check, Manual_Test, Gatepass_No) VALUES ('14.5kg', 1, 0, 1, 1077);
INSERT INTO Security_In VALUES (1078, '2025-08-30', 'PB22HS1685', 'Krishna Mall', '0625568983', 'Pack', 7041);
INSERT INTO Security_Out VALUES (1078, '2025-08-30', 'PB22HS1685', 'Borde-Rai', 'Krishna Mall', '0625568983', 'Pack', 7041);
INSERT INTO Weighbridge (Gatepass_No, Truck_Type, Weight_In, Weight_Out, In_Time, Out_Time) VALUES (1078, 'Pack', 10606, 10465, '2025-07-29 05:01:53.253230', '2025-07-29 10:01:53.253230');
INSERT INTO Loading (Truck_Type, Cylinder_Type, Gatepass_No) VALUES ('Pack', '14kg', 1078);
INSERT INTO Unloading (Vehicle_Number, Truck_Type, Cylinder_Type, Capsule1_MT, Capsule2_MT, Capsule3_MT, Gatepass_No) VALUES ('PB22HS1685', 'Pack', '14kg', NULL, NULL, NULL, 1078);
INSERT INTO Filling_Center (Cylinder_Type, Leakage_Test, Cap_Check, Manual_Test, Gatepass_No) VALUES ('19kg', 0, 0, 0, 1078);
INSERT INTO Security_In VALUES (1079, '2025-08-16', 'WB84MJ7565', 'Aarnav Sen', '1231762701', 'Bullet', 7768);
INSERT INTO Security_Out VALUES (1079, '2025-08-16', 'WB84MJ7565', 'Chowdhury-Venkataraman', 'Aarnav Sen', '1231762701', 'Bullet', 7768);
INSERT INTO Weighbridge (Gatepass_No, Truck_Type, Weight_In, Weight_Out, In_Time, Out_Time) VALUES (1079, 'Bullet', 11357, 11162, '2025-08-26 05:52:25.712368', '2025-08-26 06:52:25.712368');
INSERT INTO Unloading (Vehicle_Number, Truck_Type, Cylinder_Type, Capsule1_MT, Capsule2_MT, Capsule3_MT, Gatepass_No) VALUES ('WB84MJ7565', 'Bullet', NULL, 9.91, 9.96, 5.45, 1079);
INSERT INTO Filling_Center (Cylinder_Type, Leakage_Test, Cap_Check, Manual_Test, Gatepass_No) VALUES ('47kg', 1, 1, 1, 1079);
INSERT INTO Security_In VALUES (1080, '2025-08-20', 'GJ73GJ7687', 'Udyati Kothari', '3892147271', 'Bullet', 15133);
INSERT INTO Security_Out VALUES (1080, '2025-08-20', 'GJ73GJ7687', 'Chawla LLC', 'Udyati Kothari', '3892147271', 'Bullet', 15133);
INSERT INTO Weighbridge (Gatepass_No, Truck_Type, Weight_In, Weight_Out, In_Time, Out_Time) VALUES (1080, 'Bullet', 19126, 18790, '2025-07-30 06:15:06.145925', '2025-07-30 11:15:06.145925');
INSERT INTO Unloading (Vehicle_Number, Truck_Type, Cylinder_Type, Capsule1_MT, Capsule2_MT, Capsule3_MT, Gatepass_No) VALUES ('GJ73GJ7687', 'Bullet', NULL, 5.61, 7.9, 7.34, 1080);
INSERT INTO Filling_Center (Cylinder_Type, Leakage_Test, Cap_Check, Manual_Test, Gatepass_No) VALUES ('5kg', 0, 0, 1, 1080);
INSERT INTO Security_In VALUES (1081, '2025-08-09', 'WB94SY1664', 'Nachiket Bhat', '4275285332', 'Pack', 16071);
INSERT INTO Security_Out VALUES (1081, '2025-08-09', 'WB94SY1664', 'Din and Sons', 'Nachiket Bhat', '4275285332', 'Pack', 16071);
INSERT INTO Weighbridge (Gatepass_No, Truck_Type, Weight_In, Weight_Out, In_Time, Out_Time) VALUES (1081, 'Pack', 19384, 19065, '2025-09-14 10:01:38.776064', '2025-09-14 14:01:38.776064');
INSERT INTO Loading (Truck_Type, Cylinder_Type, Gatepass_No) VALUES ('Pack', '47kg', 1081);
INSERT INTO Unloading (Vehicle_Number, Truck_Type, Cylinder_Type, Capsule1_MT, Capsule2_MT, Capsule3_MT, Gatepass_No) VALUES ('WB94SY1664', 'Pack', '47kg', NULL, NULL, NULL, 1081);
INSERT INTO Filling_Center (Cylinder_Type, Leakage_Test, Cap_Check, Manual_Test, Gatepass_No) VALUES ('5kg', 1, 0, 0, 1081);
INSERT INTO Security_In VALUES (1082, '2025-08-28', 'RJ77YB8566', 'Manthan Madan', '0060855571', 'Bullet', 522);
INSERT INTO Security_Out VALUES (1082, '2025-08-28', 'RJ77YB8566', 'Sha, Datta and Deep', 'Manthan Madan', '0060855571', 'Bullet', 522);
INSERT INTO Weighbridge (Gatepass_No, Truck_Type, Weight_In, Weight_Out, In_Time, Out_Time) VALUES (1082, 'Bullet', 1628, 1180, '2025-07-25 22:11:50.025957', '2025-07-26 02:11:50.025957');
INSERT INTO Unloading (Vehicle_Number, Truck_Type, Cylinder_Type, Capsule1_MT, Capsule2_MT, Capsule3_MT, Gatepass_No) VALUES ('RJ77YB8566', 'Bullet', NULL, 7.42, 6.0, 5.47, 1082);
INSERT INTO Filling_Center (Cylinder_Type, Leakage_Test, Cap_Check, Manual_Test, Gatepass_No) VALUES ('5kg', 1, 1, 1, 1082);
INSERT INTO Security_In VALUES (1083, '2025-08-16', 'TN78NN8950', 'Anirudh Palla', '2052297021', 'Pack', 17801);
INSERT INTO Security_Out VALUES (1083, '2025-08-16', 'TN78NN8950', 'Sodhi and Sons', 'Anirudh Palla', '2052297021', 'Pack', 17801);
INSERT INTO Weighbridge (Gatepass_No, Truck_Type, Weight_In, Weight_Out, In_Time, Out_Time) VALUES (1083, 'Pack', 21535, 21361, '2025-08-03 02:43:34.925269', '2025-08-03 03:43:34.925269');
INSERT INTO Loading (Truck_Type, Cylinder_Type, Gatepass_No) VALUES ('Pack', '14kg', 1083);
INSERT INTO Unloading (Vehicle_Number, Truck_Type, Cylinder_Type, Capsule1_MT, Capsule2_MT, Capsule3_MT, Gatepass_No) VALUES ('TN78NN8950', 'Pack', '14kg', NULL, NULL, NULL, 1083);
INSERT INTO Filling_Center (Cylinder_Type, Leakage_Test, Cap_Check, Manual_Test, Gatepass_No) VALUES ('47kg', 0, 1, 1, 1083);
INSERT INTO Security_In VALUES (1084, '2025-08-06', 'PB84BV4048', 'Upma Gandhi', '3331285866', 'Pack', 18627);
INSERT INTO Security_Out VALUES (1084, '2025-08-06', 'PB84BV4048', 'Rana, Raman and Sagar', 'Upma Gandhi', '3331285866', 'Pack', 18627);
INSERT INTO Weighbridge (Gatepass_No, Truck_Type, Weight_In, Weight_Out, In_Time, Out_Time) VALUES (1084, 'Pack', 20891, 20393, '2025-08-04 16:39:19.141370', '2025-08-04 19:39:19.141370');
INSERT INTO Loading (Truck_Type, Cylinder_Type, Gatepass_No) VALUES ('Pack', '14kg', 1084);
INSERT INTO Unloading (Vehicle_Number, Truck_Type, Cylinder_Type, Capsule1_MT, Capsule2_MT, Capsule3_MT, Gatepass_No) VALUES ('PB84BV4048', 'Pack', '14kg', NULL, NULL, NULL, 1084);
INSERT INTO Filling_Center (Cylinder_Type, Leakage_Test, Cap_Check, Manual_Test, Gatepass_No) VALUES ('5kg', 0, 1, 0, 1084);
INSERT INTO Security_In VALUES (1085, '2025-07-18', 'UP43FB3864', 'Chaitaly Maharaj', '8667386285', 'Bullet', 11521);
INSERT INTO Security_Out VALUES (1085, '2025-07-18', 'UP43FB3864', 'Kamdar PLC', 'Chaitaly Maharaj', '8667386285', 'Bullet', 11521);
INSERT INTO Weighbridge (Gatepass_No, Truck_Type, Weight_In, Weight_Out, In_Time, Out_Time) VALUES (1085, 'Bullet', 13378, 13099, '2025-08-22 21:30:26.625942', '2025-08-22 22:30:26.625942');
INSERT INTO Unloading (Vehicle_Number, Truck_Type, Cylinder_Type, Capsule1_MT, Capsule2_MT, Capsule3_MT, Gatepass_No) VALUES ('UP43FB3864', 'Bullet', NULL, 5.81, 9.7, 7.65, 1085);
INSERT INTO Filling_Center (Cylinder_Type, Leakage_Test, Cap_Check, Manual_Test, Gatepass_No) VALUES ('14.5kg', 1, 1, 1, 1085);
INSERT INTO Security_In VALUES (1086, '2025-07-17', 'PB23RX4910', 'Ishanvi Jani', '3480205706', 'Bullet', 4458);
INSERT INTO Security_Out VALUES (1086, '2025-07-17', 'PB23RX4910', 'Datta Group', 'Ishanvi Jani', '3480205706', 'Bullet', 4458);
INSERT INTO Weighbridge (Gatepass_No, Truck_Type, Weight_In, Weight_Out, In_Time, Out_Time) VALUES (1086, 'Bullet', 6557, 6337, '2025-09-09 21:37:24.422169', '2025-09-10 01:37:24.422169');
INSERT INTO Unloading (Vehicle_Number, Truck_Type, Cylinder_Type, Capsule1_MT, Capsule2_MT, Capsule3_MT, Gatepass_No) VALUES ('PB23RX4910', 'Bullet', NULL, 5.38, 9.21, 5.69, 1086);
INSERT INTO Filling_Center (Cylinder_Type, Leakage_Test, Cap_Check, Manual_Test, Gatepass_No) VALUES ('5kg', 0, 0, 1, 1086);
INSERT INTO Security_In VALUES (1087, '2025-09-05', 'DL43ZX5416', 'Raagini Bhattacharyya', '6667082167', 'Pack', 1865);
INSERT INTO Security_Out VALUES (1087, '2025-09-05', 'DL43ZX5416', 'Bansal-Rattan', 'Raagini Bhattacharyya', '6667082167', 'Pack', 1865);
INSERT INTO Weighbridge (Gatepass_No, Truck_Type, Weight_In, Weight_Out, In_Time, Out_Time) VALUES (1087, 'Pack', 3167, 2669, '2025-08-03 05:44:40.453517', '2025-08-03 08:44:40.453517');
INSERT INTO Loading (Truck_Type, Cylinder_Type, Gatepass_No) VALUES ('Pack', '19kg', 1087);
INSERT INTO Unloading (Vehicle_Number, Truck_Type, Cylinder_Type, Capsule1_MT, Capsule2_MT, Capsule3_MT, Gatepass_No) VALUES ('DL43ZX5416', 'Pack', '19kg', NULL, NULL, NULL, 1087);
INSERT INTO Filling_Center (Cylinder_Type, Leakage_Test, Cap_Check, Manual_Test, Gatepass_No) VALUES ('19kg', 1, 1, 0, 1087);
INSERT INTO Security_In VALUES (1088, '2025-08-30', 'DL51JG7128', 'Ridhi Oommen', '9722935972', 'Bullet', 12036);
INSERT INTO Security_Out VALUES (1088, '2025-08-30', 'DL51JG7128', 'Din-Parikh', 'Ridhi Oommen', '9722935972', 'Bullet', 12036);
INSERT INTO Weighbridge (Gatepass_No, Truck_Type, Weight_In, Weight_Out, In_Time, Out_Time) VALUES (1088, 'Bullet', 15520, 15216, '2025-08-06 23:19:10.249408', '2025-08-07 00:19:10.249408');
INSERT INTO Unloading (Vehicle_Number, Truck_Type, Cylinder_Type, Capsule1_MT, Capsule2_MT, Capsule3_MT, Gatepass_No) VALUES ('DL51JG7128', 'Bullet', NULL, 7.05, 8.26, 6.58, 1088);
INSERT INTO Filling_Center (Cylinder_Type, Leakage_Test, Cap_Check, Manual_Test, Gatepass_No) VALUES ('19kg', 1, 0, 1, 1088);
INSERT INTO Security_In VALUES (1089, '2025-09-03', 'KA58IR2712', 'Wazir Issac', '0688141246', 'Bullet', 6942);
INSERT INTO Security_Out VALUES (1089, '2025-09-03', 'KA58IR2712', 'Dave-Grewal', 'Wazir Issac', '0688141246', 'Bullet', 6942);
INSERT INTO Weighbridge (Gatepass_No, Truck_Type, Weight_In, Weight_Out, In_Time, Out_Time) VALUES (1089, 'Bullet', 10714, 10394, '2025-07-26 21:02:59.023772', '2025-07-26 22:02:59.023772');
INSERT INTO Unloading (Vehicle_Number, Truck_Type, Cylinder_Type, Capsule1_MT, Capsule2_MT, Capsule3_MT, Gatepass_No) VALUES ('KA58IR2712', 'Bullet', NULL, 9.19, 7.8, 7.38, 1089);
INSERT INTO Filling_Center (Cylinder_Type, Leakage_Test, Cap_Check, Manual_Test, Gatepass_No) VALUES ('47kg', 1, 1, 0, 1089);
INSERT INTO Security_In VALUES (1090, '2025-07-29', 'WB89CA2730', 'Logan Shah', '9381540359', 'Bullet', 12843);
INSERT INTO Security_Out VALUES (1090, '2025-07-29', 'WB89CA2730', 'Devan-Patil', 'Logan Shah', '9381540359', 'Bullet', 12843);
INSERT INTO Weighbridge (Gatepass_No, Truck_Type, Weight_In, Weight_Out, In_Time, Out_Time) VALUES (1090, 'Bullet', 15963, 15564, '2025-09-07 14:30:51.316301', '2025-09-07 17:30:51.316301');
INSERT INTO Unloading (Vehicle_Number, Truck_Type, Cylinder_Type, Capsule1_MT, Capsule2_MT, Capsule3_MT, Gatepass_No) VALUES ('WB89CA2730', 'Bullet', NULL, 6.26, 8.43, 6.74, 1090);
INSERT INTO Filling_Center (Cylinder_Type, Leakage_Test, Cap_Check, Manual_Test, Gatepass_No) VALUES ('14.5kg', 0, 0, 1, 1090);
INSERT INTO Security_In VALUES (1091, '2025-09-07', 'RJ87GX4297', 'Eiravati Ganesan', '9719735454', 'Pack', 15338);
INSERT INTO Security_Out VALUES (1091, '2025-09-07', 'RJ87GX4297', 'Zachariah-Bhagat', 'Eiravati Ganesan', '9719735454', 'Pack', 15338);
INSERT INTO Weighbridge (Gatepass_No, Truck_Type, Weight_In, Weight_Out, In_Time, Out_Time) VALUES (1091, 'Pack', 19311, 19091, '2025-09-09 22:38:51.971062', '2025-09-10 01:38:51.971062');
INSERT INTO Loading (Truck_Type, Cylinder_Type, Gatepass_No) VALUES ('Pack', '47kg', 1091);
INSERT INTO Unloading (Vehicle_Number, Truck_Type, Cylinder_Type, Capsule1_MT, Capsule2_MT, Capsule3_MT, Gatepass_No) VALUES ('RJ87GX4297', 'Pack', '47kg', NULL, NULL, NULL, 1091);
INSERT INTO Filling_Center (Cylinder_Type, Leakage_Test, Cap_Check, Manual_Test, Gatepass_No) VALUES ('19kg', 0, 1, 0, 1091);
INSERT INTO Security_In VALUES (1092, '2025-08-19', 'WB93XU9408', 'Udant Dada', '3535786864', 'Pack', 8836);
INSERT INTO Security_Out VALUES (1092, '2025-08-19', 'WB93XU9408', 'Pai, Chaudry and Sangha', 'Udant Dada', '3535786864', 'Pack', 8836);
INSERT INTO Weighbridge (Gatepass_No, Truck_Type, Weight_In, Weight_Out, In_Time, Out_Time) VALUES (1092, 'Pack', 11430, 11178, '2025-09-12 02:18:37.035489', '2025-09-12 04:18:37.035489');
INSERT INTO Loading (Truck_Type, Cylinder_Type, Gatepass_No) VALUES ('Pack', '19kg', 1092);
INSERT INTO Unloading (Vehicle_Number, Truck_Type, Cylinder_Type, Capsule1_MT, Capsule2_MT, Capsule3_MT, Gatepass_No) VALUES ('WB93XU9408', 'Pack', '19kg', NULL, NULL, NULL, 1092);
INSERT INTO Filling_Center (Cylinder_Type, Leakage_Test, Cap_Check, Manual_Test, Gatepass_No) VALUES ('47kg', 0, 1, 0, 1092);
INSERT INTO Security_In VALUES (1093, '2025-08-08', 'WB89AU6996', 'Joshua Merchant', '5674188438', 'Pack', 10832);
INSERT INTO Security_Out VALUES (1093, '2025-08-08', 'WB89AU6996', 'Chopra LLC', 'Joshua Merchant', '5674188438', 'Pack', 10832);
INSERT INTO Weighbridge (Gatepass_No, Truck_Type, Weight_In, Weight_Out, In_Time, Out_Time) VALUES (1093, 'Pack', 14604, 14479, '2025-08-12 03:34:20.559197', '2025-08-12 07:34:20.559197');
INSERT INTO Loading (Truck_Type, Cylinder_Type, Gatepass_No) VALUES ('Pack', '14kg', 1093);
INSERT INTO Unloading (Vehicle_Number, Truck_Type, Cylinder_Type, Capsule1_MT, Capsule2_MT, Capsule3_MT, Gatepass_No) VALUES ('WB89AU6996', 'Pack', '14kg', NULL, NULL, NULL, 1093);
INSERT INTO Filling_Center (Cylinder_Type, Leakage_Test, Cap_Check, Manual_Test, Gatepass_No) VALUES ('47kg', 1, 1, 1, 1093);
INSERT INTO Security_In VALUES (1094, '2025-09-04', 'UP34EP3128', 'Charles Parsa', '2153747637', 'Pack', 17457);
INSERT INTO Security_Out VALUES (1094, '2025-09-04', 'UP34EP3128', 'Thakur, Ramanathan and Prasad', 'Charles Parsa', '2153747637', 'Pack', 17457);
INSERT INTO Weighbridge (Gatepass_No, Truck_Type, Weight_In, Weight_Out, In_Time, Out_Time) VALUES (1094, 'Pack', 22225, 21950, '2025-08-15 14:13:20.076133', '2025-08-15 15:13:20.076133');
INSERT INTO Loading (Truck_Type, Cylinder_Type, Gatepass_No) VALUES ('Pack', '14kg', 1094);
INSERT INTO Unloading (Vehicle_Number, Truck_Type, Cylinder_Type, Capsule1_MT, Capsule2_MT, Capsule3_MT, Gatepass_No) VALUES ('UP34EP3128', 'Pack', '14kg', NULL, NULL, NULL, 1094);
INSERT INTO Filling_Center (Cylinder_Type, Leakage_Test, Cap_Check, Manual_Test, Gatepass_No) VALUES ('47kg', 0, 0, 1, 1094);
INSERT INTO Security_In VALUES (1095, '2025-08-15', 'TN99MP1774', 'Vincent Ratti', '4259986678', 'Bullet', 18687);
INSERT INTO Security_Out VALUES (1095, '2025-08-15', 'TN99MP1774', 'Desai-Hayer', 'Vincent Ratti', '4259986678', 'Bullet', 18687);
INSERT INTO Weighbridge (Gatepass_No, Truck_Type, Weight_In, Weight_Out, In_Time, Out_Time) VALUES (1095, 'Bullet', 23318, 23074, '2025-08-11 22:38:40.095809', '2025-08-12 02:38:40.095809');
INSERT INTO Unloading (Vehicle_Number, Truck_Type, Cylinder_Type, Capsule1_MT, Capsule2_MT, Capsule3_MT, Gatepass_No) VALUES ('TN99MP1774', 'Bullet', NULL, 8.6, 9.05, 5.1, 1095);
INSERT INTO Filling_Center (Cylinder_Type, Leakage_Test, Cap_Check, Manual_Test, Gatepass_No) VALUES ('47kg', 0, 1, 1, 1095);
INSERT INTO Security_In VALUES (1096, '2025-07-17', 'RJ38RK7199', 'Kashish Lata', '1327328965', 'Pack', 1108);
INSERT INTO Security_Out VALUES (1096, '2025-07-17', 'RJ38RK7199', 'Wason-Raju', 'Kashish Lata', '1327328965', 'Pack', 1108);
INSERT INTO Weighbridge (Gatepass_No, Truck_Type, Weight_In, Weight_Out, In_Time, Out_Time) VALUES (1096, 'Pack', 5957, 5624, '2025-09-03 23:22:36.879305', '2025-09-04 03:22:36.879305');
INSERT INTO Loading (Truck_Type, Cylinder_Type, Gatepass_No) VALUES ('Pack', '19kg', 1096);
INSERT INTO Unloading (Vehicle_Number, Truck_Type, Cylinder_Type, Capsule1_MT, Capsule2_MT, Capsule3_MT, Gatepass_No) VALUES ('RJ38RK7199', 'Pack', '19kg', NULL, NULL, NULL, 1096);
INSERT INTO Filling_Center (Cylinder_Type, Leakage_Test, Cap_Check, Manual_Test, Gatepass_No) VALUES ('47kg', 0, 1, 0, 1096);
INSERT INTO Security_In VALUES (1097, '2025-07-20', 'PB50ZZ9785', 'Sachi Dugar', '4533400267', 'Pack', 14425);
INSERT INTO Security_Out VALUES (1097, '2025-07-20', 'PB50ZZ9785', 'Chand, Mane and Boase', 'Sachi Dugar', '4533400267', 'Pack', 14425);
INSERT INTO Weighbridge (Gatepass_No, Truck_Type, Weight_In, Weight_Out, In_Time, Out_Time) VALUES (1097, 'Pack', 17601, 17306, '2025-09-09 22:10:12.378280', '2025-09-10 00:10:12.378280');
INSERT INTO Loading (Truck_Type, Cylinder_Type, Gatepass_No) VALUES ('Pack', '14kg', 1097);
INSERT INTO Unloading (Vehicle_Number, Truck_Type, Cylinder_Type, Capsule1_MT, Capsule2_MT, Capsule3_MT, Gatepass_No) VALUES ('PB50ZZ9785', 'Pack', '14kg', NULL, NULL, NULL, 1097);
INSERT INTO Filling_Center (Cylinder_Type, Leakage_Test, Cap_Check, Manual_Test, Gatepass_No) VALUES ('47kg', 1, 0, 1, 1097);
INSERT INTO Security_In VALUES (1098, '2025-09-04', 'TN95VJ9122', 'Gayathri Sachdev', '9726458589', 'Bullet', 1542);
INSERT INTO Security_Out VALUES (1098, '2025-09-04', 'TN95VJ9122', 'Maharaj-Divan', 'Gayathri Sachdev', '9726458589', 'Bullet', 1542);
INSERT INTO Weighbridge (Gatepass_No, Truck_Type, Weight_In, Weight_Out, In_Time, Out_Time) VALUES (1098, 'Bullet', 2870, 2505, '2025-08-24 12:02:14.680499', '2025-08-24 16:02:14.680499');
INSERT INTO Unloading (Vehicle_Number, Truck_Type, Cylinder_Type, Capsule1_MT, Capsule2_MT, Capsule3_MT, Gatepass_No) VALUES ('TN95VJ9122', 'Bullet', NULL, 5.51, 9.67, 7.48, 1098);
INSERT INTO Filling_Center (Cylinder_Type, Leakage_Test, Cap_Check, Manual_Test, Gatepass_No) VALUES ('10kg', 1, 0, 1, 1098);
INSERT INTO Security_In VALUES (1099, '2025-09-08', 'GJ10IG3041', 'Abhimanyu Barman', '7571707138', 'Pack', 9867);
INSERT INTO Security_Out VALUES (1099, '2025-09-08', 'GJ10IG3041', 'Kanda and Sons', 'Abhimanyu Barman', '7571707138', 'Pack', 9867);
INSERT INTO Weighbridge (Gatepass_No, Truck_Type, Weight_In, Weight_Out, In_Time, Out_Time) VALUES (1099, 'Pack', 12061, 11794, '2025-09-05 02:03:26.956785', '2025-09-05 07:03:26.956785');
INSERT INTO Loading (Truck_Type, Cylinder_Type, Gatepass_No) VALUES ('Pack', '14kg', 1099);
INSERT INTO Unloading (Vehicle_Number, Truck_Type, Cylinder_Type, Capsule1_MT, Capsule2_MT, Capsule3_MT, Gatepass_No) VALUES ('GJ10IG3041', 'Pack', '14kg', NULL, NULL, NULL, 1099);
INSERT INTO Filling_Center (Cylinder_Type, Leakage_Test, Cap_Check, Manual_Test, Gatepass_No) VALUES ('10kg', 1, 1, 0, 1099);
INSERT INTO Security_In VALUES (1100, '2025-09-04', 'WB59ZC6975', 'Samarth Hari', '6156183064', 'Bullet', 8548);
INSERT INTO Security_Out VALUES (1100, '2025-09-04', 'WB59ZC6975', 'Kaul-Arora', 'Samarth Hari', '6156183064', 'Bullet', 8548);
INSERT INTO Weighbridge (Gatepass_No, Truck_Type, Weight_In, Weight_Out, In_Time, Out_Time) VALUES (1100, 'Bullet', 10376, 10080, '2025-09-10 19:25:54.135492', '2025-09-11 00:25:54.135492');
INSERT INTO Unloading (Vehicle_Number, Truck_Type, Cylinder_Type, Capsule1_MT, Capsule2_MT, Capsule3_MT, Gatepass_No) VALUES ('WB59ZC6975', 'Bullet', NULL, 8.22, 5.16, 6.13, 1100);
INSERT INTO Filling_Center (Cylinder_Type, Leakage_Test, Cap_Check, Manual_Test, Gatepass_No) VALUES ('14.5kg', 0, 1, 1, 1100);
INSERT INTO Security_In VALUES (1101, '2025-07-31', 'TN68NE8401', 'Timothy Bahl', '1508843965', 'Pack', 8799);
INSERT INTO Security_Out VALUES (1101, '2025-07-31', 'TN68NE8401', 'Mangal PLC', 'Timothy Bahl', '1508843965', 'Pack', 8799);
INSERT INTO Weighbridge (Gatepass_No, Truck_Type, Weight_In, Weight_Out, In_Time, Out_Time) VALUES (1101, 'Pack', 11744, 11503, '2025-07-29 00:44:15.163929', '2025-07-29 03:44:15.163929');
INSERT INTO Loading (Truck_Type, Cylinder_Type, Gatepass_No) VALUES ('Pack', '14kg', 1101);
INSERT INTO Unloading (Vehicle_Number, Truck_Type, Cylinder_Type, Capsule1_MT, Capsule2_MT, Capsule3_MT, Gatepass_No) VALUES ('TN68NE8401', 'Pack', '14kg', NULL, NULL, NULL, 1101);
INSERT INTO Filling_Center (Cylinder_Type, Leakage_Test, Cap_Check, Manual_Test, Gatepass_No) VALUES ('5kg', 0, 0, 0, 1101);
INSERT INTO Security_In VALUES (1102, '2025-08-08', 'DL55QG8757', 'Ikshita Agate', '3881534972', 'Pack', 15760);
INSERT INTO Security_Out VALUES (1102, '2025-08-08', 'DL55QG8757', 'Parikh, Khosla and Doctor', 'Ikshita Agate', '3881534972', 'Pack', 15760);
INSERT INTO Weighbridge (Gatepass_No, Truck_Type, Weight_In, Weight_Out, In_Time, Out_Time) VALUES (1102, 'Pack', 20002, 19585, '2025-08-30 18:00:09.388119', '2025-08-30 20:00:09.388119');
INSERT INTO Loading (Truck_Type, Cylinder_Type, Gatepass_No) VALUES ('Pack', '14kg', 1102);
INSERT INTO Unloading (Vehicle_Number, Truck_Type, Cylinder_Type, Capsule1_MT, Capsule2_MT, Capsule3_MT, Gatepass_No) VALUES ('DL55QG8757', 'Pack', '14kg', NULL, NULL, NULL, 1102);
INSERT INTO Filling_Center (Cylinder_Type, Leakage_Test, Cap_Check, Manual_Test, Gatepass_No) VALUES ('10kg', 0, 0, 0, 1102);
INSERT INTO Security_In VALUES (1103, '2025-08-29', 'MH80NB7310', 'Gopal Cheema', '4344921194', 'Pack', 13180);
INSERT INTO Security_Out VALUES (1103, '2025-08-29', 'MH80NB7310', 'Vig-Ramaswamy', 'Gopal Cheema', '4344921194', 'Pack', 13180);
INSERT INTO Weighbridge (Gatepass_No, Truck_Type, Weight_In, Weight_Out, In_Time, Out_Time) VALUES (1103, 'Pack', 17731, 17568, '2025-08-21 17:45:13.702449', '2025-08-21 19:45:13.702449');
INSERT INTO Loading (Truck_Type, Cylinder_Type, Gatepass_No) VALUES ('Pack', '19kg', 1103);
INSERT INTO Unloading (Vehicle_Number, Truck_Type, Cylinder_Type, Capsule1_MT, Capsule2_MT, Capsule3_MT, Gatepass_No) VALUES ('MH80NB7310', 'Pack', '19kg', NULL, NULL, NULL, 1103);
INSERT INTO Filling_Center (Cylinder_Type, Leakage_Test, Cap_Check, Manual_Test, Gatepass_No) VALUES ('10kg', 0, 1, 1, 1103);
INSERT INTO Security_In VALUES (1104, '2025-07-27', 'HR33WA9614', 'Vrishti Chaudhry', '1163876230', 'Pack', 13938);
INSERT INTO Security_Out VALUES (1104, '2025-07-27', 'HR33WA9614', 'Saha PLC', 'Vrishti Chaudhry', '1163876230', 'Pack', 13938);
INSERT INTO Weighbridge (Gatepass_No, Truck_Type, Weight_In, Weight_Out, In_Time, Out_Time) VALUES (1104, 'Pack', 16508, 16220, '2025-09-09 00:36:04.662330', '2025-09-09 03:36:04.662330');
INSERT INTO Loading (Truck_Type, Cylinder_Type, Gatepass_No) VALUES ('Pack', '19kg', 1104);
INSERT INTO Unloading (Vehicle_Number, Truck_Type, Cylinder_Type, Capsule1_MT, Capsule2_MT, Capsule3_MT, Gatepass_No) VALUES ('HR33WA9614', 'Pack', '19kg', NULL, NULL, NULL, 1104);
INSERT INTO Filling_Center (Cylinder_Type, Leakage_Test, Cap_Check, Manual_Test, Gatepass_No) VALUES ('5kg', 1, 0, 0, 1104);
INSERT INTO Security_In VALUES (1105, '2025-08-17', 'KA66EO7849', 'Matthew Devan', '5403551902', 'Pack', 15174);
INSERT INTO Security_Out VALUES (1105, '2025-08-17', 'KA66EO7849', 'Bhavsar Inc', 'Matthew Devan', '5403551902', 'Pack', 15174);
INSERT INTO Weighbridge (Gatepass_No, Truck_Type, Weight_In, Weight_Out, In_Time, Out_Time) VALUES (1105, 'Pack', 18929, 18707, '2025-08-24 23:11:05.543724', '2025-08-25 00:11:05.543724');
INSERT INTO Loading (Truck_Type, Cylinder_Type, Gatepass_No) VALUES ('Pack', '47kg', 1105);
INSERT INTO Unloading (Vehicle_Number, Truck_Type, Cylinder_Type, Capsule1_MT, Capsule2_MT, Capsule3_MT, Gatepass_No) VALUES ('KA66EO7849', 'Pack', '47kg', NULL, NULL, NULL, 1105);
INSERT INTO Filling_Center (Cylinder_Type, Leakage_Test, Cap_Check, Manual_Test, Gatepass_No) VALUES ('47kg', 0, 0, 0, 1105);
INSERT INTO Security_In VALUES (1106, '2025-08-17', 'UP95JO2348', 'Ucchal Aurora', '8721361212', 'Pack', 5528);
INSERT INTO Security_Out VALUES (1106, '2025-08-17', 'UP95JO2348', 'DAlia, Gala and Raman', 'Ucchal Aurora', '8721361212', 'Pack', 5528);
INSERT INTO Weighbridge (Gatepass_No, Truck_Type, Weight_In, Weight_Out, In_Time, Out_Time) VALUES (1106, 'Pack', 7922, 7718, '2025-08-22 00:38:07.484342', '2025-08-22 02:38:07.484342');
INSERT INTO Loading (Truck_Type, Cylinder_Type, Gatepass_No) VALUES ('Pack', '47kg', 1106);
INSERT INTO Unloading (Vehicle_Number, Truck_Type, Cylinder_Type, Capsule1_MT, Capsule2_MT, Capsule3_MT, Gatepass_No) VALUES ('UP95JO2348', 'Pack', '47kg', NULL, NULL, NULL, 1106);
INSERT INTO Filling_Center (Cylinder_Type, Leakage_Test, Cap_Check, Manual_Test, Gatepass_No) VALUES ('19kg', 0, 0, 0, 1106);
INSERT INTO Security_In VALUES (1107, '2025-07-18', 'DL75TL9669', 'Chaitanya Chaudhary', '5489668677', 'Pack', 17767);
INSERT INTO Security_Out VALUES (1107, '2025-07-18', 'DL75TL9669', 'Kanda, Ramachandran and Mohan', 'Chaitanya Chaudhary', '5489668677', 'Pack', 17767);
INSERT INTO Weighbridge (Gatepass_No, Truck_Type, Weight_In, Weight_Out, In_Time, Out_Time) VALUES (1107, 'Pack', 19383, 19271, '2025-07-27 01:37:24.618457', '2025-07-27 04:37:24.618457');
INSERT INTO Loading (Truck_Type, Cylinder_Type, Gatepass_No) VALUES ('Pack', '19kg', 1107);
INSERT INTO Unloading (Vehicle_Number, Truck_Type, Cylinder_Type, Capsule1_MT, Capsule2_MT, Capsule3_MT, Gatepass_No) VALUES ('DL75TL9669', 'Pack', '19kg', NULL, NULL, NULL, 1107);
INSERT INTO Filling_Center (Cylinder_Type, Leakage_Test, Cap_Check, Manual_Test, Gatepass_No) VALUES ('5kg', 0, 1, 0, 1107);
INSERT INTO Security_In VALUES (1108, '2025-08-09', 'RJ36VB5471', 'Jagvi Sachar', '1267560888', 'Pack', 18909);
INSERT INTO Security_Out VALUES (1108, '2025-08-09', 'RJ36VB5471', 'Lad, Nadig and Dani', 'Jagvi Sachar', '1267560888', 'Pack', 18909);
INSERT INTO Weighbridge (Gatepass_No, Truck_Type, Weight_In, Weight_Out, In_Time, Out_Time) VALUES (1108, 'Pack', 20197, 19984, '2025-08-02 02:38:36.891969', '2025-08-02 07:38:36.891969');
INSERT INTO Loading (Truck_Type, Cylinder_Type, Gatepass_No) VALUES ('Pack', '14kg', 1108);
INSERT INTO Unloading (Vehicle_Number, Truck_Type, Cylinder_Type, Capsule1_MT, Capsule2_MT, Capsule3_MT, Gatepass_No) VALUES ('RJ36VB5471', 'Pack', '14kg', NULL, NULL, NULL, 1108);
INSERT INTO Filling_Center (Cylinder_Type, Leakage_Test, Cap_Check, Manual_Test, Gatepass_No) VALUES ('5kg', 0, 0, 1, 1108);
INSERT INTO Security_In VALUES (1109, '2025-07-28', 'UP87RC8752', 'Diya Wali', '9741467161', 'Bullet', 13259);
INSERT INTO Security_Out VALUES (1109, '2025-07-28', 'UP87RC8752', 'Kala Inc', 'Diya Wali', '9741467161', 'Bullet', 13259);
INSERT INTO Weighbridge (Gatepass_No, Truck_Type, Weight_In, Weight_Out, In_Time, Out_Time) VALUES (1109, 'Bullet', 15891, 15741, '2025-08-14 14:43:59.270818', '2025-08-14 17:43:59.270818');
INSERT INTO Unloading (Vehicle_Number, Truck_Type, Cylinder_Type, Capsule1_MT, Capsule2_MT, Capsule3_MT, Gatepass_No) VALUES ('UP87RC8752', 'Bullet', NULL, 5.15, 7.41, 5.94, 1109);
INSERT INTO Filling_Center (Cylinder_Type, Leakage_Test, Cap_Check, Manual_Test, Gatepass_No) VALUES ('14.5kg', 0, 1, 0, 1109);
INSERT INTO Security_In VALUES (1110, '2025-08-21', 'TN62PT2043', 'Jagrati Palla', '0600176697', 'Pack', 9825);
INSERT INTO Security_Out VALUES (1110, '2025-08-21', 'TN62PT2043', 'Ganesh-Khosla', 'Jagrati Palla', '0600176697', 'Pack', 9825);
INSERT INTO Weighbridge (Gatepass_No, Truck_Type, Weight_In, Weight_Out, In_Time, Out_Time) VALUES (1110, 'Pack', 14081, 13624, '2025-08-13 03:17:43.953291', '2025-08-13 05:17:43.953291');
INSERT INTO Loading (Truck_Type, Cylinder_Type, Gatepass_No) VALUES ('Pack', '19kg', 1110);
INSERT INTO Unloading (Vehicle_Number, Truck_Type, Cylinder_Type, Capsule1_MT, Capsule2_MT, Capsule3_MT, Gatepass_No) VALUES ('TN62PT2043', 'Pack', '19kg', NULL, NULL, NULL, 1110);
INSERT INTO Filling_Center (Cylinder_Type, Leakage_Test, Cap_Check, Manual_Test, Gatepass_No) VALUES ('5kg', 0, 0, 1, 1110);
INSERT INTO Security_In VALUES (1111, '2025-09-08', 'TN70ZA4010', 'Charvi Bath', '8328151626', 'Pack', 15630);
INSERT INTO Security_Out VALUES (1111, '2025-09-08', 'TN70ZA4010', 'Bora Ltd', 'Charvi Bath', '8328151626', 'Pack', 15630);
INSERT INTO Weighbridge (Gatepass_No, Truck_Type, Weight_In, Weight_Out, In_Time, Out_Time) VALUES (1111, 'Pack', 18056, 17713, '2025-08-04 02:49:29.451422', '2025-08-04 04:49:29.451422');
INSERT INTO Loading (Truck_Type, Cylinder_Type, Gatepass_No) VALUES ('Pack', '14kg', 1111);
INSERT INTO Unloading (Vehicle_Number, Truck_Type, Cylinder_Type, Capsule1_MT, Capsule2_MT, Capsule3_MT, Gatepass_No) VALUES ('TN70ZA4010', 'Pack', '14kg', NULL, NULL, NULL, 1111);
INSERT INTO Filling_Center (Cylinder_Type, Leakage_Test, Cap_Check, Manual_Test, Gatepass_No) VALUES ('5kg', 1, 1, 0, 1111);
INSERT INTO Security_In VALUES (1112, '2025-08-06', 'DL57PX1926', 'Mahika Naik', '9577829292', 'Bullet', 5932);
INSERT INTO Security_Out VALUES (1112, '2025-08-06', 'DL57PX1926', 'Baria PLC', 'Mahika Naik', '9577829292', 'Bullet', 5932);
INSERT INTO Weighbridge (Gatepass_No, Truck_Type, Weight_In, Weight_Out, In_Time, Out_Time) VALUES (1112, 'Bullet', 9711, 9583, '2025-09-11 06:56:49.891610', '2025-09-11 09:56:49.891610');
INSERT INTO Unloading (Vehicle_Number, Truck_Type, Cylinder_Type, Capsule1_MT, Capsule2_MT, Capsule3_MT, Gatepass_No) VALUES ('DL57PX1926', 'Bullet', NULL, 6.96, 8.65, 5.03, 1112);
INSERT INTO Filling_Center (Cylinder_Type, Leakage_Test, Cap_Check, Manual_Test, Gatepass_No) VALUES ('14.5kg', 1, 0, 1, 1112);
INSERT INTO Security_In VALUES (1113, '2025-08-06', 'WB37AK9622', 'Yashvi Tara', '2913892033', 'Pack', 7663);
INSERT INTO Security_Out VALUES (1113, '2025-08-06', 'WB37AK9622', 'Zachariah-Sami', 'Yashvi Tara', '2913892033', 'Pack', 7663);
INSERT INTO Weighbridge (Gatepass_No, Truck_Type, Weight_In, Weight_Out, In_Time, Out_Time) VALUES (1113, 'Pack', 11090, 10634, '2025-09-08 07:17:26.828927', '2025-09-08 09:17:26.828927');
INSERT INTO Loading (Truck_Type, Cylinder_Type, Gatepass_No) VALUES ('Pack', '19kg', 1113);
INSERT INTO Unloading (Vehicle_Number, Truck_Type, Cylinder_Type, Capsule1_MT, Capsule2_MT, Capsule3_MT, Gatepass_No) VALUES ('WB37AK9622', 'Pack', '19kg', NULL, NULL, NULL, 1113);
INSERT INTO Filling_Center (Cylinder_Type, Leakage_Test, Cap_Check, Manual_Test, Gatepass_No) VALUES ('5kg', 1, 0, 0, 1113);
INSERT INTO Security_In VALUES (1114, '2025-08-02', 'PB58GI8995', 'Megha Suri', '8184342499', 'Bullet', 17967);
INSERT INTO Security_Out VALUES (1114, '2025-08-02', 'PB58GI8995', 'Bains, Issac and Vasa', 'Megha Suri', '8184342499', 'Bullet', 17967);
INSERT INTO Weighbridge (Gatepass_No, Truck_Type, Weight_In, Weight_Out, In_Time, Out_Time) VALUES (1114, 'Bullet', 22239, 21786, '2025-08-28 11:51:21.143533', '2025-08-28 16:51:21.143533');
INSERT INTO Unloading (Vehicle_Number, Truck_Type, Cylinder_Type, Capsule1_MT, Capsule2_MT, Capsule3_MT, Gatepass_No) VALUES ('PB58GI8995', 'Bullet', NULL, 6.04, 6.89, 5.11, 1114);
INSERT INTO Filling_Center (Cylinder_Type, Leakage_Test, Cap_Check, Manual_Test, Gatepass_No) VALUES ('5kg', 0, 1, 1, 1114);
INSERT INTO Security_In VALUES (1115, '2025-08-31', 'RJ96LU9521', 'Bishakha Dasgupta', '9141483350', 'Bullet', 1970);
INSERT INTO Security_Out VALUES (1115, '2025-08-31', 'RJ96LU9521', 'Chatterjee LLC', 'Bishakha Dasgupta', '9141483350', 'Bullet', 1970);
INSERT INTO Weighbridge (Gatepass_No, Truck_Type, Weight_In, Weight_Out, In_Time, Out_Time) VALUES (1115, 'Bullet', 3488, 3097, '2025-07-30 19:52:31.423936', '2025-07-30 21:52:31.423936');
INSERT INTO Unloading (Vehicle_Number, Truck_Type, Cylinder_Type, Capsule1_MT, Capsule2_MT, Capsule3_MT, Gatepass_No) VALUES ('RJ96LU9521', 'Bullet', NULL, 5.76, 7.6, 7.34, 1115);
INSERT INTO Filling_Center (Cylinder_Type, Leakage_Test, Cap_Check, Manual_Test, Gatepass_No) VALUES ('14.5kg', 0, 0, 0, 1115);
INSERT INTO Security_In VALUES (1116, '2025-08-20', 'DL65NP4775', 'Patrick Sarin', '6278700047', 'Pack', 3224);
INSERT INTO Security_Out VALUES (1116, '2025-08-20', 'DL65NP4775', 'Atwal-Patla', 'Patrick Sarin', '6278700047', 'Pack', 3224);
INSERT INTO Weighbridge (Gatepass_No, Truck_Type, Weight_In, Weight_Out, In_Time, Out_Time) VALUES (1116, 'Pack', 6145, 5891, '2025-09-09 06:40:15.597756', '2025-09-09 07:40:15.597756');
INSERT INTO Loading (Truck_Type, Cylinder_Type, Gatepass_No) VALUES ('Pack', '47kg', 1116);
INSERT INTO Unloading (Vehicle_Number, Truck_Type, Cylinder_Type, Capsule1_MT, Capsule2_MT, Capsule3_MT, Gatepass_No) VALUES ('DL65NP4775', 'Pack', '47kg', NULL, NULL, NULL, 1116);
INSERT INTO Filling_Center (Cylinder_Type, Leakage_Test, Cap_Check, Manual_Test, Gatepass_No) VALUES ('10kg', 1, 1, 0, 1116);
INSERT INTO Security_In VALUES (1117, '2025-08-10', 'PB91WX2795', 'Pavani Gola', '4345724331', 'Bullet', 16631);
INSERT INTO Security_Out VALUES (1117, '2025-08-10', 'PB91WX2795', 'Patil and Sons', 'Pavani Gola', '4345724331', 'Bullet', 16631);
INSERT INTO Weighbridge (Gatepass_No, Truck_Type, Weight_In, Weight_Out, In_Time, Out_Time) VALUES (1117, 'Bullet', 21023, 20750, '2025-08-08 09:28:52.635237', '2025-08-08 14:28:52.635237');
INSERT INTO Unloading (Vehicle_Number, Truck_Type, Cylinder_Type, Capsule1_MT, Capsule2_MT, Capsule3_MT, Gatepass_No) VALUES ('PB91WX2795', 'Bullet', NULL, 6.67, 9.86, 8.41, 1117);
INSERT INTO Filling_Center (Cylinder_Type, Leakage_Test, Cap_Check, Manual_Test, Gatepass_No) VALUES ('47kg', 0, 1, 1, 1117);
INSERT INTO Security_In VALUES (1118, '2025-08-27', 'WB52SJ1020', 'Udarsh Gera', '3895148904', 'Bullet', 614);
INSERT INTO Security_Out VALUES (1118, '2025-08-27', 'WB52SJ1020', 'Srinivas Inc', 'Udarsh Gera', '3895148904', 'Bullet', 614);
INSERT INTO Weighbridge (Gatepass_No, Truck_Type, Weight_In, Weight_Out, In_Time, Out_Time) VALUES (1118, 'Bullet', 5432, 5050, '2025-09-03 17:12:02.166976', '2025-09-03 19:12:02.166976');
INSERT INTO Unloading (Vehicle_Number, Truck_Type, Cylinder_Type, Capsule1_MT, Capsule2_MT, Capsule3_MT, Gatepass_No) VALUES ('WB52SJ1020', 'Bullet', NULL, 7.26, 5.26, 8.81, 1118);
INSERT INTO Filling_Center (Cylinder_Type, Leakage_Test, Cap_Check, Manual_Test, Gatepass_No) VALUES ('47kg', 1, 1, 1, 1118);
INSERT INTO Security_In VALUES (1119, '2025-08-30', 'GJ19EH2593', 'Jeet Apte', '2713894891', 'Pack', 4654);
INSERT INTO Security_Out VALUES (1119, '2025-08-30', 'GJ19EH2593', 'Gokhale-Chakraborty', 'Jeet Apte', '2713894891', 'Pack', 4654);
INSERT INTO Weighbridge (Gatepass_No, Truck_Type, Weight_In, Weight_Out, In_Time, Out_Time) VALUES (1119, 'Pack', 5923, 5738, '2025-07-26 07:30:15.937479', '2025-07-26 11:30:15.937479');
INSERT INTO Loading (Truck_Type, Cylinder_Type, Gatepass_No) VALUES ('Pack', '47kg', 1119);
INSERT INTO Unloading (Vehicle_Number, Truck_Type, Cylinder_Type, Capsule1_MT, Capsule2_MT, Capsule3_MT, Gatepass_No) VALUES ('GJ19EH2593', 'Pack', '47kg', NULL, NULL, NULL, 1119);
INSERT INTO Filling_Center (Cylinder_Type, Leakage_Test, Cap_Check, Manual_Test, Gatepass_No) VALUES ('5kg', 0, 1, 1, 1119);
INSERT INTO Security_In VALUES (1120, '2025-08-07', 'UP41OV1408', 'Aarna Kohli', '0823269909', 'Pack', 17164);
INSERT INTO Security_Out VALUES (1120, '2025-08-07', 'UP41OV1408', 'Pal PLC', 'Aarna Kohli', '0823269909', 'Pack', 17164);
INSERT INTO Weighbridge (Gatepass_No, Truck_Type, Weight_In, Weight_Out, In_Time, Out_Time) VALUES (1120, 'Pack', 21394, 20901, '2025-07-19 07:12:32.851829', '2025-07-19 10:12:32.851829');
INSERT INTO Loading (Truck_Type, Cylinder_Type, Gatepass_No) VALUES ('Pack', '47kg', 1120);
INSERT INTO Unloading (Vehicle_Number, Truck_Type, Cylinder_Type, Capsule1_MT, Capsule2_MT, Capsule3_MT, Gatepass_No) VALUES ('UP41OV1408', 'Pack', '47kg', NULL, NULL, NULL, 1120);
INSERT INTO Filling_Center (Cylinder_Type, Leakage_Test, Cap_Check, Manual_Test, Gatepass_No) VALUES ('10kg', 0, 0, 0, 1120);
INSERT INTO Security_In VALUES (1121, '2025-07-24', 'DL75RF4474', 'Yashoda Dash', '5324107007', 'Bullet', 19312);
INSERT INTO Security_Out VALUES (1121, '2025-07-24', 'DL75RF4474', 'Oza, Prakash and Sur', 'Yashoda Dash', '5324107007', 'Bullet', 19312);
INSERT INTO Weighbridge (Gatepass_No, Truck_Type, Weight_In, Weight_Out, In_Time, Out_Time) VALUES (1121, 'Bullet', 22009, 21895, '2025-08-18 05:00:25.513230', '2025-08-18 10:00:25.513230');
INSERT INTO Unloading (Vehicle_Number, Truck_Type, Cylinder_Type, Capsule1_MT, Capsule2_MT, Capsule3_MT, Gatepass_No) VALUES ('DL75RF4474', 'Bullet', NULL, 6.2, 5.78, 7.92, 1121);
INSERT INTO Filling_Center (Cylinder_Type, Leakage_Test, Cap_Check, Manual_Test, Gatepass_No) VALUES ('47kg', 0, 0, 1, 1121);
INSERT INTO Security_In VALUES (1122, '2025-09-03', 'GJ94TN6948', 'Balveer Puri', '4931099126', 'Bullet', 13370);
INSERT INTO Security_Out VALUES (1122, '2025-09-03', 'GJ94TN6948', 'Sha Inc', 'Balveer Puri', '4931099126', 'Bullet', 13370);
INSERT INTO Weighbridge (Gatepass_No, Truck_Type, Weight_In, Weight_Out, In_Time, Out_Time) VALUES (1122, 'Bullet', 15388, 15172, '2025-08-12 06:54:22.237456', '2025-08-12 09:54:22.237456');
INSERT INTO Unloading (Vehicle_Number, Truck_Type, Cylinder_Type, Capsule1_MT, Capsule2_MT, Capsule3_MT, Gatepass_No) VALUES ('GJ94TN6948', 'Bullet', NULL, 9.76, 7.32, 9.11, 1122);
INSERT INTO Filling_Center (Cylinder_Type, Leakage_Test, Cap_Check, Manual_Test, Gatepass_No) VALUES ('5kg', 1, 1, 1, 1122);
INSERT INTO Security_In VALUES (1123, '2025-09-04', 'WB24UJ8288', 'Chaitanya Varkey', '2332668544', 'Bullet', 12647);
INSERT INTO Security_Out VALUES (1123, '2025-09-04', 'WB24UJ8288', 'Dixit Group', 'Chaitanya Varkey', '2332668544', 'Bullet', 12647);
INSERT INTO Weighbridge (Gatepass_No, Truck_Type, Weight_In, Weight_Out, In_Time, Out_Time) VALUES (1123, 'Bullet', 14164, 13664, '2025-09-06 19:30:32.260549', '2025-09-06 20:30:32.260549');
INSERT INTO Unloading (Vehicle_Number, Truck_Type, Cylinder_Type, Capsule1_MT, Capsule2_MT, Capsule3_MT, Gatepass_No) VALUES ('WB24UJ8288', 'Bullet', NULL, 9.83, 9.87, 6.0, 1123);
INSERT INTO Filling_Center (Cylinder_Type, Leakage_Test, Cap_Check, Manual_Test, Gatepass_No) VALUES ('47kg', 1, 1, 0, 1123);
INSERT INTO Security_In VALUES (1124, '2025-08-18', 'WB72ME2482', 'Yashvi De', '4260309196', 'Bullet', 11136);
INSERT INTO Security_Out VALUES (1124, '2025-08-18', 'WB72ME2482', 'Kulkarni and Sons', 'Yashvi De', '4260309196', 'Bullet', 11136);
INSERT INTO Weighbridge (Gatepass_No, Truck_Type, Weight_In, Weight_Out, In_Time, Out_Time) VALUES (1124, 'Bullet', 12975, 12478, '2025-08-21 14:16:27.781121', '2025-08-21 17:16:27.781121');
INSERT INTO Unloading (Vehicle_Number, Truck_Type, Cylinder_Type, Capsule1_MT, Capsule2_MT, Capsule3_MT, Gatepass_No) VALUES ('WB72ME2482', 'Bullet', NULL, 5.39, 5.19, 6.45, 1124);
INSERT INTO Filling_Center (Cylinder_Type, Leakage_Test, Cap_Check, Manual_Test, Gatepass_No) VALUES ('10kg', 1, 1, 0, 1124);
INSERT INTO Security_In VALUES (1125, '2025-07-19', 'HR14LD2716', 'Chandran Ahluwalia', '3518819209', 'Pack', 2975);
INSERT INTO Security_Out VALUES (1125, '2025-07-19', 'HR14LD2716', 'Rajagopalan-Vohra', 'Chandran Ahluwalia', '3518819209', 'Pack', 2975);
INSERT INTO Weighbridge (Gatepass_No, Truck_Type, Weight_In, Weight_Out, In_Time, Out_Time) VALUES (1125, 'Pack', 4035, 3579, '2025-09-03 15:42:13.035298', '2025-09-03 16:42:13.035298');
INSERT INTO Loading (Truck_Type, Cylinder_Type, Gatepass_No) VALUES ('Pack', '14kg', 1125);
INSERT INTO Unloading (Vehicle_Number, Truck_Type, Cylinder_Type, Capsule1_MT, Capsule2_MT, Capsule3_MT, Gatepass_No) VALUES ('HR14LD2716', 'Pack', '14kg', NULL, NULL, NULL, 1125);
INSERT INTO Filling_Center (Cylinder_Type, Leakage_Test, Cap_Check, Manual_Test, Gatepass_No) VALUES ('14.5kg', 1, 0, 0, 1125);
INSERT INTO Security_In VALUES (1126, '2025-07-26', 'GJ66TH7783', 'Matthew Korpal', '9895628324', 'Pack', 4997);
INSERT INTO Security_Out VALUES (1126, '2025-07-26', 'GJ66TH7783', 'Viswanathan Inc', 'Matthew Korpal', '9895628324', 'Pack', 4997);
INSERT INTO Weighbridge (Gatepass_No, Truck_Type, Weight_In, Weight_Out, In_Time, Out_Time) VALUES (1126, 'Pack', 6995, 6765, '2025-08-14 18:05:22.886616', '2025-08-14 21:05:22.886616');
INSERT INTO Loading (Truck_Type, Cylinder_Type, Gatepass_No) VALUES ('Pack', '14kg', 1126);
INSERT INTO Unloading (Vehicle_Number, Truck_Type, Cylinder_Type, Capsule1_MT, Capsule2_MT, Capsule3_MT, Gatepass_No) VALUES ('GJ66TH7783', 'Pack', '14kg', NULL, NULL, NULL, 1126);
INSERT INTO Filling_Center (Cylinder_Type, Leakage_Test, Cap_Check, Manual_Test, Gatepass_No) VALUES ('47kg', 1, 1, 1, 1126);
INSERT INTO Security_In VALUES (1127, '2025-09-01', 'HR82VD4784', 'Falak Mital', '6351594889', 'Pack', 18162);
INSERT INTO Security_Out VALUES (1127, '2025-09-01', 'HR82VD4784', 'Ray-Sandal', 'Falak Mital', '6351594889', 'Pack', 18162);
INSERT INTO Weighbridge (Gatepass_No, Truck_Type, Weight_In, Weight_Out, In_Time, Out_Time) VALUES (1127, 'Pack', 22473, 22314, '2025-08-22 05:24:41.193473', '2025-08-22 07:24:41.193473');
INSERT INTO Loading (Truck_Type, Cylinder_Type, Gatepass_No) VALUES ('Pack', '19kg', 1127);
INSERT INTO Unloading (Vehicle_Number, Truck_Type, Cylinder_Type, Capsule1_MT, Capsule2_MT, Capsule3_MT, Gatepass_No) VALUES ('HR82VD4784', 'Pack', '19kg', NULL, NULL, NULL, 1127);
INSERT INTO Filling_Center (Cylinder_Type, Leakage_Test, Cap_Check, Manual_Test, Gatepass_No) VALUES ('47kg', 0, 0, 1, 1127);
INSERT INTO Security_In VALUES (1128, '2025-08-19', 'UP74BM3154', 'Hemani Madan', '8907916197', 'Pack', 14587);
INSERT INTO Security_Out VALUES (1128, '2025-08-19', 'UP74BM3154', 'Bail-Vora', 'Hemani Madan', '8907916197', 'Pack', 14587);
INSERT INTO Weighbridge (Gatepass_No, Truck_Type, Weight_In, Weight_Out, In_Time, Out_Time) VALUES (1128, 'Pack', 16931, 16682, '2025-09-10 05:42:53.715486', '2025-09-10 06:42:53.715486');
INSERT INTO Loading (Truck_Type, Cylinder_Type, Gatepass_No) VALUES ('Pack', '19kg', 1128);
INSERT INTO Unloading (Vehicle_Number, Truck_Type, Cylinder_Type, Capsule1_MT, Capsule2_MT, Capsule3_MT, Gatepass_No) VALUES ('UP74BM3154', 'Pack', '19kg', NULL, NULL, NULL, 1128);
INSERT INTO Filling_Center (Cylinder_Type, Leakage_Test, Cap_Check, Manual_Test, Gatepass_No) VALUES ('10kg', 1, 1, 1, 1128);
INSERT INTO Security_In VALUES (1129, '2025-09-10', 'PB12HL2133', 'Raksha Wadhwa', '7900336367', 'Bullet', 15698);
INSERT INTO Security_Out VALUES (1129, '2025-09-10', 'PB12HL2133', 'Vohra-Ganguly', 'Raksha Wadhwa', '7900336367', 'Bullet', 15698);
INSERT INTO Weighbridge (Gatepass_No, Truck_Type, Weight_In, Weight_Out, In_Time, Out_Time) VALUES (1129, 'Bullet', 17429, 17045, '2025-08-30 19:17:10.032621', '2025-08-30 20:17:10.032621');
INSERT INTO Unloading (Vehicle_Number, Truck_Type, Cylinder_Type, Capsule1_MT, Capsule2_MT, Capsule3_MT, Gatepass_No) VALUES ('PB12HL2133', 'Bullet', NULL, 9.4, 5.76, 8.4, 1129);
INSERT INTO Filling_Center (Cylinder_Type, Leakage_Test, Cap_Check, Manual_Test, Gatepass_No) VALUES ('10kg', 1, 1, 0, 1129);
INSERT INTO Security_In VALUES (1130, '2025-07-18', 'HR61QJ9221', 'Nikita Hora', '0414000763', 'Pack', 11561);
INSERT INTO Security_Out VALUES (1130, '2025-07-18', 'HR61QJ9221', 'Issac-Dugal', 'Nikita Hora', '0414000763', 'Pack', 11561);
INSERT INTO Weighbridge (Gatepass_No, Truck_Type, Weight_In, Weight_Out, In_Time, Out_Time) VALUES (1130, 'Pack', 14407, 14213, '2025-07-22 00:12:57.328254', '2025-07-22 02:12:57.328254');
INSERT INTO Loading (Truck_Type, Cylinder_Type, Gatepass_No) VALUES ('Pack', '19kg', 1130);
INSERT INTO Unloading (Vehicle_Number, Truck_Type, Cylinder_Type, Capsule1_MT, Capsule2_MT, Capsule3_MT, Gatepass_No) VALUES ('HR61QJ9221', 'Pack', '19kg', NULL, NULL, NULL, 1130);
INSERT INTO Filling_Center (Cylinder_Type, Leakage_Test, Cap_Check, Manual_Test, Gatepass_No) VALUES ('19kg', 0, 0, 1, 1130);
INSERT INTO Security_In VALUES (1131, '2025-07-23', 'TN80NR1299', 'Girish Baria', '5194465538', 'Bullet', 2310);
INSERT INTO Security_Out VALUES (1131, '2025-07-23', 'TN80NR1299', 'Singh LLC', 'Girish Baria', '5194465538', 'Bullet', 2310);
INSERT INTO Weighbridge (Gatepass_No, Truck_Type, Weight_In, Weight_Out, In_Time, Out_Time) VALUES (1131, 'Bullet', 6253, 5919, '2025-08-24 08:56:46.470570', '2025-08-24 10:56:46.470570');
INSERT INTO Unloading (Vehicle_Number, Truck_Type, Cylinder_Type, Capsule1_MT, Capsule2_MT, Capsule3_MT, Gatepass_No) VALUES ('TN80NR1299', 'Bullet', NULL, 7.6, 5.93, 8.17, 1131);
INSERT INTO Filling_Center (Cylinder_Type, Leakage_Test, Cap_Check, Manual_Test, Gatepass_No) VALUES ('10kg', 0, 0, 0, 1131);
INSERT INTO Security_In VALUES (1132, '2025-09-05', 'TN17QR9845', 'Upasna Bhandari', '4508916976', 'Bullet', 2455);
INSERT INTO Security_Out VALUES (1132, '2025-09-05', 'TN17QR9845', 'Mani-Jani', 'Upasna Bhandari', '4508916976', 'Bullet', 2455);
INSERT INTO Weighbridge (Gatepass_No, Truck_Type, Weight_In, Weight_Out, In_Time, Out_Time) VALUES (1132, 'Bullet', 3569, 3179, '2025-08-21 23:21:25.905180', '2025-08-22 00:21:25.905180');
INSERT INTO Unloading (Vehicle_Number, Truck_Type, Cylinder_Type, Capsule1_MT, Capsule2_MT, Capsule3_MT, Gatepass_No) VALUES ('TN17QR9845', 'Bullet', NULL, 8.33, 8.5, 6.11, 1132);
INSERT INTO Filling_Center (Cylinder_Type, Leakage_Test, Cap_Check, Manual_Test, Gatepass_No) VALUES ('14.5kg', 1, 0, 1, 1132);
INSERT INTO Security_In VALUES (1133, '2025-07-28', 'KA71ZQ9379', 'Warhi Krishnamurthy', '4416874701', 'Pack', 2607);
INSERT INTO Security_Out VALUES (1133, '2025-07-28', 'KA71ZQ9379', 'Kashyap, Rastogi and Saran', 'Warhi Krishnamurthy', '4416874701', 'Pack', 2607);
INSERT INTO Weighbridge (Gatepass_No, Truck_Type, Weight_In, Weight_Out, In_Time, Out_Time) VALUES (1133, 'Pack', 4848, 4354, '2025-08-06 09:29:20.496092', '2025-08-06 11:29:20.496092');
INSERT INTO Loading (Truck_Type, Cylinder_Type, Gatepass_No) VALUES ('Pack', '19kg', 1133);
INSERT INTO Unloading (Vehicle_Number, Truck_Type, Cylinder_Type, Capsule1_MT, Capsule2_MT, Capsule3_MT, Gatepass_No) VALUES ('KA71ZQ9379', 'Pack', '19kg', NULL, NULL, NULL, 1133);
INSERT INTO Filling_Center (Cylinder_Type, Leakage_Test, Cap_Check, Manual_Test, Gatepass_No) VALUES ('10kg', 1, 1, 1, 1133);
INSERT INTO Security_In VALUES (1134, '2025-09-14', 'UP49UK7858', 'Eesha Bera', '3088284251', 'Pack', 18974);
INSERT INTO Security_Out VALUES (1134, '2025-09-14', 'UP49UK7858', 'Sarin, Thaman and Bhakta', 'Eesha Bera', '3088284251', 'Pack', 18974);
INSERT INTO Weighbridge (Gatepass_No, Truck_Type, Weight_In, Weight_Out, In_Time, Out_Time) VALUES (1134, 'Pack', 22221, 21908, '2025-08-19 23:03:01.310676', '2025-08-20 03:03:01.310676');
INSERT INTO Loading (Truck_Type, Cylinder_Type, Gatepass_No) VALUES ('Pack', '14kg', 1134);
INSERT INTO Unloading (Vehicle_Number, Truck_Type, Cylinder_Type, Capsule1_MT, Capsule2_MT, Capsule3_MT, Gatepass_No) VALUES ('UP49UK7858', 'Pack', '14kg', NULL, NULL, NULL, 1134);
INSERT INTO Filling_Center (Cylinder_Type, Leakage_Test, Cap_Check, Manual_Test, Gatepass_No) VALUES ('14.5kg', 1, 0, 0, 1134);
INSERT INTO Security_In VALUES (1135, '2025-08-09', 'WB41GR8194', 'Aishani Bal', '2294949042', 'Bullet', 2351);
INSERT INTO Security_Out VALUES (1135, '2025-08-09', 'WB41GR8194', 'Mangal and Sons', 'Aishani Bal', '2294949042', 'Bullet', 2351);
INSERT INTO Weighbridge (Gatepass_No, Truck_Type, Weight_In, Weight_Out, In_Time, Out_Time) VALUES (1135, 'Bullet', 6813, 6570, '2025-08-24 20:56:53.024095', '2025-08-25 01:56:53.024095');
INSERT INTO Unloading (Vehicle_Number, Truck_Type, Cylinder_Type, Capsule1_MT, Capsule2_MT, Capsule3_MT, Gatepass_No) VALUES ('WB41GR8194', 'Bullet', NULL, 5.31, 9.4, 9.84, 1135);
INSERT INTO Filling_Center (Cylinder_Type, Leakage_Test, Cap_Check, Manual_Test, Gatepass_No) VALUES ('14.5kg', 1, 0, 1, 1135);
INSERT INTO Security_In VALUES (1136, '2025-08-23', 'TN73OB5706', 'Aashi Kara', '1591652808', 'Pack', 6160);
INSERT INTO Security_Out VALUES (1136, '2025-08-23', 'TN73OB5706', 'Bhalla-Kibe', 'Aashi Kara', '1591652808', 'Pack', 6160);
INSERT INTO Weighbridge (Gatepass_No, Truck_Type, Weight_In, Weight_Out, In_Time, Out_Time) VALUES (1136, 'Pack', 7225, 6802, '2025-08-14 05:57:17.548068', '2025-08-14 10:57:17.548068');
INSERT INTO Loading (Truck_Type, Cylinder_Type, Gatepass_No) VALUES ('Pack', '14kg', 1136);
INSERT INTO Unloading (Vehicle_Number, Truck_Type, Cylinder_Type, Capsule1_MT, Capsule2_MT, Capsule3_MT, Gatepass_No) VALUES ('TN73OB5706', 'Pack', '14kg', NULL, NULL, NULL, 1136);
INSERT INTO Filling_Center (Cylinder_Type, Leakage_Test, Cap_Check, Manual_Test, Gatepass_No) VALUES ('14.5kg', 1, 1, 0, 1136);
INSERT INTO Security_In VALUES (1137, '2025-07-30', 'MH24US8183', 'Yasti Nair', '4503928886', 'Bullet', 3818);
INSERT INTO Security_Out VALUES (1137, '2025-07-30', 'MH24US8183', 'Choudhary, Seth and Sahni', 'Yasti Nair', '4503928886', 'Bullet', 3818);
INSERT INTO Weighbridge (Gatepass_No, Truck_Type, Weight_In, Weight_Out, In_Time, Out_Time) VALUES (1137, 'Bullet', 7341, 7030, '2025-07-20 03:00:21.015518', '2025-07-20 04:00:21.015518');
INSERT INTO Unloading (Vehicle_Number, Truck_Type, Cylinder_Type, Capsule1_MT, Capsule2_MT, Capsule3_MT, Gatepass_No) VALUES ('MH24US8183', 'Bullet', NULL, 7.32, 8.48, 5.72, 1137);
INSERT INTO Filling_Center (Cylinder_Type, Leakage_Test, Cap_Check, Manual_Test, Gatepass_No) VALUES ('19kg', 1, 1, 1, 1137);
INSERT INTO Security_In VALUES (1138, '2025-09-07', 'RJ73HZ6563', 'Samaksh Hans', '2523713003', 'Bullet', 18347);
INSERT INTO Security_Out VALUES (1138, '2025-09-07', 'RJ73HZ6563', 'Warrior, Korpal and Tank', 'Samaksh Hans', '2523713003', 'Bullet', 18347);
INSERT INTO Weighbridge (Gatepass_No, Truck_Type, Weight_In, Weight_Out, In_Time, Out_Time) VALUES (1138, 'Bullet', 21536, 21424, '2025-09-03 15:56:56.913265', '2025-09-03 19:56:56.913265');
INSERT INTO Unloading (Vehicle_Number, Truck_Type, Cylinder_Type, Capsule1_MT, Capsule2_MT, Capsule3_MT, Gatepass_No) VALUES ('RJ73HZ6563', 'Bullet', NULL, 5.74, 8.54, 8.04, 1138);
INSERT INTO Filling_Center (Cylinder_Type, Leakage_Test, Cap_Check, Manual_Test, Gatepass_No) VALUES ('14.5kg', 1, 1, 1, 1138);
INSERT INTO Security_In VALUES (1139, '2025-09-08', 'PB31KO6271', 'Amaira Murthy', '6601466524', 'Bullet', 8671);
INSERT INTO Security_Out VALUES (1139, '2025-09-08', 'PB31KO6271', 'Malhotra Ltd', 'Amaira Murthy', '6601466524', 'Bullet', 8671);
INSERT INTO Weighbridge (Gatepass_No, Truck_Type, Weight_In, Weight_Out, In_Time, Out_Time) VALUES (1139, 'Bullet', 10963, 10545, '2025-08-11 01:10:18.610521', '2025-08-11 04:10:18.610521');
INSERT INTO Unloading (Vehicle_Number, Truck_Type, Cylinder_Type, Capsule1_MT, Capsule2_MT, Capsule3_MT, Gatepass_No) VALUES ('PB31KO6271', 'Bullet', NULL, 7.11, 5.67, 7.05, 1139);
INSERT INTO Filling_Center (Cylinder_Type, Leakage_Test, Cap_Check, Manual_Test, Gatepass_No) VALUES ('10kg', 1, 0, 0, 1139);
INSERT INTO Security_In VALUES (1140, '2025-09-06', 'KA85PU8174', 'Lakshit Parmar', '5447761086', 'Bullet', 3273);
INSERT INTO Security_Out VALUES (1140, '2025-09-06', 'KA85PU8174', 'Khalsa Ltd', 'Lakshit Parmar', '5447761086', 'Bullet', 3273);
INSERT INTO Weighbridge (Gatepass_No, Truck_Type, Weight_In, Weight_Out, In_Time, Out_Time) VALUES (1140, 'Bullet', 6175, 5721, '2025-08-24 22:24:24.247130', '2025-08-24 23:24:24.247130');
INSERT INTO Unloading (Vehicle_Number, Truck_Type, Cylinder_Type, Capsule1_MT, Capsule2_MT, Capsule3_MT, Gatepass_No) VALUES ('KA85PU8174', 'Bullet', NULL, 8.43, 5.39, 6.16, 1140);
INSERT INTO Filling_Center (Cylinder_Type, Leakage_Test, Cap_Check, Manual_Test, Gatepass_No) VALUES ('10kg', 1, 0, 0, 1140);
INSERT INTO Security_In VALUES (1141, '2025-08-09', 'HR84XG6176', 'Gagan Samra', '2794070280', 'Pack', 10167);
INSERT INTO Security_Out VALUES (1141, '2025-08-09', 'HR84XG6176', 'Hayre-Jaggi', 'Gagan Samra', '2794070280', 'Pack', 10167);
INSERT INTO Weighbridge (Gatepass_No, Truck_Type, Weight_In, Weight_Out, In_Time, Out_Time) VALUES (1141, 'Pack', 14090, 13636, '2025-09-13 21:32:27.624263', '2025-09-13 22:32:27.624263');
INSERT INTO Loading (Truck_Type, Cylinder_Type, Gatepass_No) VALUES ('Pack', '19kg', 1141);
INSERT INTO Unloading (Vehicle_Number, Truck_Type, Cylinder_Type, Capsule1_MT, Capsule2_MT, Capsule3_MT, Gatepass_No) VALUES ('HR84XG6176', 'Pack', '19kg', NULL, NULL, NULL, 1141);
INSERT INTO Filling_Center (Cylinder_Type, Leakage_Test, Cap_Check, Manual_Test, Gatepass_No) VALUES ('47kg', 1, 1, 0, 1141);
INSERT INTO Security_In VALUES (1142, '2025-09-11', 'KA92WU8270', 'Krishna Khurana', '6402236660', 'Pack', 7393);
INSERT INTO Security_Out VALUES (1142, '2025-09-11', 'KA92WU8270', 'Rajan, Sandal and Yohannan', 'Krishna Khurana', '6402236660', 'Pack', 7393);
INSERT INTO Weighbridge (Gatepass_No, Truck_Type, Weight_In, Weight_Out, In_Time, Out_Time) VALUES (1142, 'Pack', 10423, 10113, '2025-08-16 21:00:07.202919', '2025-08-16 23:00:07.202919');
INSERT INTO Loading (Truck_Type, Cylinder_Type, Gatepass_No) VALUES ('Pack', '47kg', 1142);
INSERT INTO Unloading (Vehicle_Number, Truck_Type, Cylinder_Type, Capsule1_MT, Capsule2_MT, Capsule3_MT, Gatepass_No) VALUES ('KA92WU8270', 'Pack', '47kg', NULL, NULL, NULL, 1142);
INSERT INTO Filling_Center (Cylinder_Type, Leakage_Test, Cap_Check, Manual_Test, Gatepass_No) VALUES ('5kg', 0, 0, 1, 1142);
INSERT INTO Security_In VALUES (1143, '2025-08-27', 'DL54VI4807', 'Onkar Basu', '5805318126', 'Pack', 5608);
INSERT INTO Security_Out VALUES (1143, '2025-08-27', 'DL54VI4807', 'Jhaveri, Sen and Kala', 'Onkar Basu', '5805318126', 'Pack', 5608);
INSERT INTO Weighbridge (Gatepass_No, Truck_Type, Weight_In, Weight_Out, In_Time, Out_Time) VALUES (1143, 'Pack', 10074, 9646, '2025-07-28 18:24:07.714166', '2025-07-28 20:24:07.714166');
INSERT INTO Loading (Truck_Type, Cylinder_Type, Gatepass_No) VALUES ('Pack', '14kg', 1143);
INSERT INTO Unloading (Vehicle_Number, Truck_Type, Cylinder_Type, Capsule1_MT, Capsule2_MT, Capsule3_MT, Gatepass_No) VALUES ('DL54VI4807', 'Pack', '14kg', NULL, NULL, NULL, 1143);
INSERT INTO Filling_Center (Cylinder_Type, Leakage_Test, Cap_Check, Manual_Test, Gatepass_No) VALUES ('14.5kg', 1, 1, 1, 1143);
INSERT INTO Security_In VALUES (1144, '2025-08-05', 'UP13NL9332', 'Daniel Swaminathan', '0853764275', 'Bullet', 11032);
INSERT INTO Security_Out VALUES (1144, '2025-08-05', 'UP13NL9332', 'Vora and Sons', 'Daniel Swaminathan', '0853764275', 'Bullet', 11032);
INSERT INTO Weighbridge (Gatepass_No, Truck_Type, Weight_In, Weight_Out, In_Time, Out_Time) VALUES (1144, 'Bullet', 12055, 11614, '2025-09-05 02:37:55.915026', '2025-09-05 03:37:55.915026');
INSERT INTO Unloading (Vehicle_Number, Truck_Type, Cylinder_Type, Capsule1_MT, Capsule2_MT, Capsule3_MT, Gatepass_No) VALUES ('UP13NL9332', 'Bullet', NULL, 5.72, 8.55, 5.2, 1144);
INSERT INTO Filling_Center (Cylinder_Type, Leakage_Test, Cap_Check, Manual_Test, Gatepass_No) VALUES ('19kg', 0, 1, 1, 1144);
INSERT INTO Security_In VALUES (1145, '2025-09-06', 'PB77HG7324', 'Frederick Deshmukh', '4768263071', 'Bullet', 18055);
INSERT INTO Security_Out VALUES (1145, '2025-09-06', 'PB77HG7324', 'Deep-Subramanian', 'Frederick Deshmukh', '4768263071', 'Bullet', 18055);
INSERT INTO Weighbridge (Gatepass_No, Truck_Type, Weight_In, Weight_Out, In_Time, Out_Time) VALUES (1145, 'Bullet', 19683, 19547, '2025-07-20 22:01:44.781623', '2025-07-21 01:01:44.781623');
INSERT INTO Unloading (Vehicle_Number, Truck_Type, Cylinder_Type, Capsule1_MT, Capsule2_MT, Capsule3_MT, Gatepass_No) VALUES ('PB77HG7324', 'Bullet', NULL, 7.46, 9.55, 5.85, 1145);
INSERT INTO Filling_Center (Cylinder_Type, Leakage_Test, Cap_Check, Manual_Test, Gatepass_No) VALUES ('14.5kg', 1, 0, 1, 1145);
INSERT INTO Security_In VALUES (1146, '2025-07-30', 'KA29EF7984', 'Janani Balay', '7896255955', 'Pack', 11081);
INSERT INTO Security_Out VALUES (1146, '2025-07-30', 'KA29EF7984', 'Khurana PLC', 'Janani Balay', '7896255955', 'Pack', 11081);
INSERT INTO Weighbridge (Gatepass_No, Truck_Type, Weight_In, Weight_Out, In_Time, Out_Time) VALUES (1146, 'Pack', 15994, 15517, '2025-07-18 22:31:59.415896', '2025-07-19 03:31:59.415896');
INSERT INTO Loading (Truck_Type, Cylinder_Type, Gatepass_No) VALUES ('Pack', '47kg', 1146);
INSERT INTO Unloading (Vehicle_Number, Truck_Type, Cylinder_Type, Capsule1_MT, Capsule2_MT, Capsule3_MT, Gatepass_No) VALUES ('KA29EF7984', 'Pack', '47kg', NULL, NULL, NULL, 1146);
INSERT INTO Filling_Center (Cylinder_Type, Leakage_Test, Cap_Check, Manual_Test, Gatepass_No) VALUES ('47kg', 1, 1, 0, 1146);
INSERT INTO Security_In VALUES (1147, '2025-08-31', 'DL32EG9675', 'Charita Verma', '4190865083', 'Bullet', 12301);
INSERT INTO Security_Out VALUES (1147, '2025-08-31', 'DL32EG9675', 'Jhaveri PLC', 'Charita Verma', '4190865083', 'Bullet', 12301);
INSERT INTO Weighbridge (Gatepass_No, Truck_Type, Weight_In, Weight_Out, In_Time, Out_Time) VALUES (1147, 'Bullet', 16859, 16594, '2025-08-07 12:13:47.815314', '2025-08-07 15:13:47.815314');
INSERT INTO Unloading (Vehicle_Number, Truck_Type, Cylinder_Type, Capsule1_MT, Capsule2_MT, Capsule3_MT, Gatepass_No) VALUES ('DL32EG9675', 'Bullet', NULL, 8.1, 5.15, 9.44, 1147);
INSERT INTO Filling_Center (Cylinder_Type, Leakage_Test, Cap_Check, Manual_Test, Gatepass_No) VALUES ('14.5kg', 0, 1, 0, 1147);
INSERT INTO Security_In VALUES (1148, '2025-07-20', 'PB16HR4731', 'Ikshita Nath', '1934349562', 'Pack', 19685);
INSERT INTO Security_Out VALUES (1148, '2025-07-20', 'PB16HR4731', 'Parekh-Sule', 'Ikshita Nath', '1934349562', 'Pack', 19685);
INSERT INTO Weighbridge (Gatepass_No, Truck_Type, Weight_In, Weight_Out, In_Time, Out_Time) VALUES (1148, 'Pack', 22984, 22739, '2025-08-10 03:07:52.749894', '2025-08-10 06:07:52.749894');
INSERT INTO Loading (Truck_Type, Cylinder_Type, Gatepass_No) VALUES ('Pack', '14kg', 1148);
INSERT INTO Unloading (Vehicle_Number, Truck_Type, Cylinder_Type, Capsule1_MT, Capsule2_MT, Capsule3_MT, Gatepass_No) VALUES ('PB16HR4731', 'Pack', '14kg', NULL, NULL, NULL, 1148);
INSERT INTO Filling_Center (Cylinder_Type, Leakage_Test, Cap_Check, Manual_Test, Gatepass_No) VALUES ('10kg', 0, 1, 1, 1148);
INSERT INTO Security_In VALUES (1149, '2025-08-11', 'KA24SD9583', 'Kavya Atwal', '0992646333', 'Pack', 16344);
INSERT INTO Security_Out VALUES (1149, '2025-08-11', 'KA24SD9583', 'Badal, Wali and Pau', 'Kavya Atwal', '0992646333', 'Pack', 16344);
INSERT INTO Weighbridge (Gatepass_No, Truck_Type, Weight_In, Weight_Out, In_Time, Out_Time) VALUES (1149, 'Pack', 21188, 20826, '2025-08-17 17:55:57.697480', '2025-08-17 21:55:57.697480');
INSERT INTO Loading (Truck_Type, Cylinder_Type, Gatepass_No) VALUES ('Pack', '19kg', 1149);
INSERT INTO Unloading (Vehicle_Number, Truck_Type, Cylinder_Type, Capsule1_MT, Capsule2_MT, Capsule3_MT, Gatepass_No) VALUES ('KA24SD9583', 'Pack', '19kg', NULL, NULL, NULL, 1149);
INSERT INTO Filling_Center (Cylinder_Type, Leakage_Test, Cap_Check, Manual_Test, Gatepass_No) VALUES ('5kg', 0, 0, 0, 1149);
INSERT INTO Security_In VALUES (1150, '2025-09-13', 'TN63WR9070', 'Dalaja Pall', '8381305234', 'Pack', 15916);
INSERT INTO Security_Out VALUES (1150, '2025-09-13', 'TN63WR9070', 'Seshadri, Mahajan and Mital', 'Dalaja Pall', '8381305234', 'Pack', 15916);
INSERT INTO Weighbridge (Gatepass_No, Truck_Type, Weight_In, Weight_Out, In_Time, Out_Time) VALUES (1150, 'Pack', 20687, 20582, '2025-09-15 05:20:19.074202', '2025-09-15 07:20:19.074202');
INSERT INTO Loading (Truck_Type, Cylinder_Type, Gatepass_No) VALUES ('Pack', '19kg', 1150);
INSERT INTO Unloading (Vehicle_Number, Truck_Type, Cylinder_Type, Capsule1_MT, Capsule2_MT, Capsule3_MT, Gatepass_No) VALUES ('TN63WR9070', 'Pack', '19kg', NULL, NULL, NULL, 1150);
INSERT INTO Filling_Center (Cylinder_Type, Leakage_Test, Cap_Check, Manual_Test, Gatepass_No) VALUES ('47kg', 1, 0, 1, 1150);
INSERT INTO Security_In VALUES (1151, '2025-08-15', 'KA14JM4468', 'Lila Tailor', '6936629707', 'Pack', 14897);
INSERT INTO Security_Out VALUES (1151, '2025-08-15', 'KA14JM4468', 'Sachdeva, Ramachandran and Raj', 'Lila Tailor', '6936629707', 'Pack', 14897);
INSERT INTO Weighbridge (Gatepass_No, Truck_Type, Weight_In, Weight_Out, In_Time, Out_Time) VALUES (1151, 'Pack', 16479, 16080, '2025-07-20 22:51:16.528159', '2025-07-21 02:51:16.528159');
INSERT INTO Loading (Truck_Type, Cylinder_Type, Gatepass_No) VALUES ('Pack', '14kg', 1151);
INSERT INTO Unloading (Vehicle_Number, Truck_Type, Cylinder_Type, Capsule1_MT, Capsule2_MT, Capsule3_MT, Gatepass_No) VALUES ('KA14JM4468', 'Pack', '14kg', NULL, NULL, NULL, 1151);
INSERT INTO Filling_Center (Cylinder_Type, Leakage_Test, Cap_Check, Manual_Test, Gatepass_No) VALUES ('10kg', 0, 1, 0, 1151);
INSERT INTO Security_In VALUES (1152, '2025-08-25', 'RJ27TJ7592', 'Tara Choudhry', '5969008825', 'Pack', 7097);
INSERT INTO Security_Out VALUES (1152, '2025-08-25', 'RJ27TJ7592', 'Venkataraman and Sons', 'Tara Choudhry', '5969008825', 'Pack', 7097);
INSERT INTO Weighbridge (Gatepass_No, Truck_Type, Weight_In, Weight_Out, In_Time, Out_Time) VALUES (1152, 'Pack', 10331, 10182, '2025-07-29 19:58:27.503200', '2025-07-29 21:58:27.503200');
INSERT INTO Loading (Truck_Type, Cylinder_Type, Gatepass_No) VALUES ('Pack', '14kg', 1152);
INSERT INTO Unloading (Vehicle_Number, Truck_Type, Cylinder_Type, Capsule1_MT, Capsule2_MT, Capsule3_MT, Gatepass_No) VALUES ('RJ27TJ7592', 'Pack', '14kg', NULL, NULL, NULL, 1152);
INSERT INTO Filling_Center (Cylinder_Type, Leakage_Test, Cap_Check, Manual_Test, Gatepass_No) VALUES ('14.5kg', 1, 1, 1, 1152);
INSERT INTO Security_In VALUES (1153, '2025-09-07', 'KA91FX6992', 'Omisha Dora', '5211341998', 'Pack', 15223);
INSERT INTO Security_Out VALUES (1153, '2025-09-07', 'KA91FX6992', 'Chakraborty, Wagle and Dubey', 'Omisha Dora', '5211341998', 'Pack', 15223);
INSERT INTO Weighbridge (Gatepass_No, Truck_Type, Weight_In, Weight_Out, In_Time, Out_Time) VALUES (1153, 'Pack', 19192, 19013, '2025-09-09 10:22:17.275074', '2025-09-09 12:22:17.275074');
INSERT INTO Loading (Truck_Type, Cylinder_Type, Gatepass_No) VALUES ('Pack', '47kg', 1153);
INSERT INTO Unloading (Vehicle_Number, Truck_Type, Cylinder_Type, Capsule1_MT, Capsule2_MT, Capsule3_MT, Gatepass_No) VALUES ('KA91FX6992', 'Pack', '47kg', NULL, NULL, NULL, 1153);
INSERT INTO Filling_Center (Cylinder_Type, Leakage_Test, Cap_Check, Manual_Test, Gatepass_No) VALUES ('14.5kg', 1, 0, 0, 1153);
INSERT INTO Security_In VALUES (1154, '2025-08-13', 'KA35AQ1442', 'Prisha Krish', '0503893743', 'Pack', 11436);
INSERT INTO Security_Out VALUES (1154, '2025-08-13', 'KA35AQ1442', 'Khurana Group', 'Prisha Krish', '0503893743', 'Pack', 11436);
INSERT INTO Weighbridge (Gatepass_No, Truck_Type, Weight_In, Weight_Out, In_Time, Out_Time) VALUES (1154, 'Pack', 13565, 13366, '2025-09-05 23:17:36.578064', '2025-09-06 00:17:36.578064');
INSERT INTO Loading (Truck_Type, Cylinder_Type, Gatepass_No) VALUES ('Pack', '47kg', 1154);
INSERT INTO Unloading (Vehicle_Number, Truck_Type, Cylinder_Type, Capsule1_MT, Capsule2_MT, Capsule3_MT, Gatepass_No) VALUES ('KA35AQ1442', 'Pack', '47kg', NULL, NULL, NULL, 1154);
INSERT INTO Filling_Center (Cylinder_Type, Leakage_Test, Cap_Check, Manual_Test, Gatepass_No) VALUES ('47kg', 1, 0, 0, 1154);
INSERT INTO Security_In VALUES (1155, '2025-09-13', 'UP78AH9823', 'Turvi Chawla', '6538680690', 'Pack', 10066);
INSERT INTO Security_Out VALUES (1155, '2025-09-13', 'UP78AH9823', 'Rajagopal, Gill and Bhakta', 'Turvi Chawla', '6538680690', 'Pack', 10066);
INSERT INTO Weighbridge (Gatepass_No, Truck_Type, Weight_In, Weight_Out, In_Time, Out_Time) VALUES (1155, 'Pack', 12207, 11766, '2025-08-21 20:44:57.728388', '2025-08-21 22:44:57.728388');
INSERT INTO Loading (Truck_Type, Cylinder_Type, Gatepass_No) VALUES ('Pack', '47kg', 1155);
INSERT INTO Unloading (Vehicle_Number, Truck_Type, Cylinder_Type, Capsule1_MT, Capsule2_MT, Capsule3_MT, Gatepass_No) VALUES ('UP78AH9823', 'Pack', '47kg', NULL, NULL, NULL, 1155);
INSERT INTO Filling_Center (Cylinder_Type, Leakage_Test, Cap_Check, Manual_Test, Gatepass_No) VALUES ('10kg', 0, 0, 0, 1155);
INSERT INTO Security_In VALUES (1156, '2025-08-08', 'HR68SO8724', 'Ansh Narayanan', '9541534862', 'Bullet', 15731);
INSERT INTO Security_Out VALUES (1156, '2025-08-08', 'HR68SO8724', 'Narayanan-Dyal', 'Ansh Narayanan', '9541534862', 'Bullet', 15731);
INSERT INTO Weighbridge (Gatepass_No, Truck_Type, Weight_In, Weight_Out, In_Time, Out_Time) VALUES (1156, 'Bullet', 19559, 19327, '2025-08-08 15:58:04.613135', '2025-08-08 18:58:04.613135');
INSERT INTO Unloading (Vehicle_Number, Truck_Type, Cylinder_Type, Capsule1_MT, Capsule2_MT, Capsule3_MT, Gatepass_No) VALUES ('HR68SO8724', 'Bullet', NULL, 5.65, 7.28, 5.77, 1156);
INSERT INTO Filling_Center (Cylinder_Type, Leakage_Test, Cap_Check, Manual_Test, Gatepass_No) VALUES ('47kg', 1, 0, 0, 1156);
INSERT INTO Security_In VALUES (1157, '2025-08-14', 'DL27RI6854', 'Mekhala Kapur', '8161530228', 'Pack', 6033);
INSERT INTO Security_Out VALUES (1157, '2025-08-14', 'DL27RI6854', 'Ratti-Dara', 'Mekhala Kapur', '8161530228', 'Pack', 6033);
INSERT INTO Weighbridge (Gatepass_No, Truck_Type, Weight_In, Weight_Out, In_Time, Out_Time) VALUES (1157, 'Pack', 10263, 9799, '2025-08-28 23:09:12.824562', '2025-08-29 00:09:12.824562');
INSERT INTO Loading (Truck_Type, Cylinder_Type, Gatepass_No) VALUES ('Pack', '47kg', 1157);
INSERT INTO Unloading (Vehicle_Number, Truck_Type, Cylinder_Type, Capsule1_MT, Capsule2_MT, Capsule3_MT, Gatepass_No) VALUES ('DL27RI6854', 'Pack', '47kg', NULL, NULL, NULL, 1157);
INSERT INTO Filling_Center (Cylinder_Type, Leakage_Test, Cap_Check, Manual_Test, Gatepass_No) VALUES ('14.5kg', 0, 1, 1, 1157);
INSERT INTO Security_In VALUES (1158, '2025-07-29', 'GJ52TO3944', 'Om Doshi', '1439490757', 'Pack', 6529);
INSERT INTO Security_Out VALUES (1158, '2025-07-29', 'GJ52TO3944', 'Mangal Group', 'Om Doshi', '1439490757', 'Pack', 6529);
INSERT INTO Weighbridge (Gatepass_No, Truck_Type, Weight_In, Weight_Out, In_Time, Out_Time) VALUES (1158, 'Pack', 11281, 10885, '2025-09-14 08:54:18.907342', '2025-09-14 13:54:18.907342');
INSERT INTO Loading (Truck_Type, Cylinder_Type, Gatepass_No) VALUES ('Pack', '19kg', 1158);
INSERT INTO Unloading (Vehicle_Number, Truck_Type, Cylinder_Type, Capsule1_MT, Capsule2_MT, Capsule3_MT, Gatepass_No) VALUES ('GJ52TO3944', 'Pack', '19kg', NULL, NULL, NULL, 1158);
INSERT INTO Filling_Center (Cylinder_Type, Leakage_Test, Cap_Check, Manual_Test, Gatepass_No) VALUES ('19kg', 1, 0, 0, 1158);
INSERT INTO Security_In VALUES (1159, '2025-08-02', 'HR12EU6984', 'Aadhya Dua', '3329186383', 'Bullet', 17276);
INSERT INTO Security_Out VALUES (1159, '2025-08-02', 'HR12EU6984', 'Pau Group', 'Aadhya Dua', '3329186383', 'Bullet', 17276);
INSERT INTO Weighbridge (Gatepass_No, Truck_Type, Weight_In, Weight_Out, In_Time, Out_Time) VALUES (1159, 'Bullet', 21132, 20864, '2025-08-04 01:30:37.290776', '2025-08-04 02:30:37.290776');
INSERT INTO Unloading (Vehicle_Number, Truck_Type, Cylinder_Type, Capsule1_MT, Capsule2_MT, Capsule3_MT, Gatepass_No) VALUES ('HR12EU6984', 'Bullet', NULL, 8.51, 6.56, 6.87, 1159);
INSERT INTO Filling_Center (Cylinder_Type, Leakage_Test, Cap_Check, Manual_Test, Gatepass_No) VALUES ('19kg', 0, 1, 0, 1159);
INSERT INTO Security_In VALUES (1160, '2025-07-21', 'TN96MZ8783', 'Madhavi Jaggi', '4114097592', 'Pack', 15664);
INSERT INTO Security_Out VALUES (1160, '2025-07-21', 'TN96MZ8783', 'Chopra, Murthy and Tripathi', 'Madhavi Jaggi', '4114097592', 'Pack', 15664);
INSERT INTO Weighbridge (Gatepass_No, Truck_Type, Weight_In, Weight_Out, In_Time, Out_Time) VALUES (1160, 'Pack', 19378, 19078, '2025-08-16 03:26:42.855290', '2025-08-16 05:26:42.855290');
INSERT INTO Loading (Truck_Type, Cylinder_Type, Gatepass_No) VALUES ('Pack', '14kg', 1160);
INSERT INTO Unloading (Vehicle_Number, Truck_Type, Cylinder_Type, Capsule1_MT, Capsule2_MT, Capsule3_MT, Gatepass_No) VALUES ('TN96MZ8783', 'Pack', '14kg', NULL, NULL, NULL, 1160);
INSERT INTO Filling_Center (Cylinder_Type, Leakage_Test, Cap_Check, Manual_Test, Gatepass_No) VALUES ('14.5kg', 1, 1, 1, 1160);
INSERT INTO Security_In VALUES (1161, '2025-07-19', 'RJ69OX4923', 'Ansh Sant', '6901487809', 'Bullet', 14942);
INSERT INTO Security_Out VALUES (1161, '2025-07-19', 'RJ69OX4923', 'Kibe-Chowdhury', 'Ansh Sant', '6901487809', 'Bullet', 14942);
INSERT INTO Weighbridge (Gatepass_No, Truck_Type, Weight_In, Weight_Out, In_Time, Out_Time) VALUES (1161, 'Bullet', 19672, 19421, '2025-09-06 03:14:12.580778', '2025-09-06 05:14:12.580778');
INSERT INTO Unloading (Vehicle_Number, Truck_Type, Cylinder_Type, Capsule1_MT, Capsule2_MT, Capsule3_MT, Gatepass_No) VALUES ('RJ69OX4923', 'Bullet', NULL, 7.51, 5.44, 5.29, 1161);
INSERT INTO Filling_Center (Cylinder_Type, Leakage_Test, Cap_Check, Manual_Test, Gatepass_No) VALUES ('19kg', 0, 0, 1, 1161);
INSERT INTO Security_In VALUES (1162, '2025-08-12', 'HR69KC3760', 'Tanvi Arora', '2826357251', 'Pack', 15708);
INSERT INTO Security_Out VALUES (1162, '2025-08-12', 'HR69KC3760', 'Bhatt, Bahl and Khatri', 'Tanvi Arora', '2826357251', 'Pack', 15708);
INSERT INTO Weighbridge (Gatepass_No, Truck_Type, Weight_In, Weight_Out, In_Time, Out_Time) VALUES (1162, 'Pack', 18518, 18412, '2025-07-29 12:06:18.986942', '2025-07-29 16:06:18.986942');
INSERT INTO Loading (Truck_Type, Cylinder_Type, Gatepass_No) VALUES ('Pack', '47kg', 1162);
INSERT INTO Unloading (Vehicle_Number, Truck_Type, Cylinder_Type, Capsule1_MT, Capsule2_MT, Capsule3_MT, Gatepass_No) VALUES ('HR69KC3760', 'Pack', '47kg', NULL, NULL, NULL, 1162);
INSERT INTO Filling_Center (Cylinder_Type, Leakage_Test, Cap_Check, Manual_Test, Gatepass_No) VALUES ('47kg', 1, 1, 0, 1162);
INSERT INTO Security_In VALUES (1163, '2025-08-22', 'KA69RH9648', 'Gaurangi Dua', '5481712432', 'Bullet', 1190);
INSERT INTO Security_Out VALUES (1163, '2025-08-22', 'KA69RH9648', 'Parekh Ltd', 'Gaurangi Dua', '5481712432', 'Bullet', 1190);
INSERT INTO Weighbridge (Gatepass_No, Truck_Type, Weight_In, Weight_Out, In_Time, Out_Time) VALUES (1163, 'Bullet', 4464, 4021, '2025-08-20 16:44:06.599505', '2025-08-20 19:44:06.599505');
INSERT INTO Unloading (Vehicle_Number, Truck_Type, Cylinder_Type, Capsule1_MT, Capsule2_MT, Capsule3_MT, Gatepass_No) VALUES ('KA69RH9648', 'Bullet', NULL, 5.73, 9.6, 7.98, 1163);
INSERT INTO Filling_Center (Cylinder_Type, Leakage_Test, Cap_Check, Manual_Test, Gatepass_No) VALUES ('14.5kg', 1, 1, 0, 1163);
INSERT INTO Security_In VALUES (1164, '2025-07-29', 'GJ85BK2286', 'Rachita Ratti', '9772511629', 'Bullet', 18735);
INSERT INTO Security_Out VALUES (1164, '2025-07-29', 'GJ85BK2286', 'Nigam LLC', 'Rachita Ratti', '9772511629', 'Bullet', 18735);
INSERT INTO Weighbridge (Gatepass_No, Truck_Type, Weight_In, Weight_Out, In_Time, Out_Time) VALUES (1164, 'Bullet', 20721, 20279, '2025-09-10 13:59:40.713179', '2025-09-10 18:59:40.713179');
INSERT INTO Unloading (Vehicle_Number, Truck_Type, Cylinder_Type, Capsule1_MT, Capsule2_MT, Capsule3_MT, Gatepass_No) VALUES ('GJ85BK2286', 'Bullet', NULL, 7.97, 7.8, 5.87, 1164);
INSERT INTO Filling_Center (Cylinder_Type, Leakage_Test, Cap_Check, Manual_Test, Gatepass_No) VALUES ('10kg', 1, 1, 0, 1164);
INSERT INTO Security_In VALUES (1165, '2025-09-05', 'PB82LF5439', 'Ekapad Iyer', '9473779807', 'Pack', 19238);
INSERT INTO Security_Out VALUES (1165, '2025-09-05', 'PB82LF5439', 'Yohannan, Dash and Gala', 'Ekapad Iyer', '9473779807', 'Pack', 19238);
INSERT INTO Weighbridge (Gatepass_No, Truck_Type, Weight_In, Weight_Out, In_Time, Out_Time) VALUES (1165, 'Pack', 23638, 23447, '2025-09-01 18:05:43.370073', '2025-09-01 21:05:43.370073');
INSERT INTO Loading (Truck_Type, Cylinder_Type, Gatepass_No) VALUES ('Pack', '14kg', 1165);
INSERT INTO Unloading (Vehicle_Number, Truck_Type, Cylinder_Type, Capsule1_MT, Capsule2_MT, Capsule3_MT, Gatepass_No) VALUES ('PB82LF5439', 'Pack', '14kg', NULL, NULL, NULL, 1165);
INSERT INTO Filling_Center (Cylinder_Type, Leakage_Test, Cap_Check, Manual_Test, Gatepass_No) VALUES ('47kg', 1, 1, 1, 1165);
INSERT INTO Security_In VALUES (1166, '2025-08-11', 'WB51AB6459', 'Reva Chhabra', '1365053445', 'Pack', 7717);
INSERT INTO Security_Out VALUES (1166, '2025-08-11', 'WB51AB6459', 'Choudhry Group', 'Reva Chhabra', '1365053445', 'Pack', 7717);
INSERT INTO Weighbridge (Gatepass_No, Truck_Type, Weight_In, Weight_Out, In_Time, Out_Time) VALUES (1166, 'Pack', 12131, 11928, '2025-08-03 14:19:22.488548', '2025-08-03 17:19:22.488548');
INSERT INTO Loading (Truck_Type, Cylinder_Type, Gatepass_No) VALUES ('Pack', '19kg', 1166);
INSERT INTO Unloading (Vehicle_Number, Truck_Type, Cylinder_Type, Capsule1_MT, Capsule2_MT, Capsule3_MT, Gatepass_No) VALUES ('WB51AB6459', 'Pack', '19kg', NULL, NULL, NULL, 1166);
INSERT INTO Filling_Center (Cylinder_Type, Leakage_Test, Cap_Check, Manual_Test, Gatepass_No) VALUES ('5kg', 1, 0, 1, 1166);
INSERT INTO Security_In VALUES (1167, '2025-08-15', 'RJ97RD1156', 'Ekiya Kulkarni', '8317097420', 'Bullet', 11921);
INSERT INTO Security_Out VALUES (1167, '2025-08-15', 'RJ97RD1156', 'Kant and Sons', 'Ekiya Kulkarni', '8317097420', 'Bullet', 11921);
INSERT INTO Weighbridge (Gatepass_No, Truck_Type, Weight_In, Weight_Out, In_Time, Out_Time) VALUES (1167, 'Bullet', 14473, 14061, '2025-08-15 07:13:59.297404', '2025-08-15 11:13:59.297404');
INSERT INTO Unloading (Vehicle_Number, Truck_Type, Cylinder_Type, Capsule1_MT, Capsule2_MT, Capsule3_MT, Gatepass_No) VALUES ('RJ97RD1156', 'Bullet', NULL, 6.13, 9.3, 8.41, 1167);
INSERT INTO Filling_Center (Cylinder_Type, Leakage_Test, Cap_Check, Manual_Test, Gatepass_No) VALUES ('14.5kg', 0, 1, 1, 1167);
INSERT INTO Security_In VALUES (1168, '2025-09-06', 'TN40JQ4727', 'Ranbir Sastry', '5640626887', 'Bullet', 4001);
INSERT INTO Security_Out VALUES (1168, '2025-09-06', 'TN40JQ4727', 'Dar, Pathak and Peri', 'Ranbir Sastry', '5640626887', 'Bullet', 4001);
INSERT INTO Weighbridge (Gatepass_No, Truck_Type, Weight_In, Weight_Out, In_Time, Out_Time) VALUES (1168, 'Bullet', 7429, 7323, '2025-07-31 20:30:08.889901', '2025-07-31 21:30:08.889901');
INSERT INTO Unloading (Vehicle_Number, Truck_Type, Cylinder_Type, Capsule1_MT, Capsule2_MT, Capsule3_MT, Gatepass_No) VALUES ('TN40JQ4727', 'Bullet', NULL, 7.72, 5.7, 8.97, 1168);
INSERT INTO Filling_Center (Cylinder_Type, Leakage_Test, Cap_Check, Manual_Test, Gatepass_No) VALUES ('14.5kg', 0, 1, 1, 1168);
INSERT INTO Security_In VALUES (1169, '2025-09-09', 'RJ27IM7498', 'Michael Tak', '7848639459', 'Pack', 12438);
INSERT INTO Security_Out VALUES (1169, '2025-09-09', 'RJ27IM7498', 'Lata, Grewal and Prabhu', 'Michael Tak', '7848639459', 'Pack', 12438);
INSERT INTO Weighbridge (Gatepass_No, Truck_Type, Weight_In, Weight_Out, In_Time, Out_Time) VALUES (1169, 'Pack', 14361, 14180, '2025-08-24 19:56:37.836972', '2025-08-24 20:56:37.836972');
INSERT INTO Loading (Truck_Type, Cylinder_Type, Gatepass_No) VALUES ('Pack', '19kg', 1169);
INSERT INTO Unloading (Vehicle_Number, Truck_Type, Cylinder_Type, Capsule1_MT, Capsule2_MT, Capsule3_MT, Gatepass_No) VALUES ('RJ27IM7498', 'Pack', '19kg', NULL, NULL, NULL, 1169);
INSERT INTO Filling_Center (Cylinder_Type, Leakage_Test, Cap_Check, Manual_Test, Gatepass_No) VALUES ('19kg', 1, 0, 1, 1169);
INSERT INTO Security_In VALUES (1170, '2025-08-16', 'KA92SQ8397', 'Henry Devan', '8234235300', 'Bullet', 5884);
INSERT INTO Security_Out VALUES (1170, '2025-08-16', 'KA92SQ8397', 'Bhardwaj-Mutti', 'Henry Devan', '8234235300', 'Bullet', 5884);
INSERT INTO Weighbridge (Gatepass_No, Truck_Type, Weight_In, Weight_Out, In_Time, Out_Time) VALUES (1170, 'Bullet', 8318, 8148, '2025-08-20 01:40:20.525094', '2025-08-20 02:40:20.525094');
INSERT INTO Unloading (Vehicle_Number, Truck_Type, Cylinder_Type, Capsule1_MT, Capsule2_MT, Capsule3_MT, Gatepass_No) VALUES ('KA92SQ8397', 'Bullet', NULL, 8.87, 7.87, 9.88, 1170);
INSERT INTO Filling_Center (Cylinder_Type, Leakage_Test, Cap_Check, Manual_Test, Gatepass_No) VALUES ('14.5kg', 0, 0, 0, 1170);
INSERT INTO Security_In VALUES (1171, '2025-08-18', 'UP42ZC7787', 'Rajeshri Basu', '5540070282', 'Bullet', 4480);
INSERT INTO Security_Out VALUES (1171, '2025-08-18', 'UP42ZC7787', 'Varghese-Mann', 'Rajeshri Basu', '5540070282', 'Bullet', 4480);
INSERT INTO Weighbridge (Gatepass_No, Truck_Type, Weight_In, Weight_Out, In_Time, Out_Time) VALUES (1171, 'Bullet', 7153, 6666, '2025-08-09 04:44:08.332860', '2025-08-09 05:44:08.332860');
INSERT INTO Unloading (Vehicle_Number, Truck_Type, Cylinder_Type, Capsule1_MT, Capsule2_MT, Capsule3_MT, Gatepass_No) VALUES ('UP42ZC7787', 'Bullet', NULL, 6.21, 9.07, 5.73, 1171);
INSERT INTO Filling_Center (Cylinder_Type, Leakage_Test, Cap_Check, Manual_Test, Gatepass_No) VALUES ('19kg', 0, 1, 0, 1171);
INSERT INTO Security_In VALUES (1172, '2025-07-26', 'MH27MB2083', 'Chameli Iyer', '8540887499', 'Pack', 18080);
INSERT INTO Security_Out VALUES (1172, '2025-07-26', 'MH27MB2083', 'Maharaj, Mahajan and Suresh', 'Chameli Iyer', '8540887499', 'Pack', 18080);
INSERT INTO Weighbridge (Gatepass_No, Truck_Type, Weight_In, Weight_Out, In_Time, Out_Time) VALUES (1172, 'Pack', 19984, 19718, '2025-07-18 18:28:18.542479', '2025-07-18 22:28:18.542479');
INSERT INTO Loading (Truck_Type, Cylinder_Type, Gatepass_No) VALUES ('Pack', '19kg', 1172);
INSERT INTO Unloading (Vehicle_Number, Truck_Type, Cylinder_Type, Capsule1_MT, Capsule2_MT, Capsule3_MT, Gatepass_No) VALUES ('MH27MB2083', 'Pack', '19kg', NULL, NULL, NULL, 1172);
INSERT INTO Filling_Center (Cylinder_Type, Leakage_Test, Cap_Check, Manual_Test, Gatepass_No) VALUES ('5kg', 1, 0, 0, 1172);
INSERT INTO Security_In VALUES (1173, '2025-08-04', 'GJ69JJ5620', 'Faraj Shanker', '1505859865', 'Bullet', 3360);
INSERT INTO Security_Out VALUES (1173, '2025-08-04', 'GJ69JJ5620', 'Hegde Ltd', 'Faraj Shanker', '1505859865', 'Bullet', 3360);
INSERT INTO Weighbridge (Gatepass_No, Truck_Type, Weight_In, Weight_Out, In_Time, Out_Time) VALUES (1173, 'Bullet', 7019, 6805, '2025-07-31 08:59:51.647367', '2025-07-31 09:59:51.647367');
INSERT INTO Unloading (Vehicle_Number, Truck_Type, Cylinder_Type, Capsule1_MT, Capsule2_MT, Capsule3_MT, Gatepass_No) VALUES ('GJ69JJ5620', 'Bullet', NULL, 9.63, 5.32, 8.57, 1173);
INSERT INTO Filling_Center (Cylinder_Type, Leakage_Test, Cap_Check, Manual_Test, Gatepass_No) VALUES ('14.5kg', 0, 1, 1, 1173);
INSERT INTO Security_In VALUES (1174, '2025-08-11', 'GJ85BG9807', 'Wahab DAlia', '4311803443', 'Pack', 18891);
INSERT INTO Security_Out VALUES (1174, '2025-08-11', 'GJ85BG9807', 'Kari-Roy', 'Wahab DAlia', '4311803443', 'Pack', 18891);
INSERT INTO Weighbridge (Gatepass_No, Truck_Type, Weight_In, Weight_Out, In_Time, Out_Time) VALUES (1174, 'Pack', 21243, 21123, '2025-08-15 06:57:14.229921', '2025-08-15 07:57:14.229921');
INSERT INTO Loading (Truck_Type, Cylinder_Type, Gatepass_No) VALUES ('Pack', '47kg', 1174);
INSERT INTO Unloading (Vehicle_Number, Truck_Type, Cylinder_Type, Capsule1_MT, Capsule2_MT, Capsule3_MT, Gatepass_No) VALUES ('GJ85BG9807', 'Pack', '47kg', NULL, NULL, NULL, 1174);
INSERT INTO Filling_Center (Cylinder_Type, Leakage_Test, Cap_Check, Manual_Test, Gatepass_No) VALUES ('5kg', 0, 0, 0, 1174);
INSERT INTO Security_In VALUES (1175, '2025-07-25', 'GJ43BI4890', 'Odika Divan', '6241020544', 'Bullet', 13361);
INSERT INTO Security_Out VALUES (1175, '2025-07-25', 'GJ43BI4890', 'Ram Group', 'Odika Divan', '6241020544', 'Bullet', 13361);
INSERT INTO Weighbridge (Gatepass_No, Truck_Type, Weight_In, Weight_Out, In_Time, Out_Time) VALUES (1175, 'Bullet', 14852, 14417, '2025-07-23 00:41:53.716553', '2025-07-23 04:41:53.716553');
INSERT INTO Unloading (Vehicle_Number, Truck_Type, Cylinder_Type, Capsule1_MT, Capsule2_MT, Capsule3_MT, Gatepass_No) VALUES ('GJ43BI4890', 'Bullet', NULL, 8.06, 7.28, 8.72, 1175);
INSERT INTO Filling_Center (Cylinder_Type, Leakage_Test, Cap_Check, Manual_Test, Gatepass_No) VALUES ('5kg', 1, 0, 0, 1175);
INSERT INTO Security_In VALUES (1176, '2025-07-25', 'MH79TU4606', 'Ati Savant', '8138944817', 'Pack', 19733);
INSERT INTO Security_Out VALUES (1176, '2025-07-25', 'MH79TU4606', 'Varty-Raval', 'Ati Savant', '8138944817', 'Pack', 19733);
INSERT INTO Weighbridge (Gatepass_No, Truck_Type, Weight_In, Weight_Out, In_Time, Out_Time) VALUES (1176, 'Pack', 24577, 24294, '2025-08-17 09:09:23.109833', '2025-08-17 11:09:23.109833');
INSERT INTO Loading (Truck_Type, Cylinder_Type, Gatepass_No) VALUES ('Pack', '14kg', 1176);
INSERT INTO Unloading (Vehicle_Number, Truck_Type, Cylinder_Type, Capsule1_MT, Capsule2_MT, Capsule3_MT, Gatepass_No) VALUES ('MH79TU4606', 'Pack', '14kg', NULL, NULL, NULL, 1176);
INSERT INTO Filling_Center (Cylinder_Type, Leakage_Test, Cap_Check, Manual_Test, Gatepass_No) VALUES ('14.5kg', 0, 0, 0, 1176);
INSERT INTO Security_In VALUES (1177, '2025-09-05', 'GJ97HT5699', 'Yutika Dhillon', '3559339879', 'Pack', 6528);
INSERT INTO Security_Out VALUES (1177, '2025-09-05', 'GJ97HT5699', 'Gara, Nadig and Luthra', 'Yutika Dhillon', '3559339879', 'Pack', 6528);
INSERT INTO Weighbridge (Gatepass_No, Truck_Type, Weight_In, Weight_Out, In_Time, Out_Time) VALUES (1177, 'Pack', 8551, 8107, '2025-08-11 11:33:05.912652', '2025-08-11 14:33:05.912652');
INSERT INTO Loading (Truck_Type, Cylinder_Type, Gatepass_No) VALUES ('Pack', '47kg', 1177);
INSERT INTO Unloading (Vehicle_Number, Truck_Type, Cylinder_Type, Capsule1_MT, Capsule2_MT, Capsule3_MT, Gatepass_No) VALUES ('GJ97HT5699', 'Pack', '47kg', NULL, NULL, NULL, 1177);
INSERT INTO Filling_Center (Cylinder_Type, Leakage_Test, Cap_Check, Manual_Test, Gatepass_No) VALUES ('10kg', 1, 0, 1, 1177);
INSERT INTO Security_In VALUES (1178, '2025-08-28', 'KA55NT3573', 'Onkar Thakur', '9975326464', 'Bullet', 13630);
INSERT INTO Security_Out VALUES (1178, '2025-08-28', 'KA55NT3573', 'Thaker PLC', 'Onkar Thakur', '9975326464', 'Bullet', 13630);
INSERT INTO Weighbridge (Gatepass_No, Truck_Type, Weight_In, Weight_Out, In_Time, Out_Time) VALUES (1178, 'Bullet', 15720, 15469, '2025-08-31 07:39:20.923687', '2025-08-31 11:39:20.923687');
INSERT INTO Unloading (Vehicle_Number, Truck_Type, Cylinder_Type, Capsule1_MT, Capsule2_MT, Capsule3_MT, Gatepass_No) VALUES ('KA55NT3573', 'Bullet', NULL, 6.91, 9.04, 9.07, 1178);
INSERT INTO Filling_Center (Cylinder_Type, Leakage_Test, Cap_Check, Manual_Test, Gatepass_No) VALUES ('47kg', 1, 1, 1, 1178);
INSERT INTO Security_In VALUES (1179, '2025-08-23', 'GJ74LU7203', 'Shivani Dhaliwal', '0816686559', 'Bullet', 19122);
INSERT INTO Security_Out VALUES (1179, '2025-08-23', 'GJ74LU7203', 'Bava Group', 'Shivani Dhaliwal', '0816686559', 'Bullet', 19122);
INSERT INTO Weighbridge (Gatepass_No, Truck_Type, Weight_In, Weight_Out, In_Time, Out_Time) VALUES (1179, 'Bullet', 20192, 20063, '2025-09-02 00:58:53.812045', '2025-09-02 05:58:53.812045');
INSERT INTO Unloading (Vehicle_Number, Truck_Type, Cylinder_Type, Capsule1_MT, Capsule2_MT, Capsule3_MT, Gatepass_No) VALUES ('GJ74LU7203', 'Bullet', NULL, 6.35, 6.27, 6.17, 1179);
INSERT INTO Filling_Center (Cylinder_Type, Leakage_Test, Cap_Check, Manual_Test, Gatepass_No) VALUES ('19kg', 1, 1, 1, 1179);
INSERT INTO Security_In VALUES (1180, '2025-07-29', 'MH46MY4914', 'Harshil Parsa', '0181775434', 'Bullet', 14001);
INSERT INTO Security_Out VALUES (1180, '2025-07-29', 'MH46MY4914', 'Sengupta, Parsa and Pillay', 'Harshil Parsa', '0181775434', 'Bullet', 14001);
INSERT INTO Weighbridge (Gatepass_No, Truck_Type, Weight_In, Weight_Out, In_Time, Out_Time) VALUES (1180, 'Bullet', 18675, 18289, '2025-07-19 13:25:56.530464', '2025-07-19 15:25:56.530464');
INSERT INTO Unloading (Vehicle_Number, Truck_Type, Cylinder_Type, Capsule1_MT, Capsule2_MT, Capsule3_MT, Gatepass_No) VALUES ('MH46MY4914', 'Bullet', NULL, 5.83, 6.13, 7.69, 1180);
INSERT INTO Filling_Center (Cylinder_Type, Leakage_Test, Cap_Check, Manual_Test, Gatepass_No) VALUES ('5kg', 1, 0, 0, 1180);
INSERT INTO Security_In VALUES (1181, '2025-08-27', 'WB84VK3700', 'Gayathri Sha', '6926210515', 'Bullet', 4931);
INSERT INTO Security_Out VALUES (1181, '2025-08-27', 'WB84VK3700', 'Mand, Sahota and Hora', 'Gayathri Sha', '6926210515', 'Bullet', 4931);
INSERT INTO Weighbridge (Gatepass_No, Truck_Type, Weight_In, Weight_Out, In_Time, Out_Time) VALUES (1181, 'Bullet', 8535, 8040, '2025-08-03 14:10:22.426661', '2025-08-03 15:10:22.426661');
INSERT INTO Unloading (Vehicle_Number, Truck_Type, Cylinder_Type, Capsule1_MT, Capsule2_MT, Capsule3_MT, Gatepass_No) VALUES ('WB84VK3700', 'Bullet', NULL, 6.13, 9.48, 6.1, 1181);
INSERT INTO Filling_Center (Cylinder_Type, Leakage_Test, Cap_Check, Manual_Test, Gatepass_No) VALUES ('5kg', 0, 1, 0, 1181);
INSERT INTO Security_In VALUES (1182, '2025-08-17', 'KA92PW4559', 'Daksha Kanda', '9606427617', 'Pack', 15829);
INSERT INTO Security_Out VALUES (1182, '2025-08-17', 'KA92PW4559', 'Pandya, Bhalla and Tank', 'Daksha Kanda', '9606427617', 'Pack', 15829);
INSERT INTO Weighbridge (Gatepass_No, Truck_Type, Weight_In, Weight_Out, In_Time, Out_Time) VALUES (1182, 'Pack', 20804, 20457, '2025-09-12 11:57:20.452706', '2025-09-12 15:57:20.452706');
INSERT INTO Loading (Truck_Type, Cylinder_Type, Gatepass_No) VALUES ('Pack', '14kg', 1182);
INSERT INTO Unloading (Vehicle_Number, Truck_Type, Cylinder_Type, Capsule1_MT, Capsule2_MT, Capsule3_MT, Gatepass_No) VALUES ('KA92PW4559', 'Pack', '14kg', NULL, NULL, NULL, 1182);
INSERT INTO Filling_Center (Cylinder_Type, Leakage_Test, Cap_Check, Manual_Test, Gatepass_No) VALUES ('14.5kg', 0, 1, 0, 1182);
INSERT INTO Security_In VALUES (1183, '2025-07-17', 'WB38OW7703', 'Saumya Sengupta', '9934847216', 'Bullet', 4836);
INSERT INTO Security_Out VALUES (1183, '2025-07-17', 'WB38OW7703', 'Sanghvi Inc', 'Saumya Sengupta', '9934847216', 'Bullet', 4836);
INSERT INTO Weighbridge (Gatepass_No, Truck_Type, Weight_In, Weight_Out, In_Time, Out_Time) VALUES (1183, 'Bullet', 6392, 6219, '2025-09-12 12:20:05.465588', '2025-09-12 14:20:05.465588');
INSERT INTO Unloading (Vehicle_Number, Truck_Type, Cylinder_Type, Capsule1_MT, Capsule2_MT, Capsule3_MT, Gatepass_No) VALUES ('WB38OW7703', 'Bullet', NULL, 6.27, 5.18, 9.72, 1183);
INSERT INTO Filling_Center (Cylinder_Type, Leakage_Test, Cap_Check, Manual_Test, Gatepass_No) VALUES ('47kg', 0, 1, 0, 1183);
INSERT INTO Security_In VALUES (1184, '2025-08-18', 'KA31HZ2708', 'Hardik Randhawa', '1046334865', 'Bullet', 16104);
INSERT INTO Security_Out VALUES (1184, '2025-08-18', 'KA31HZ2708', 'Murty PLC', 'Hardik Randhawa', '1046334865', 'Bullet', 16104);
INSERT INTO Weighbridge (Gatepass_No, Truck_Type, Weight_In, Weight_Out, In_Time, Out_Time) VALUES (1184, 'Bullet', 17427, 17323, '2025-09-01 13:01:00.646884', '2025-09-01 17:01:00.646884');
INSERT INTO Unloading (Vehicle_Number, Truck_Type, Cylinder_Type, Capsule1_MT, Capsule2_MT, Capsule3_MT, Gatepass_No) VALUES ('KA31HZ2708', 'Bullet', NULL, 7.16, 8.89, 7.82, 1184);
INSERT INTO Filling_Center (Cylinder_Type, Leakage_Test, Cap_Check, Manual_Test, Gatepass_No) VALUES ('5kg', 1, 1, 1, 1184);
INSERT INTO Security_In VALUES (1185, '2025-09-09', 'GJ23RA5929', 'Viraj Mahajan', '2717482352', 'Pack', 9478);
INSERT INTO Security_Out VALUES (1185, '2025-09-09', 'GJ23RA5929', 'Sami, Srinivas and Jhaveri', 'Viraj Mahajan', '2717482352', 'Pack', 9478);
INSERT INTO Weighbridge (Gatepass_No, Truck_Type, Weight_In, Weight_Out, In_Time, Out_Time) VALUES (1185, 'Pack', 10950, 10508, '2025-08-24 00:26:36.844055', '2025-08-24 02:26:36.844055');
INSERT INTO Loading (Truck_Type, Cylinder_Type, Gatepass_No) VALUES ('Pack', '14kg', 1185);
INSERT INTO Unloading (Vehicle_Number, Truck_Type, Cylinder_Type, Capsule1_MT, Capsule2_MT, Capsule3_MT, Gatepass_No) VALUES ('GJ23RA5929', 'Pack', '14kg', NULL, NULL, NULL, 1185);
INSERT INTO Filling_Center (Cylinder_Type, Leakage_Test, Cap_Check, Manual_Test, Gatepass_No) VALUES ('10kg', 1, 1, 1, 1185);
INSERT INTO Security_In VALUES (1186, '2025-08-13', 'TN49ZR7354', 'Vrinda Rana', '5406488467', 'Bullet', 14599);
INSERT INTO Security_Out VALUES (1186, '2025-08-13', 'TN49ZR7354', 'Sood Group', 'Vrinda Rana', '5406488467', 'Bullet', 14599);
INSERT INTO Weighbridge (Gatepass_No, Truck_Type, Weight_In, Weight_Out, In_Time, Out_Time) VALUES (1186, 'Bullet', 17967, 17620, '2025-08-01 04:30:46.941939', '2025-08-01 06:30:46.941939');
INSERT INTO Unloading (Vehicle_Number, Truck_Type, Cylinder_Type, Capsule1_MT, Capsule2_MT, Capsule3_MT, Gatepass_No) VALUES ('TN49ZR7354', 'Bullet', NULL, 7.69, 6.38, 9.3, 1186);
INSERT INTO Filling_Center (Cylinder_Type, Leakage_Test, Cap_Check, Manual_Test, Gatepass_No) VALUES ('14.5kg', 0, 1, 1, 1186);
INSERT INTO Security_In VALUES (1187, '2025-07-19', 'DL33VJ7537', 'Samaksh Apte', '8113886426', 'Pack', 7940);
INSERT INTO Security_Out VALUES (1187, '2025-07-19', 'DL33VJ7537', 'Sane-Kohli', 'Samaksh Apte', '8113886426', 'Pack', 7940);
INSERT INTO Weighbridge (Gatepass_No, Truck_Type, Weight_In, Weight_Out, In_Time, Out_Time) VALUES (1187, 'Pack', 9428, 8976, '2025-09-10 01:43:02.021641', '2025-09-10 04:43:02.021641');
INSERT INTO Loading (Truck_Type, Cylinder_Type, Gatepass_No) VALUES ('Pack', '19kg', 1187);
INSERT INTO Unloading (Vehicle_Number, Truck_Type, Cylinder_Type, Capsule1_MT, Capsule2_MT, Capsule3_MT, Gatepass_No) VALUES ('DL33VJ7537', 'Pack', '19kg', NULL, NULL, NULL, 1187);
INSERT INTO Filling_Center (Cylinder_Type, Leakage_Test, Cap_Check, Manual_Test, Gatepass_No) VALUES ('10kg', 0, 1, 1, 1187);
INSERT INTO Security_In VALUES (1188, '2025-07-21', 'GJ15QU6146', 'Tamanna Bail', '5526911478', 'Pack', 19434);
INSERT INTO Security_Out VALUES (1188, '2025-07-21', 'GJ15QU6146', 'Barad, Som and Rajan', 'Tamanna Bail', '5526911478', 'Pack', 19434);
INSERT INTO Weighbridge (Gatepass_No, Truck_Type, Weight_In, Weight_Out, In_Time, Out_Time) VALUES (1188, 'Pack', 22924, 22432, '2025-09-02 04:16:57.207865', '2025-09-02 09:16:57.207865');
INSERT INTO Loading (Truck_Type, Cylinder_Type, Gatepass_No) VALUES ('Pack', '14kg', 1188);
INSERT INTO Unloading (Vehicle_Number, Truck_Type, Cylinder_Type, Capsule1_MT, Capsule2_MT, Capsule3_MT, Gatepass_No) VALUES ('GJ15QU6146', 'Pack', '14kg', NULL, NULL, NULL, 1188);
INSERT INTO Filling_Center (Cylinder_Type, Leakage_Test, Cap_Check, Manual_Test, Gatepass_No) VALUES ('19kg', 1, 1, 1, 1188);
INSERT INTO Security_In VALUES (1189, '2025-07-23', 'WB92JE3364', 'Januja Sood', '1416327159', 'Bullet', 13788);
INSERT INTO Security_Out VALUES (1189, '2025-07-23', 'WB92JE3364', 'Vaidya PLC', 'Januja Sood', '1416327159', 'Bullet', 13788);
INSERT INTO Weighbridge (Gatepass_No, Truck_Type, Weight_In, Weight_Out, In_Time, Out_Time) VALUES (1189, 'Bullet', 18192, 18027, '2025-07-29 11:15:30.666662', '2025-07-29 12:15:30.666662');
INSERT INTO Unloading (Vehicle_Number, Truck_Type, Cylinder_Type, Capsule1_MT, Capsule2_MT, Capsule3_MT, Gatepass_No) VALUES ('WB92JE3364', 'Bullet', NULL, 6.72, 9.19, 5.97, 1189);
INSERT INTO Filling_Center (Cylinder_Type, Leakage_Test, Cap_Check, Manual_Test, Gatepass_No) VALUES ('5kg', 1, 1, 0, 1189);
INSERT INTO Security_In VALUES (1190, '2025-08-27', 'GJ74ZH4871', 'Yashawini Walla', '5892710336', 'Pack', 3118);
INSERT INTO Security_Out VALUES (1190, '2025-08-27', 'GJ74ZH4871', 'Balasubramanian and Sons', 'Yashawini Walla', '5892710336', 'Pack', 3118);
INSERT INTO Weighbridge (Gatepass_No, Truck_Type, Weight_In, Weight_Out, In_Time, Out_Time) VALUES (1190, 'Pack', 5652, 5399, '2025-07-26 16:46:50.864134', '2025-07-26 21:46:50.864134');
INSERT INTO Loading (Truck_Type, Cylinder_Type, Gatepass_No) VALUES ('Pack', '47kg', 1190);
INSERT INTO Unloading (Vehicle_Number, Truck_Type, Cylinder_Type, Capsule1_MT, Capsule2_MT, Capsule3_MT, Gatepass_No) VALUES ('GJ74ZH4871', 'Pack', '47kg', NULL, NULL, NULL, 1190);
INSERT INTO Filling_Center (Cylinder_Type, Leakage_Test, Cap_Check, Manual_Test, Gatepass_No) VALUES ('47kg', 1, 1, 0, 1190);
INSERT INTO Security_In VALUES (1191, '2025-08-01', 'WB49CK5604', 'Brijesh Gala', '8424141204', 'Pack', 4501);
INSERT INTO Security_Out VALUES (1191, '2025-08-01', 'WB49CK5604', 'Behl LLC', 'Brijesh Gala', '8424141204', 'Pack', 4501);
INSERT INTO Weighbridge (Gatepass_No, Truck_Type, Weight_In, Weight_Out, In_Time, Out_Time) VALUES (1191, 'Pack', 8520, 8178, '2025-08-21 16:28:23.770378', '2025-08-21 19:28:23.770378');
INSERT INTO Loading (Truck_Type, Cylinder_Type, Gatepass_No) VALUES ('Pack', '47kg', 1191);
INSERT INTO Unloading (Vehicle_Number, Truck_Type, Cylinder_Type, Capsule1_MT, Capsule2_MT, Capsule3_MT, Gatepass_No) VALUES ('WB49CK5604', 'Pack', '47kg', NULL, NULL, NULL, 1191);
INSERT INTO Filling_Center (Cylinder_Type, Leakage_Test, Cap_Check, Manual_Test, Gatepass_No) VALUES ('14.5kg', 1, 1, 1, 1191);
INSERT INTO Security_In VALUES (1192, '2025-08-26', 'MH76UP9379', 'Sathvik Rao', '1438890663', 'Bullet', 2660);
INSERT INTO Security_Out VALUES (1192, '2025-08-26', 'MH76UP9379', 'Agate LLC', 'Sathvik Rao', '1438890663', 'Bullet', 2660);
INSERT INTO Weighbridge (Gatepass_No, Truck_Type, Weight_In, Weight_Out, In_Time, Out_Time) VALUES (1192, 'Bullet', 4307, 4178, '2025-09-06 10:25:59.927678', '2025-09-06 11:25:59.927678');
INSERT INTO Unloading (Vehicle_Number, Truck_Type, Cylinder_Type, Capsule1_MT, Capsule2_MT, Capsule3_MT, Gatepass_No) VALUES ('MH76UP9379', 'Bullet', NULL, 8.25, 7.72, 9.1, 1192);
INSERT INTO Filling_Center (Cylinder_Type, Leakage_Test, Cap_Check, Manual_Test, Gatepass_No) VALUES ('47kg', 0, 1, 0, 1192);
INSERT INTO Security_In VALUES (1193, '2025-08-28', 'PB39FN7584', 'Hemangini Chander', '8887515469', 'Bullet', 8450);
INSERT INTO Security_Out VALUES (1193, '2025-08-28', 'PB39FN7584', 'Chandran, Bumb and Chahal', 'Hemangini Chander', '8887515469', 'Bullet', 8450);
INSERT INTO Weighbridge (Gatepass_No, Truck_Type, Weight_In, Weight_Out, In_Time, Out_Time) VALUES (1193, 'Bullet', 13178, 12888, '2025-09-10 11:45:34.401627', '2025-09-10 16:45:34.401627');
INSERT INTO Unloading (Vehicle_Number, Truck_Type, Cylinder_Type, Capsule1_MT, Capsule2_MT, Capsule3_MT, Gatepass_No) VALUES ('PB39FN7584', 'Bullet', NULL, 7.51, 6.78, 8.06, 1193);
INSERT INTO Filling_Center (Cylinder_Type, Leakage_Test, Cap_Check, Manual_Test, Gatepass_No) VALUES ('47kg', 1, 1, 1, 1193);
INSERT INTO Security_In VALUES (1194, '2025-08-18', 'RJ24AZ2004', 'Yug Murthy', '9001343273', 'Pack', 4270);
INSERT INTO Security_Out VALUES (1194, '2025-08-18', 'RJ24AZ2004', 'Karan PLC', 'Yug Murthy', '9001343273', 'Pack', 4270);
INSERT INTO Weighbridge (Gatepass_No, Truck_Type, Weight_In, Weight_Out, In_Time, Out_Time) VALUES (1194, 'Pack', 6624, 6156, '2025-08-02 12:57:39.514157', '2025-08-02 17:57:39.514157');
INSERT INTO Loading (Truck_Type, Cylinder_Type, Gatepass_No) VALUES ('Pack', '47kg', 1194);
INSERT INTO Unloading (Vehicle_Number, Truck_Type, Cylinder_Type, Capsule1_MT, Capsule2_MT, Capsule3_MT, Gatepass_No) VALUES ('RJ24AZ2004', 'Pack', '47kg', NULL, NULL, NULL, 1194);
INSERT INTO Filling_Center (Cylinder_Type, Leakage_Test, Cap_Check, Manual_Test, Gatepass_No) VALUES ('19kg', 1, 0, 1, 1194);
INSERT INTO Security_In VALUES (1195, '2025-08-04', 'UP33QT6902', 'Yashvi Natarajan', '5857377116', 'Bullet', 8502);
INSERT INTO Security_Out VALUES (1195, '2025-08-04', 'UP33QT6902', 'Thaker Group', 'Yashvi Natarajan', '5857377116', 'Bullet', 8502);
INSERT INTO Weighbridge (Gatepass_No, Truck_Type, Weight_In, Weight_Out, In_Time, Out_Time) VALUES (1195, 'Bullet', 10717, 10344, '2025-08-09 07:20:37.430467', '2025-08-09 08:20:37.430467');
INSERT INTO Unloading (Vehicle_Number, Truck_Type, Cylinder_Type, Capsule1_MT, Capsule2_MT, Capsule3_MT, Gatepass_No) VALUES ('UP33QT6902', 'Bullet', NULL, 7.13, 9.27, 5.1, 1195);
INSERT INTO Filling_Center (Cylinder_Type, Leakage_Test, Cap_Check, Manual_Test, Gatepass_No) VALUES ('14.5kg', 1, 0, 0, 1195);
INSERT INTO Security_In VALUES (1196, '2025-07-27', 'RJ37UY6666', 'Nitesh Barman', '4583297353', 'Pack', 14316);
INSERT INTO Security_Out VALUES (1196, '2025-07-27', 'RJ37UY6666', 'Magar-Bhavsar', 'Nitesh Barman', '4583297353', 'Pack', 14316);
INSERT INTO Weighbridge (Gatepass_No, Truck_Type, Weight_In, Weight_Out, In_Time, Out_Time) VALUES (1196, 'Pack', 16286, 16134, '2025-08-24 06:04:44.969668', '2025-08-24 11:04:44.969668');
INSERT INTO Loading (Truck_Type, Cylinder_Type, Gatepass_No) VALUES ('Pack', '14kg', 1196);
INSERT INTO Unloading (Vehicle_Number, Truck_Type, Cylinder_Type, Capsule1_MT, Capsule2_MT, Capsule3_MT, Gatepass_No) VALUES ('RJ37UY6666', 'Pack', '14kg', NULL, NULL, NULL, 1196);
INSERT INTO Filling_Center (Cylinder_Type, Leakage_Test, Cap_Check, Manual_Test, Gatepass_No) VALUES ('19kg', 0, 0, 1, 1196);
INSERT INTO Security_In VALUES (1197, '2025-07-18', 'UP24OO5711', 'Wyatt Koshy', '4809856889', 'Bullet', 13346);
INSERT INTO Security_Out VALUES (1197, '2025-07-18', 'UP24OO5711', 'Oommen Inc', 'Wyatt Koshy', '4809856889', 'Bullet', 13346);
INSERT INTO Weighbridge (Gatepass_No, Truck_Type, Weight_In, Weight_Out, In_Time, Out_Time) VALUES (1197, 'Bullet', 17466, 17186, '2025-08-29 15:13:36.487703', '2025-08-29 17:13:36.487703');
INSERT INTO Unloading (Vehicle_Number, Truck_Type, Cylinder_Type, Capsule1_MT, Capsule2_MT, Capsule3_MT, Gatepass_No) VALUES ('UP24OO5711', 'Bullet', NULL, 8.42, 6.83, 8.77, 1197);
INSERT INTO Filling_Center (Cylinder_Type, Leakage_Test, Cap_Check, Manual_Test, Gatepass_No) VALUES ('19kg', 1, 1, 0, 1197);
INSERT INTO Security_In VALUES (1198, '2025-08-02', 'TN24GR4704', 'Pallavi Khanna', '1159283229', 'Pack', 12950);
INSERT INTO Security_Out VALUES (1198, '2025-08-02', 'TN24GR4704', 'Bhavsar, Halder and Sarna', 'Pallavi Khanna', '1159283229', 'Pack', 12950);
INSERT INTO Weighbridge (Gatepass_No, Truck_Type, Weight_In, Weight_Out, In_Time, Out_Time) VALUES (1198, 'Pack', 15537, 15337, '2025-09-12 04:50:09.736242', '2025-09-12 07:50:09.736242');
INSERT INTO Loading (Truck_Type, Cylinder_Type, Gatepass_No) VALUES ('Pack', '47kg', 1198);
INSERT INTO Unloading (Vehicle_Number, Truck_Type, Cylinder_Type, Capsule1_MT, Capsule2_MT, Capsule3_MT, Gatepass_No) VALUES ('TN24GR4704', 'Pack', '47kg', NULL, NULL, NULL, 1198);
INSERT INTO Filling_Center (Cylinder_Type, Leakage_Test, Cap_Check, Manual_Test, Gatepass_No) VALUES ('10kg', 0, 0, 0, 1198);
INSERT INTO Security_In VALUES (1199, '2025-08-11', 'DL14NG3242', 'Chakradhar Nazareth', '9324313240', 'Bullet', 6795);
INSERT INTO Security_Out VALUES (1199, '2025-08-11', 'DL14NG3242', 'Char-Sule', 'Chakradhar Nazareth', '9324313240', 'Bullet', 6795);
INSERT INTO Weighbridge (Gatepass_No, Truck_Type, Weight_In, Weight_Out, In_Time, Out_Time) VALUES (1199, 'Bullet', 9356, 8856, '2025-08-05 12:54:50.491368', '2025-08-05 13:54:50.491368');
INSERT INTO Unloading (Vehicle_Number, Truck_Type, Cylinder_Type, Capsule1_MT, Capsule2_MT, Capsule3_MT, Gatepass_No) VALUES ('DL14NG3242', 'Bullet', NULL, 8.25, 5.78, 7.78, 1199);
INSERT INTO Filling_Center (Cylinder_Type, Leakage_Test, Cap_Check, Manual_Test, Gatepass_No) VALUES ('47kg', 0, 1, 0, 1199);
INSERT INTO Security_In VALUES (1200, '2025-08-21', 'UP71UB6837', 'Indira Taneja', '1551335164', 'Pack', 722);
INSERT INTO Security_Out VALUES (1200, '2025-08-21', 'UP71UB6837', 'Sarin-Suri', 'Indira Taneja', '1551335164', 'Pack', 722);
INSERT INTO Weighbridge (Gatepass_No, Truck_Type, Weight_In, Weight_Out, In_Time, Out_Time) VALUES (1200, 'Pack', 5333, 5015, '2025-08-17 06:41:52.548496', '2025-08-17 10:41:52.548496');
INSERT INTO Loading (Truck_Type, Cylinder_Type, Gatepass_No) VALUES ('Pack', '19kg', 1200);
INSERT INTO Unloading (Vehicle_Number, Truck_Type, Cylinder_Type, Capsule1_MT, Capsule2_MT, Capsule3_MT, Gatepass_No) VALUES ('UP71UB6837', 'Pack', '19kg', NULL, NULL, NULL, 1200);
INSERT INTO Filling_Center (Cylinder_Type, Leakage_Test, Cap_Check, Manual_Test, Gatepass_No) VALUES ('14.5kg', 0, 1, 1, 1200);
INSERT INTO Security_In VALUES (1201, '2025-07-31', 'WB48BS7430', 'Ati Vig', '9702357762', 'Bullet', 13254);
INSERT INTO Security_Out VALUES (1201, '2025-07-31', 'WB48BS7430', 'Nagi, Pillay and Sant', 'Ati Vig', '9702357762', 'Bullet', 13254);
INSERT INTO Weighbridge (Gatepass_No, Truck_Type, Weight_In, Weight_Out, In_Time, Out_Time) VALUES (1201, 'Bullet', 14874, 14763, '2025-09-06 15:06:10.781127', '2025-09-06 20:06:10.781127');
INSERT INTO Unloading (Vehicle_Number, Truck_Type, Cylinder_Type, Capsule1_MT, Capsule2_MT, Capsule3_MT, Gatepass_No) VALUES ('WB48BS7430', 'Bullet', NULL, 5.94, 6.88, 9.79, 1201);
INSERT INTO Filling_Center (Cylinder_Type, Leakage_Test, Cap_Check, Manual_Test, Gatepass_No) VALUES ('47kg', 0, 1, 1, 1201);
INSERT INTO Security_In VALUES (1202, '2025-08-13', 'PB57QB1382', 'Charan Reddy', '4777024313', 'Bullet', 19845);
INSERT INTO Security_Out VALUES (1202, '2025-08-13', 'PB57QB1382', 'Karnik PLC', 'Charan Reddy', '4777024313', 'Bullet', 19845);
INSERT INTO Weighbridge (Gatepass_No, Truck_Type, Weight_In, Weight_Out, In_Time, Out_Time) VALUES (1202, 'Bullet', 22131, 21643, '2025-07-26 04:00:50.415371', '2025-07-26 08:00:50.415371');
INSERT INTO Unloading (Vehicle_Number, Truck_Type, Cylinder_Type, Capsule1_MT, Capsule2_MT, Capsule3_MT, Gatepass_No) VALUES ('PB57QB1382', 'Bullet', NULL, 5.88, 6.83, 9.21, 1202);
INSERT INTO Filling_Center (Cylinder_Type, Leakage_Test, Cap_Check, Manual_Test, Gatepass_No) VALUES ('5kg', 0, 1, 1, 1202);
INSERT INTO Security_In VALUES (1203, '2025-08-08', 'PB60SX3687', 'Megha Saxena', '6027030576', 'Pack', 12716);
INSERT INTO Security_Out VALUES (1203, '2025-08-08', 'PB60SX3687', 'Rama LLC', 'Megha Saxena', '6027030576', 'Pack', 12716);
INSERT INTO Weighbridge (Gatepass_No, Truck_Type, Weight_In, Weight_Out, In_Time, Out_Time) VALUES (1203, 'Pack', 17155, 16764, '2025-09-07 16:18:04.724146', '2025-09-07 19:18:04.724146');
INSERT INTO Loading (Truck_Type, Cylinder_Type, Gatepass_No) VALUES ('Pack', '14kg', 1203);
INSERT INTO Unloading (Vehicle_Number, Truck_Type, Cylinder_Type, Capsule1_MT, Capsule2_MT, Capsule3_MT, Gatepass_No) VALUES ('PB60SX3687', 'Pack', '14kg', NULL, NULL, NULL, 1203);
INSERT INTO Filling_Center (Cylinder_Type, Leakage_Test, Cap_Check, Manual_Test, Gatepass_No) VALUES ('47kg', 0, 1, 0, 1203);
INSERT INTO Security_In VALUES (1204, '2025-07-27', 'PB19QL7457', 'Bimala Toor', '0792513589', 'Pack', 6259);
INSERT INTO Security_Out VALUES (1204, '2025-07-27', 'PB19QL7457', 'Nayak Group', 'Bimala Toor', '0792513589', 'Pack', 6259);
INSERT INTO Weighbridge (Gatepass_No, Truck_Type, Weight_In, Weight_Out, In_Time, Out_Time) VALUES (1204, 'Pack', 9394, 9159, '2025-08-07 00:31:20.683423', '2025-08-07 04:31:20.683423');
INSERT INTO Loading (Truck_Type, Cylinder_Type, Gatepass_No) VALUES ('Pack', '14kg', 1204);
INSERT INTO Unloading (Vehicle_Number, Truck_Type, Cylinder_Type, Capsule1_MT, Capsule2_MT, Capsule3_MT, Gatepass_No) VALUES ('PB19QL7457', 'Pack', '14kg', NULL, NULL, NULL, 1204);
INSERT INTO Filling_Center (Cylinder_Type, Leakage_Test, Cap_Check, Manual_Test, Gatepass_No) VALUES ('47kg', 0, 0, 0, 1204);
INSERT INTO Security_In VALUES (1205, '2025-08-20', 'HR55OY7037', 'Yatin Sani', '9796561734', 'Bullet', 11380);
INSERT INTO Security_Out VALUES (1205, '2025-08-20', 'HR55OY7037', 'Varkey, Pau and Banik', 'Yatin Sani', '9796561734', 'Bullet', 11380);
INSERT INTO Weighbridge (Gatepass_No, Truck_Type, Weight_In, Weight_Out, In_Time, Out_Time) VALUES (1205, 'Bullet', 14829, 14639, '2025-08-17 10:05:11.244632', '2025-08-17 12:05:11.244632');
INSERT INTO Unloading (Vehicle_Number, Truck_Type, Cylinder_Type, Capsule1_MT, Capsule2_MT, Capsule3_MT, Gatepass_No) VALUES ('HR55OY7037', 'Bullet', NULL, 8.19, 8.45, 5.48, 1205);
INSERT INTO Filling_Center (Cylinder_Type, Leakage_Test, Cap_Check, Manual_Test, Gatepass_No) VALUES ('14.5kg', 1, 0, 0, 1205);
INSERT INTO Security_In VALUES (1206, '2025-07-30', 'RJ90BB4406', 'Jalsa Madan', '2295256707', 'Pack', 9057);
INSERT INTO Security_Out VALUES (1206, '2025-07-30', 'RJ90BB4406', 'Bal, Shroff and Gupta', 'Jalsa Madan', '2295256707', 'Pack', 9057);
INSERT INTO Weighbridge (Gatepass_No, Truck_Type, Weight_In, Weight_Out, In_Time, Out_Time) VALUES (1206, 'Pack', 11683, 11461, '2025-08-02 06:46:01.587748', '2025-08-02 10:46:01.587748');
INSERT INTO Loading (Truck_Type, Cylinder_Type, Gatepass_No) VALUES ('Pack', '19kg', 1206);
INSERT INTO Unloading (Vehicle_Number, Truck_Type, Cylinder_Type, Capsule1_MT, Capsule2_MT, Capsule3_MT, Gatepass_No) VALUES ('RJ90BB4406', 'Pack', '19kg', NULL, NULL, NULL, 1206);
INSERT INTO Filling_Center (Cylinder_Type, Leakage_Test, Cap_Check, Manual_Test, Gatepass_No) VALUES ('5kg', 0, 1, 1, 1206);
INSERT INTO Security_In VALUES (1207, '2025-08-07', 'GJ99NQ9170', 'Yauvani Balakrishnan', '0882866085', 'Bullet', 3871);
INSERT INTO Security_Out VALUES (1207, '2025-08-07', 'GJ99NQ9170', 'Maharaj Ltd', 'Yauvani Balakrishnan', '0882866085', 'Bullet', 3871);
INSERT INTO Weighbridge (Gatepass_No, Truck_Type, Weight_In, Weight_Out, In_Time, Out_Time) VALUES (1207, 'Bullet', 7826, 7412, '2025-07-17 18:47:35.604899', '2025-07-17 21:47:35.604899');
INSERT INTO Unloading (Vehicle_Number, Truck_Type, Cylinder_Type, Capsule1_MT, Capsule2_MT, Capsule3_MT, Gatepass_No) VALUES ('GJ99NQ9170', 'Bullet', NULL, 9.15, 8.46, 5.06, 1207);
INSERT INTO Filling_Center (Cylinder_Type, Leakage_Test, Cap_Check, Manual_Test, Gatepass_No) VALUES ('14.5kg', 1, 1, 0, 1207);
INSERT INTO Security_In VALUES (1208, '2025-08-12', 'DL80YH7942', 'Aarnav Saran', '0854684052', 'Bullet', 14555);
INSERT INTO Security_Out VALUES (1208, '2025-08-12', 'DL80YH7942', 'Chhabra-Contractor', 'Aarnav Saran', '0854684052', 'Bullet', 14555);
INSERT INTO Weighbridge (Gatepass_No, Truck_Type, Weight_In, Weight_Out, In_Time, Out_Time) VALUES (1208, 'Bullet', 18313, 17991, '2025-07-19 08:19:03.710057', '2025-07-19 09:19:03.710057');
INSERT INTO Unloading (Vehicle_Number, Truck_Type, Cylinder_Type, Capsule1_MT, Capsule2_MT, Capsule3_MT, Gatepass_No) VALUES ('DL80YH7942', 'Bullet', NULL, 8.78, 7.71, 5.02, 1208);
INSERT INTO Filling_Center (Cylinder_Type, Leakage_Test, Cap_Check, Manual_Test, Gatepass_No) VALUES ('14.5kg', 0, 0, 1, 1208);
INSERT INTO Security_In VALUES (1209, '2025-08-01', 'TN53FV3994', 'Mahika Chauhan', '0237001723', 'Bullet', 16971);
INSERT INTO Security_Out VALUES (1209, '2025-08-01', 'TN53FV3994', 'Lala, Babu and Varghese', 'Mahika Chauhan', '0237001723', 'Bullet', 16971);
INSERT INTO Weighbridge (Gatepass_No, Truck_Type, Weight_In, Weight_Out, In_Time, Out_Time) VALUES (1209, 'Bullet', 19944, 19747, '2025-08-30 09:47:58.772803', '2025-08-30 10:47:58.772803');
INSERT INTO Unloading (Vehicle_Number, Truck_Type, Cylinder_Type, Capsule1_MT, Capsule2_MT, Capsule3_MT, Gatepass_No) VALUES ('TN53FV3994', 'Bullet', NULL, 7.94, 7.69, 9.1, 1209);
INSERT INTO Filling_Center (Cylinder_Type, Leakage_Test, Cap_Check, Manual_Test, Gatepass_No) VALUES ('47kg', 1, 0, 0, 1209);
INSERT INTO Security_In VALUES (1210, '2025-08-28', 'GJ34HA7020', 'Chaaya Anne', '2512115709', 'Pack', 5448);
INSERT INTO Security_Out VALUES (1210, '2025-08-28', 'GJ34HA7020', 'Grover-Soman', 'Chaaya Anne', '2512115709', 'Pack', 5448);
INSERT INTO Weighbridge (Gatepass_No, Truck_Type, Weight_In, Weight_Out, In_Time, Out_Time) VALUES (1210, 'Pack', 6797, 6646, '2025-07-31 21:08:57.541127', '2025-08-01 02:08:57.541127');
INSERT INTO Loading (Truck_Type, Cylinder_Type, Gatepass_No) VALUES ('Pack', '47kg', 1210);
INSERT INTO Unloading (Vehicle_Number, Truck_Type, Cylinder_Type, Capsule1_MT, Capsule2_MT, Capsule3_MT, Gatepass_No) VALUES ('GJ34HA7020', 'Pack', '47kg', NULL, NULL, NULL, 1210);
INSERT INTO Filling_Center (Cylinder_Type, Leakage_Test, Cap_Check, Manual_Test, Gatepass_No) VALUES ('5kg', 1, 1, 1, 1210);
INSERT INTO Security_In VALUES (1211, '2025-08-06', 'MH16JZ2203', 'Keya Bhatt', '3884734584', 'Pack', 17454);
INSERT INTO Security_Out VALUES (1211, '2025-08-06', 'MH16JZ2203', 'Upadhyay-Thaker', 'Keya Bhatt', '3884734584', 'Pack', 17454);
INSERT INTO Weighbridge (Gatepass_No, Truck_Type, Weight_In, Weight_Out, In_Time, Out_Time) VALUES (1211, 'Pack', 20164, 19955, '2025-08-14 18:34:42.167097', '2025-08-14 22:34:42.167097');
INSERT INTO Loading (Truck_Type, Cylinder_Type, Gatepass_No) VALUES ('Pack', '19kg', 1211);
INSERT INTO Unloading (Vehicle_Number, Truck_Type, Cylinder_Type, Capsule1_MT, Capsule2_MT, Capsule3_MT, Gatepass_No) VALUES ('MH16JZ2203', 'Pack', '19kg', NULL, NULL, NULL, 1211);
INSERT INTO Filling_Center (Cylinder_Type, Leakage_Test, Cap_Check, Manual_Test, Gatepass_No) VALUES ('19kg', 1, 1, 1, 1211);
INSERT INTO Security_In VALUES (1212, '2025-08-16', 'WB56NI1993', 'Anusha Baral', '4674599149', 'Bullet', 18425);
INSERT INTO Security_Out VALUES (1212, '2025-08-16', 'WB56NI1993', 'Hari Ltd', 'Anusha Baral', '4674599149', 'Bullet', 18425);
INSERT INTO Weighbridge (Gatepass_No, Truck_Type, Weight_In, Weight_Out, In_Time, Out_Time) VALUES (1212, 'Bullet', 21595, 21425, '2025-08-21 23:55:38.806759', '2025-08-22 00:55:38.806759');
INSERT INTO Unloading (Vehicle_Number, Truck_Type, Cylinder_Type, Capsule1_MT, Capsule2_MT, Capsule3_MT, Gatepass_No) VALUES ('WB56NI1993', 'Bullet', NULL, 9.69, 5.63, 9.59, 1212);
INSERT INTO Filling_Center (Cylinder_Type, Leakage_Test, Cap_Check, Manual_Test, Gatepass_No) VALUES ('5kg', 0, 0, 1, 1212);
INSERT INTO Security_In VALUES (1213, '2025-08-05', 'KA18CV9117', 'Jeet Narula', '8087789145', 'Bullet', 6544);
INSERT INTO Security_Out VALUES (1213, '2025-08-05', 'KA18CV9117', 'Nadkarni, Chowdhury and Gokhale', 'Jeet Narula', '8087789145', 'Bullet', 6544);
INSERT INTO Weighbridge (Gatepass_No, Truck_Type, Weight_In, Weight_Out, In_Time, Out_Time) VALUES (1213, 'Bullet', 11458, 11322, '2025-09-13 11:22:29.819526', '2025-09-13 15:22:29.819526');
INSERT INTO Unloading (Vehicle_Number, Truck_Type, Cylinder_Type, Capsule1_MT, Capsule2_MT, Capsule3_MT, Gatepass_No) VALUES ('KA18CV9117', 'Bullet', NULL, 9.18, 7.14, 7.76, 1213);
INSERT INTO Filling_Center (Cylinder_Type, Leakage_Test, Cap_Check, Manual_Test, Gatepass_No) VALUES ('19kg', 1, 1, 1, 1213);
INSERT INTO Security_In VALUES (1214, '2025-08-18', 'KA40OJ2551', 'Kala Halder', '8835013402', 'Pack', 4257);
INSERT INTO Security_Out VALUES (1214, '2025-08-18', 'KA40OJ2551', 'Nadig PLC', 'Kala Halder', '8835013402', 'Pack', 4257);
INSERT INTO Weighbridge (Gatepass_No, Truck_Type, Weight_In, Weight_Out, In_Time, Out_Time) VALUES (1214, 'Pack', 8587, 8094, '2025-08-15 03:19:19.100931', '2025-08-15 04:19:19.100931');
INSERT INTO Loading (Truck_Type, Cylinder_Type, Gatepass_No) VALUES ('Pack', '14kg', 1214);
INSERT INTO Unloading (Vehicle_Number, Truck_Type, Cylinder_Type, Capsule1_MT, Capsule2_MT, Capsule3_MT, Gatepass_No) VALUES ('KA40OJ2551', 'Pack', '14kg', NULL, NULL, NULL, 1214);
INSERT INTO Filling_Center (Cylinder_Type, Leakage_Test, Cap_Check, Manual_Test, Gatepass_No) VALUES ('14.5kg', 1, 0, 0, 1214);
INSERT INTO Security_In VALUES (1215, '2025-07-23', 'UP17RD3130', 'Ekaja Das', '0821963975', 'Pack', 14043);
INSERT INTO Security_Out VALUES (1215, '2025-07-23', 'UP17RD3130', 'Anand-Gade', 'Ekaja Das', '0821963975', 'Pack', 14043);
INSERT INTO Weighbridge (Gatepass_No, Truck_Type, Weight_In, Weight_Out, In_Time, Out_Time) VALUES (1215, 'Pack', 18642, 18154, '2025-08-07 13:46:04.178663', '2025-08-07 14:46:04.178663');
INSERT INTO Loading (Truck_Type, Cylinder_Type, Gatepass_No) VALUES ('Pack', '14kg', 1215);
INSERT INTO Unloading (Vehicle_Number, Truck_Type, Cylinder_Type, Capsule1_MT, Capsule2_MT, Capsule3_MT, Gatepass_No) VALUES ('UP17RD3130', 'Pack', '14kg', NULL, NULL, NULL, 1215);
INSERT INTO Filling_Center (Cylinder_Type, Leakage_Test, Cap_Check, Manual_Test, Gatepass_No) VALUES ('10kg', 1, 0, 1, 1215);
INSERT INTO Security_In VALUES (1216, '2025-09-05', 'DL35GV5458', 'Gagan Shukla', '9185069598', 'Bullet', 5885);
INSERT INTO Security_Out VALUES (1216, '2025-09-05', 'DL35GV5458', 'Sibal, Shroff and Kannan', 'Gagan Shukla', '9185069598', 'Bullet', 5885);
INSERT INTO Weighbridge (Gatepass_No, Truck_Type, Weight_In, Weight_Out, In_Time, Out_Time) VALUES (1216, 'Bullet', 7756, 7431, '2025-08-18 19:02:49.268831', '2025-08-19 00:02:49.268831');
INSERT INTO Unloading (Vehicle_Number, Truck_Type, Cylinder_Type, Capsule1_MT, Capsule2_MT, Capsule3_MT, Gatepass_No) VALUES ('DL35GV5458', 'Bullet', NULL, 5.57, 8.21, 9.14, 1216);
INSERT INTO Filling_Center (Cylinder_Type, Leakage_Test, Cap_Check, Manual_Test, Gatepass_No) VALUES ('47kg', 1, 0, 1, 1216);
INSERT INTO Security_In VALUES (1217, '2025-08-31', 'WB22DT6023', 'William Seth', '2958211241', 'Bullet', 1917);
INSERT INTO Security_Out VALUES (1217, '2025-08-31', 'WB22DT6023', 'Divan-Aggarwal', 'William Seth', '2958211241', 'Bullet', 1917);
INSERT INTO Weighbridge (Gatepass_No, Truck_Type, Weight_In, Weight_Out, In_Time, Out_Time) VALUES (1217, 'Bullet', 5090, 4682, '2025-08-15 21:51:33.850865', '2025-08-15 22:51:33.850865');
INSERT INTO Unloading (Vehicle_Number, Truck_Type, Cylinder_Type, Capsule1_MT, Capsule2_MT, Capsule3_MT, Gatepass_No) VALUES ('WB22DT6023', 'Bullet', NULL, 7.92, 7.02, 6.24, 1217);
INSERT INTO Filling_Center (Cylinder_Type, Leakage_Test, Cap_Check, Manual_Test, Gatepass_No) VALUES ('14.5kg', 1, 0, 0, 1217);
INSERT INTO Security_In VALUES (1218, '2025-08-13', 'RJ68FH7208', 'Bhavika Prasad', '3496972077', 'Pack', 10309);
INSERT INTO Security_Out VALUES (1218, '2025-08-13', 'RJ68FH7208', 'Sant Inc', 'Bhavika Prasad', '3496972077', 'Pack', 10309);
INSERT INTO Weighbridge (Gatepass_No, Truck_Type, Weight_In, Weight_Out, In_Time, Out_Time) VALUES (1218, 'Pack', 11633, 11450, '2025-08-13 04:30:30.629395', '2025-08-13 09:30:30.629395');
INSERT INTO Loading (Truck_Type, Cylinder_Type, Gatepass_No) VALUES ('Pack', '47kg', 1218);
INSERT INTO Unloading (Vehicle_Number, Truck_Type, Cylinder_Type, Capsule1_MT, Capsule2_MT, Capsule3_MT, Gatepass_No) VALUES ('RJ68FH7208', 'Pack', '47kg', NULL, NULL, NULL, 1218);
INSERT INTO Filling_Center (Cylinder_Type, Leakage_Test, Cap_Check, Manual_Test, Gatepass_No) VALUES ('14.5kg', 0, 1, 1, 1218);
INSERT INTO Security_In VALUES (1219, '2025-07-26', 'RJ53TU3625', 'Wridesh Sodhi', '0735352370', 'Pack', 18063);
INSERT INTO Security_Out VALUES (1219, '2025-07-26', 'RJ53TU3625', 'Chawla-Toor', 'Wridesh Sodhi', '0735352370', 'Pack', 18063);
INSERT INTO Weighbridge (Gatepass_No, Truck_Type, Weight_In, Weight_Out, In_Time, Out_Time) VALUES (1219, 'Pack', 19398, 19061, '2025-07-28 21:58:29.665449', '2025-07-29 02:58:29.665449');
INSERT INTO Loading (Truck_Type, Cylinder_Type, Gatepass_No) VALUES ('Pack', '47kg', 1219);
INSERT INTO Unloading (Vehicle_Number, Truck_Type, Cylinder_Type, Capsule1_MT, Capsule2_MT, Capsule3_MT, Gatepass_No) VALUES ('RJ53TU3625', 'Pack', '47kg', NULL, NULL, NULL, 1219);
INSERT INTO Filling_Center (Cylinder_Type, Leakage_Test, Cap_Check, Manual_Test, Gatepass_No) VALUES ('14.5kg', 0, 0, 1, 1219);
INSERT INTO Security_In VALUES (1220, '2025-07-21', 'RJ23AZ9011', 'Chandran Sarma', '1844119476', 'Bullet', 18091);
INSERT INTO Security_Out VALUES (1220, '2025-07-21', 'RJ23AZ9011', 'Sastry, Dayal and Sunder', 'Chandran Sarma', '1844119476', 'Bullet', 18091);
INSERT INTO Weighbridge (Gatepass_No, Truck_Type, Weight_In, Weight_Out, In_Time, Out_Time) VALUES (1220, 'Bullet', 21465, 21311, '2025-08-22 17:01:37.279445', '2025-08-22 19:01:37.279445');
INSERT INTO Unloading (Vehicle_Number, Truck_Type, Cylinder_Type, Capsule1_MT, Capsule2_MT, Capsule3_MT, Gatepass_No) VALUES ('RJ23AZ9011', 'Bullet', NULL, 8.47, 5.75, 6.31, 1220);
INSERT INTO Filling_Center (Cylinder_Type, Leakage_Test, Cap_Check, Manual_Test, Gatepass_No) VALUES ('47kg', 0, 0, 0, 1220);
INSERT INTO Security_In VALUES (1221, '2025-08-23', 'GJ56GV7375', 'Qushi Chatterjee', '3564611380', 'Pack', 17470);
INSERT INTO Security_Out VALUES (1221, '2025-08-23', 'GJ56GV7375', 'Jaggi-Bora', 'Qushi Chatterjee', '3564611380', 'Pack', 17470);
INSERT INTO Weighbridge (Gatepass_No, Truck_Type, Weight_In, Weight_Out, In_Time, Out_Time) VALUES (1221, 'Pack', 19415, 18957, '2025-07-20 13:55:54.734467', '2025-07-20 16:55:54.734467');
INSERT INTO Loading (Truck_Type, Cylinder_Type, Gatepass_No) VALUES ('Pack', '47kg', 1221);
INSERT INTO Unloading (Vehicle_Number, Truck_Type, Cylinder_Type, Capsule1_MT, Capsule2_MT, Capsule3_MT, Gatepass_No) VALUES ('GJ56GV7375', 'Pack', '47kg', NULL, NULL, NULL, 1221);
INSERT INTO Filling_Center (Cylinder_Type, Leakage_Test, Cap_Check, Manual_Test, Gatepass_No) VALUES ('10kg', 0, 1, 0, 1221);
INSERT INTO Security_In VALUES (1222, '2025-09-08', 'KA18EY1882', 'Sudiksha Kapadia', '4503160216', 'Bullet', 19786);
INSERT INTO Security_Out VALUES (1222, '2025-09-08', 'KA18EY1882', 'Nagar, Vohra and Mohan', 'Sudiksha Kapadia', '4503160216', 'Bullet', 19786);
INSERT INTO Weighbridge (Gatepass_No, Truck_Type, Weight_In, Weight_Out, In_Time, Out_Time) VALUES (1222, 'Bullet', 22664, 22204, '2025-09-14 12:07:00.306459', '2025-09-14 16:07:00.306459');
INSERT INTO Unloading (Vehicle_Number, Truck_Type, Cylinder_Type, Capsule1_MT, Capsule2_MT, Capsule3_MT, Gatepass_No) VALUES ('KA18EY1882', 'Bullet', NULL, 8.68, 8.29, 5.71, 1222);
INSERT INTO Filling_Center (Cylinder_Type, Leakage_Test, Cap_Check, Manual_Test, Gatepass_No) VALUES ('5kg', 1, 0, 0, 1222);
INSERT INTO Security_In VALUES (1223, '2025-08-27', 'TN23HS6559', 'Anirudh Bose', '9246227867', 'Pack', 16239);
INSERT INTO Security_Out VALUES (1223, '2025-08-27', 'TN23HS6559', 'Bajwa, Mangal and Chand', 'Anirudh Bose', '9246227867', 'Pack', 16239);
INSERT INTO Weighbridge (Gatepass_No, Truck_Type, Weight_In, Weight_Out, In_Time, Out_Time) VALUES (1223, 'Pack', 18951, 18550, '2025-07-24 01:06:21.889172', '2025-07-24 05:06:21.889172');
INSERT INTO Loading (Truck_Type, Cylinder_Type, Gatepass_No) VALUES ('Pack', '14kg', 1223);
INSERT INTO Unloading (Vehicle_Number, Truck_Type, Cylinder_Type, Capsule1_MT, Capsule2_MT, Capsule3_MT, Gatepass_No) VALUES ('TN23HS6559', 'Pack', '14kg', NULL, NULL, NULL, 1223);
INSERT INTO Filling_Center (Cylinder_Type, Leakage_Test, Cap_Check, Manual_Test, Gatepass_No) VALUES ('47kg', 1, 0, 0, 1223);
INSERT INTO Security_In VALUES (1224, '2025-08-24', 'MH31AP8660', 'Samuel Chhabra', '3506027298', 'Pack', 1319);
INSERT INTO Security_Out VALUES (1224, '2025-08-24', 'MH31AP8660', 'Kamdar and Sons', 'Samuel Chhabra', '3506027298', 'Pack', 1319);
INSERT INTO Weighbridge (Gatepass_No, Truck_Type, Weight_In, Weight_Out, In_Time, Out_Time) VALUES (1224, 'Pack', 3508, 3225, '2025-08-08 12:40:23.418910', '2025-08-08 14:40:23.418910');
INSERT INTO Loading (Truck_Type, Cylinder_Type, Gatepass_No) VALUES ('Pack', '19kg', 1224);
INSERT INTO Unloading (Vehicle_Number, Truck_Type, Cylinder_Type, Capsule1_MT, Capsule2_MT, Capsule3_MT, Gatepass_No) VALUES ('MH31AP8660', 'Pack', '19kg', NULL, NULL, NULL, 1224);
INSERT INTO Filling_Center (Cylinder_Type, Leakage_Test, Cap_Check, Manual_Test, Gatepass_No) VALUES ('5kg', 1, 0, 1, 1224);
INSERT INTO Security_In VALUES (1225, '2025-09-01', 'HR69JI6255', 'Abhimanyu Din', '3673489105', 'Pack', 5276);
INSERT INTO Security_Out VALUES (1225, '2025-09-01', 'HR69JI6255', 'Mistry, Pandya and Sangha', 'Abhimanyu Din', '3673489105', 'Pack', 5276);
INSERT INTO Weighbridge (Gatepass_No, Truck_Type, Weight_In, Weight_Out, In_Time, Out_Time) VALUES (1225, 'Pack', 10259, 9770, '2025-08-11 09:34:32.338188', '2025-08-11 10:34:32.338188');
INSERT INTO Loading (Truck_Type, Cylinder_Type, Gatepass_No) VALUES ('Pack', '47kg', 1225);
INSERT INTO Unloading (Vehicle_Number, Truck_Type, Cylinder_Type, Capsule1_MT, Capsule2_MT, Capsule3_MT, Gatepass_No) VALUES ('HR69JI6255', 'Pack', '47kg', NULL, NULL, NULL, 1225);
INSERT INTO Filling_Center (Cylinder_Type, Leakage_Test, Cap_Check, Manual_Test, Gatepass_No) VALUES ('5kg', 1, 0, 1, 1225);
INSERT INTO Security_In VALUES (1226, '2025-08-03', 'HR57GZ6635', 'Caleb Subramaniam', '2003465155', 'Bullet', 15698);
INSERT INTO Security_Out VALUES (1226, '2025-08-03', 'HR57GZ6635', 'Pall, Mishra and Boase', 'Caleb Subramaniam', '2003465155', 'Bullet', 15698);
INSERT INTO Weighbridge (Gatepass_No, Truck_Type, Weight_In, Weight_Out, In_Time, Out_Time) VALUES (1226, 'Bullet', 17243, 16772, '2025-09-05 08:27:00.968699', '2025-09-05 10:27:00.968699');
INSERT INTO Unloading (Vehicle_Number, Truck_Type, Cylinder_Type, Capsule1_MT, Capsule2_MT, Capsule3_MT, Gatepass_No) VALUES ('HR57GZ6635', 'Bullet', NULL, 6.72, 6.97, 5.03, 1226);
INSERT INTO Filling_Center (Cylinder_Type, Leakage_Test, Cap_Check, Manual_Test, Gatepass_No) VALUES ('5kg', 0, 1, 1, 1226);
INSERT INTO Security_In VALUES (1227, '2025-08-29', 'KA58NQ4919', 'Omkaar Shroff', '7696423517', 'Bullet', 3928);
INSERT INTO Security_Out VALUES (1227, '2025-08-29', 'KA58NQ4919', 'Dugar, Handa and Savant', 'Omkaar Shroff', '7696423517', 'Bullet', 3928);
INSERT INTO Weighbridge (Gatepass_No, Truck_Type, Weight_In, Weight_Out, In_Time, Out_Time) VALUES (1227, 'Bullet', 8364, 8232, '2025-07-26 10:45:52.303488', '2025-07-26 13:45:52.303488');
INSERT INTO Unloading (Vehicle_Number, Truck_Type, Cylinder_Type, Capsule1_MT, Capsule2_MT, Capsule3_MT, Gatepass_No) VALUES ('KA58NQ4919', 'Bullet', NULL, 5.8, 7.42, 7.79, 1227);
INSERT INTO Filling_Center (Cylinder_Type, Leakage_Test, Cap_Check, Manual_Test, Gatepass_No) VALUES ('14.5kg', 0, 1, 0, 1227);
INSERT INTO Security_In VALUES (1228, '2025-08-16', 'MH61WJ7452', 'Thomas Panchal', '0768460521', 'Bullet', 19082);
INSERT INTO Security_Out VALUES (1228, '2025-08-16', 'MH61WJ7452', 'Sahni PLC', 'Thomas Panchal', '0768460521', 'Bullet', 19082);
INSERT INTO Weighbridge (Gatepass_No, Truck_Type, Weight_In, Weight_Out, In_Time, Out_Time) VALUES (1228, 'Bullet', 22888, 22417, '2025-07-20 02:59:32.051305', '2025-07-20 03:59:32.051305');
INSERT INTO Unloading (Vehicle_Number, Truck_Type, Cylinder_Type, Capsule1_MT, Capsule2_MT, Capsule3_MT, Gatepass_No) VALUES ('MH61WJ7452', 'Bullet', NULL, 8.81, 5.05, 9.76, 1228);
INSERT INTO Filling_Center (Cylinder_Type, Leakage_Test, Cap_Check, Manual_Test, Gatepass_No) VALUES ('14.5kg', 1, 1, 1, 1228);
INSERT INTO Security_In VALUES (1229, '2025-08-28', 'HR39OR8617', 'Adweta Narang', '0524010295', 'Bullet', 11988);
INSERT INTO Security_Out VALUES (1229, '2025-08-28', 'HR39OR8617', 'Dyal Group', 'Adweta Narang', '0524010295', 'Bullet', 11988);
INSERT INTO Weighbridge (Gatepass_No, Truck_Type, Weight_In, Weight_Out, In_Time, Out_Time) VALUES (1229, 'Bullet', 14348, 14136, '2025-07-23 20:11:08.749411', '2025-07-23 23:11:08.749411');
INSERT INTO Unloading (Vehicle_Number, Truck_Type, Cylinder_Type, Capsule1_MT, Capsule2_MT, Capsule3_MT, Gatepass_No) VALUES ('HR39OR8617', 'Bullet', NULL, 7.89, 5.82, 6.3, 1229);
INSERT INTO Filling_Center (Cylinder_Type, Leakage_Test, Cap_Check, Manual_Test, Gatepass_No) VALUES ('5kg', 0, 0, 0, 1229);
INSERT INTO Security_In VALUES (1230, '2025-07-30', 'WB77GQ9403', 'Dhriti Gandhi', '8255065483', 'Pack', 3945);
INSERT INTO Security_Out VALUES (1230, '2025-07-30', 'WB77GQ9403', 'Desai-Saraf', 'Dhriti Gandhi', '8255065483', 'Pack', 3945);
INSERT INTO Weighbridge (Gatepass_No, Truck_Type, Weight_In, Weight_Out, In_Time, Out_Time) VALUES (1230, 'Pack', 8373, 8199, '2025-08-15 04:16:37.586195', '2025-08-15 07:16:37.586195');
INSERT INTO Loading (Truck_Type, Cylinder_Type, Gatepass_No) VALUES ('Pack', '19kg', 1230);
INSERT INTO Unloading (Vehicle_Number, Truck_Type, Cylinder_Type, Capsule1_MT, Capsule2_MT, Capsule3_MT, Gatepass_No) VALUES ('WB77GQ9403', 'Pack', '19kg', NULL, NULL, NULL, 1230);
INSERT INTO Filling_Center (Cylinder_Type, Leakage_Test, Cap_Check, Manual_Test, Gatepass_No) VALUES ('47kg', 1, 0, 0, 1230);
INSERT INTO Security_In VALUES (1231, '2025-08-05', 'GJ81VW7584', 'Yachana Kalita', '1808257711', 'Pack', 3264);
INSERT INTO Security_Out VALUES (1231, '2025-08-05', 'GJ81VW7584', 'Keer-Som', 'Yachana Kalita', '1808257711', 'Pack', 3264);
INSERT INTO Weighbridge (Gatepass_No, Truck_Type, Weight_In, Weight_Out, In_Time, Out_Time) VALUES (1231, 'Pack', 5949, 5631, '2025-07-27 23:33:47.822490', '2025-07-28 03:33:47.822490');
INSERT INTO Loading (Truck_Type, Cylinder_Type, Gatepass_No) VALUES ('Pack', '47kg', 1231);
INSERT INTO Unloading (Vehicle_Number, Truck_Type, Cylinder_Type, Capsule1_MT, Capsule2_MT, Capsule3_MT, Gatepass_No) VALUES ('GJ81VW7584', 'Pack', '47kg', NULL, NULL, NULL, 1231);
INSERT INTO Filling_Center (Cylinder_Type, Leakage_Test, Cap_Check, Manual_Test, Gatepass_No) VALUES ('47kg', 0, 1, 0, 1231);
INSERT INTO Security_In VALUES (1232, '2025-07-23', 'MH79FT3575', 'Rudra Doshi', '6081177291', 'Bullet', 13607);
INSERT INTO Security_Out VALUES (1232, '2025-07-23', 'MH79FT3575', 'Bhagat, De and Lad', 'Rudra Doshi', '6081177291', 'Bullet', 13607);
INSERT INTO Weighbridge (Gatepass_No, Truck_Type, Weight_In, Weight_Out, In_Time, Out_Time) VALUES (1232, 'Bullet', 18151, 17845, '2025-08-31 21:36:24.482208', '2025-09-01 00:36:24.482208');
INSERT INTO Unloading (Vehicle_Number, Truck_Type, Cylinder_Type, Capsule1_MT, Capsule2_MT, Capsule3_MT, Gatepass_No) VALUES ('MH79FT3575', 'Bullet', NULL, 5.8, 6.87, 7.02, 1232);
INSERT INTO Filling_Center (Cylinder_Type, Leakage_Test, Cap_Check, Manual_Test, Gatepass_No) VALUES ('14.5kg', 1, 1, 1, 1232);
INSERT INTO Security_In VALUES (1233, '2025-08-20', 'KA21OP5232', 'Pranit Palla', '0958681922', 'Pack', 19746);
INSERT INTO Security_Out VALUES (1233, '2025-08-20', 'KA21OP5232', 'Buch, Lalla and More', 'Pranit Palla', '0958681922', 'Pack', 19746);
INSERT INTO Weighbridge (Gatepass_No, Truck_Type, Weight_In, Weight_Out, In_Time, Out_Time) VALUES (1233, 'Pack', 24466, 24046, '2025-08-21 06:09:06.968718', '2025-08-21 11:09:06.968718');
INSERT INTO Loading (Truck_Type, Cylinder_Type, Gatepass_No) VALUES ('Pack', '14kg', 1233);
INSERT INTO Unloading (Vehicle_Number, Truck_Type, Cylinder_Type, Capsule1_MT, Capsule2_MT, Capsule3_MT, Gatepass_No) VALUES ('KA21OP5232', 'Pack', '14kg', NULL, NULL, NULL, 1233);
INSERT INTO Filling_Center (Cylinder_Type, Leakage_Test, Cap_Check, Manual_Test, Gatepass_No) VALUES ('47kg', 0, 1, 1, 1233);
INSERT INTO Security_In VALUES (1234, '2025-08-22', 'PB24OK6314', 'Arin Saha', '8866556756', 'Bullet', 14859);
INSERT INTO Security_Out VALUES (1234, '2025-08-22', 'PB24OK6314', 'Sanghvi-Dhawan', 'Arin Saha', '8866556756', 'Bullet', 14859);
INSERT INTO Weighbridge (Gatepass_No, Truck_Type, Weight_In, Weight_Out, In_Time, Out_Time) VALUES (1234, 'Bullet', 18718, 18261, '2025-08-04 09:14:28.338217', '2025-08-04 12:14:28.338217');
INSERT INTO Unloading (Vehicle_Number, Truck_Type, Cylinder_Type, Capsule1_MT, Capsule2_MT, Capsule3_MT, Gatepass_No) VALUES ('PB24OK6314', 'Bullet', NULL, 5.55, 6.22, 9.58, 1234);
INSERT INTO Filling_Center (Cylinder_Type, Leakage_Test, Cap_Check, Manual_Test, Gatepass_No) VALUES ('10kg', 0, 1, 0, 1234);
INSERT INTO Security_In VALUES (1235, '2025-07-18', 'MH95JB3091', 'Charita Prakash', '8602093737', 'Pack', 6158);
INSERT INTO Security_Out VALUES (1235, '2025-07-18', 'MH95JB3091', 'Chowdhury Ltd', 'Charita Prakash', '8602093737', 'Pack', 6158);
INSERT INTO Weighbridge (Gatepass_No, Truck_Type, Weight_In, Weight_Out, In_Time, Out_Time) VALUES (1235, 'Pack', 9020, 8668, '2025-08-24 01:24:44.434878', '2025-08-24 02:24:44.434878');
INSERT INTO Loading (Truck_Type, Cylinder_Type, Gatepass_No) VALUES ('Pack', '47kg', 1235);
INSERT INTO Unloading (Vehicle_Number, Truck_Type, Cylinder_Type, Capsule1_MT, Capsule2_MT, Capsule3_MT, Gatepass_No) VALUES ('MH95JB3091', 'Pack', '47kg', NULL, NULL, NULL, 1235);
INSERT INTO Filling_Center (Cylinder_Type, Leakage_Test, Cap_Check, Manual_Test, Gatepass_No) VALUES ('5kg', 1, 0, 0, 1235);
INSERT INTO Security_In VALUES (1236, '2025-08-11', 'RJ11DC3933', 'Darsh Kale', '7221967179', 'Pack', 19733);
INSERT INTO Security_Out VALUES (1236, '2025-08-11', 'RJ11DC3933', 'Kadakia, Shukla and Sengupta', 'Darsh Kale', '7221967179', 'Pack', 19733);
INSERT INTO Weighbridge (Gatepass_No, Truck_Type, Weight_In, Weight_Out, In_Time, Out_Time) VALUES (1236, 'Pack', 21774, 21458, '2025-08-28 11:49:03.759115', '2025-08-28 15:49:03.759115');
INSERT INTO Loading (Truck_Type, Cylinder_Type, Gatepass_No) VALUES ('Pack', '14kg', 1236);
INSERT INTO Unloading (Vehicle_Number, Truck_Type, Cylinder_Type, Capsule1_MT, Capsule2_MT, Capsule3_MT, Gatepass_No) VALUES ('RJ11DC3933', 'Pack', '14kg', NULL, NULL, NULL, 1236);
INSERT INTO Filling_Center (Cylinder_Type, Leakage_Test, Cap_Check, Manual_Test, Gatepass_No) VALUES ('10kg', 1, 0, 0, 1236);
INSERT INTO Security_In VALUES (1237, '2025-09-09', 'TN81GC4097', 'Jagdish Lata', '0090893463', 'Bullet', 6750);
INSERT INTO Security_Out VALUES (1237, '2025-09-09', 'TN81GC4097', 'Ganesh-Swaminathan', 'Jagdish Lata', '0090893463', 'Bullet', 6750);
INSERT INTO Weighbridge (Gatepass_No, Truck_Type, Weight_In, Weight_Out, In_Time, Out_Time) VALUES (1237, 'Bullet', 11685, 11283, '2025-08-19 11:14:26.113285', '2025-08-19 14:14:26.113285');
INSERT INTO Unloading (Vehicle_Number, Truck_Type, Cylinder_Type, Capsule1_MT, Capsule2_MT, Capsule3_MT, Gatepass_No) VALUES ('TN81GC4097', 'Bullet', NULL, 9.94, 5.63, 6.06, 1237);
INSERT INTO Filling_Center (Cylinder_Type, Leakage_Test, Cap_Check, Manual_Test, Gatepass_No) VALUES ('10kg', 0, 1, 0, 1237);
INSERT INTO Security_In VALUES (1238, '2025-09-02', 'RJ62QA2519', 'Sachi Bera', '7198249296', 'Pack', 12958);
INSERT INTO Security_Out VALUES (1238, '2025-09-02', 'RJ62QA2519', 'Bora LLC', 'Sachi Bera', '7198249296', 'Pack', 12958);
INSERT INTO Weighbridge (Gatepass_No, Truck_Type, Weight_In, Weight_Out, In_Time, Out_Time) VALUES (1238, 'Pack', 17929, 17818, '2025-08-07 16:31:09.401791', '2025-08-07 19:31:09.401791');
INSERT INTO Loading (Truck_Type, Cylinder_Type, Gatepass_No) VALUES ('Pack', '47kg', 1238);
INSERT INTO Unloading (Vehicle_Number, Truck_Type, Cylinder_Type, Capsule1_MT, Capsule2_MT, Capsule3_MT, Gatepass_No) VALUES ('RJ62QA2519', 'Pack', '47kg', NULL, NULL, NULL, 1238);
INSERT INTO Filling_Center (Cylinder_Type, Leakage_Test, Cap_Check, Manual_Test, Gatepass_No) VALUES ('14.5kg', 0, 0, 1, 1238);
INSERT INTO Security_In VALUES (1239, '2025-08-18', 'KA23KR3875', 'Damini Shroff', '1778680744', 'Pack', 1504);
INSERT INTO Security_Out VALUES (1239, '2025-08-18', 'KA23KR3875', 'Madan LLC', 'Damini Shroff', '1778680744', 'Pack', 1504);
INSERT INTO Weighbridge (Gatepass_No, Truck_Type, Weight_In, Weight_Out, In_Time, Out_Time) VALUES (1239, 'Pack', 2818, 2598, '2025-08-23 00:00:00.648418', '2025-08-23 01:00:00.648418');
INSERT INTO Loading (Truck_Type, Cylinder_Type, Gatepass_No) VALUES ('Pack', '14kg', 1239);
INSERT INTO Unloading (Vehicle_Number, Truck_Type, Cylinder_Type, Capsule1_MT, Capsule2_MT, Capsule3_MT, Gatepass_No) VALUES ('KA23KR3875', 'Pack', '14kg', NULL, NULL, NULL, 1239);
INSERT INTO Filling_Center (Cylinder_Type, Leakage_Test, Cap_Check, Manual_Test, Gatepass_No) VALUES ('14.5kg', 1, 0, 0, 1239);
INSERT INTO Security_In VALUES (1240, '2025-07-26', 'KA57HS9483', 'Chanchal Seth', '5297822580', 'Bullet', 9210);
INSERT INTO Security_Out VALUES (1240, '2025-07-26', 'KA57HS9483', 'Chaudhary Ltd', 'Chanchal Seth', '5297822580', 'Bullet', 9210);
INSERT INTO Weighbridge (Gatepass_No, Truck_Type, Weight_In, Weight_Out, In_Time, Out_Time) VALUES (1240, 'Bullet', 12130, 11908, '2025-08-16 19:48:17.379284', '2025-08-16 22:48:17.379284');
INSERT INTO Unloading (Vehicle_Number, Truck_Type, Cylinder_Type, Capsule1_MT, Capsule2_MT, Capsule3_MT, Gatepass_No) VALUES ('KA57HS9483', 'Bullet', NULL, 9.53, 9.01, 5.05, 1240);
INSERT INTO Filling_Center (Cylinder_Type, Leakage_Test, Cap_Check, Manual_Test, Gatepass_No) VALUES ('5kg', 1, 0, 1, 1240);
INSERT INTO Security_In VALUES (1241, '2025-09-11', 'PB68DR7415', 'Ethan Chakrabarti', '0895789936', 'Bullet', 5874);
INSERT INTO Security_Out VALUES (1241, '2025-09-11', 'PB68DR7415', 'Dugal Inc', 'Ethan Chakrabarti', '0895789936', 'Bullet', 5874);
INSERT INTO Weighbridge (Gatepass_No, Truck_Type, Weight_In, Weight_Out, In_Time, Out_Time) VALUES (1241, 'Bullet', 9365, 8963, '2025-08-07 22:58:01.366350', '2025-08-07 23:58:01.366350');
INSERT INTO Unloading (Vehicle_Number, Truck_Type, Cylinder_Type, Capsule1_MT, Capsule2_MT, Capsule3_MT, Gatepass_No) VALUES ('PB68DR7415', 'Bullet', NULL, 9.34, 7.22, 7.59, 1241);
INSERT INTO Filling_Center (Cylinder_Type, Leakage_Test, Cap_Check, Manual_Test, Gatepass_No) VALUES ('19kg', 0, 0, 1, 1241);
INSERT INTO Security_In VALUES (1242, '2025-08-28', 'RJ85AP7087', 'Mahika Desai', '5823143323', 'Pack', 6928);
INSERT INTO Security_Out VALUES (1242, '2025-08-28', 'RJ85AP7087', 'Bhattacharyya, Kulkarni and Sani', 'Mahika Desai', '5823143323', 'Pack', 6928);
INSERT INTO Weighbridge (Gatepass_No, Truck_Type, Weight_In, Weight_Out, In_Time, Out_Time) VALUES (1242, 'Pack', 11717, 11433, '2025-08-26 14:23:43.076233', '2025-08-26 19:23:43.076233');
INSERT INTO Loading (Truck_Type, Cylinder_Type, Gatepass_No) VALUES ('Pack', '19kg', 1242);
INSERT INTO Unloading (Vehicle_Number, Truck_Type, Cylinder_Type, Capsule1_MT, Capsule2_MT, Capsule3_MT, Gatepass_No) VALUES ('RJ85AP7087', 'Pack', '19kg', NULL, NULL, NULL, 1242);
INSERT INTO Filling_Center (Cylinder_Type, Leakage_Test, Cap_Check, Manual_Test, Gatepass_No) VALUES ('47kg', 1, 0, 0, 1242);
INSERT INTO Security_In VALUES (1243, '2025-07-27', 'GJ27KR2856', 'Zayan Doshi', '9359679747', 'Pack', 1055);
INSERT INTO Security_Out VALUES (1243, '2025-07-27', 'GJ27KR2856', 'Agrawal-Borde', 'Zayan Doshi', '9359679747', 'Pack', 1055);
INSERT INTO Weighbridge (Gatepass_No, Truck_Type, Weight_In, Weight_Out, In_Time, Out_Time) VALUES (1243, 'Pack', 3479, 3147, '2025-08-06 06:32:30.038327', '2025-08-06 11:32:30.038327');
INSERT INTO Loading (Truck_Type, Cylinder_Type, Gatepass_No) VALUES ('Pack', '47kg', 1243);
INSERT INTO Unloading (Vehicle_Number, Truck_Type, Cylinder_Type, Capsule1_MT, Capsule2_MT, Capsule3_MT, Gatepass_No) VALUES ('GJ27KR2856', 'Pack', '47kg', NULL, NULL, NULL, 1243);
INSERT INTO Filling_Center (Cylinder_Type, Leakage_Test, Cap_Check, Manual_Test, Gatepass_No) VALUES ('10kg', 0, 1, 0, 1243);
INSERT INTO Security_In VALUES (1244, '2025-08-02', 'GJ59NR4277', 'Ubika Palla', '9512780590', 'Pack', 13468);
INSERT INTO Security_Out VALUES (1244, '2025-08-02', 'GJ59NR4277', 'Dhillon-Yogi', 'Ubika Palla', '9512780590', 'Pack', 13468);
INSERT INTO Weighbridge (Gatepass_No, Truck_Type, Weight_In, Weight_Out, In_Time, Out_Time) VALUES (1244, 'Pack', 18330, 18168, '2025-09-14 00:36:36.574051', '2025-09-14 02:36:36.574051');
INSERT INTO Loading (Truck_Type, Cylinder_Type, Gatepass_No) VALUES ('Pack', '14kg', 1244);
INSERT INTO Unloading (Vehicle_Number, Truck_Type, Cylinder_Type, Capsule1_MT, Capsule2_MT, Capsule3_MT, Gatepass_No) VALUES ('GJ59NR4277', 'Pack', '14kg', NULL, NULL, NULL, 1244);
INSERT INTO Filling_Center (Cylinder_Type, Leakage_Test, Cap_Check, Manual_Test, Gatepass_No) VALUES ('19kg', 0, 1, 0, 1244);
INSERT INTO Security_In VALUES (1245, '2025-08-13', 'KA15IU9305', 'Ekaja Mannan', '4654120163', 'Pack', 7308);
INSERT INTO Security_Out VALUES (1245, '2025-08-13', 'KA15IU9305', 'Acharya, Sekhon and Halder', 'Ekaja Mannan', '4654120163', 'Pack', 7308);
INSERT INTO Weighbridge (Gatepass_No, Truck_Type, Weight_In, Weight_Out, In_Time, Out_Time) VALUES (1245, 'Pack', 9946, 9598, '2025-09-06 08:41:14.545054', '2025-09-06 12:41:14.545054');
INSERT INTO Loading (Truck_Type, Cylinder_Type, Gatepass_No) VALUES ('Pack', '47kg', 1245);
INSERT INTO Unloading (Vehicle_Number, Truck_Type, Cylinder_Type, Capsule1_MT, Capsule2_MT, Capsule3_MT, Gatepass_No) VALUES ('KA15IU9305', 'Pack', '47kg', NULL, NULL, NULL, 1245);
INSERT INTO Filling_Center (Cylinder_Type, Leakage_Test, Cap_Check, Manual_Test, Gatepass_No) VALUES ('5kg', 0, 0, 0, 1245);
INSERT INTO Security_In VALUES (1246, '2025-07-27', 'RJ41JD8998', 'Arunima More', '2143351018', 'Pack', 9447);
INSERT INTO Security_Out VALUES (1246, '2025-07-27', 'RJ41JD8998', 'Comar PLC', 'Arunima More', '2143351018', 'Pack', 9447);
INSERT INTO Weighbridge (Gatepass_No, Truck_Type, Weight_In, Weight_Out, In_Time, Out_Time) VALUES (1246, 'Pack', 12546, 12252, '2025-08-14 15:19:36.445523', '2025-08-14 19:19:36.445523');
INSERT INTO Loading (Truck_Type, Cylinder_Type, Gatepass_No) VALUES ('Pack', '47kg', 1246);
INSERT INTO Unloading (Vehicle_Number, Truck_Type, Cylinder_Type, Capsule1_MT, Capsule2_MT, Capsule3_MT, Gatepass_No) VALUES ('RJ41JD8998', 'Pack', '47kg', NULL, NULL, NULL, 1246);
INSERT INTO Filling_Center (Cylinder_Type, Leakage_Test, Cap_Check, Manual_Test, Gatepass_No) VALUES ('14.5kg', 0, 1, 1, 1246);
INSERT INTO Security_In VALUES (1247, '2025-08-08', 'GJ44PP1172', 'Leena Shukla', '2894302991', 'Pack', 14011);
INSERT INTO Security_Out VALUES (1247, '2025-08-08', 'GJ44PP1172', 'Aurora-Mody', 'Leena Shukla', '2894302991', 'Pack', 14011);
INSERT INTO Weighbridge (Gatepass_No, Truck_Type, Weight_In, Weight_Out, In_Time, Out_Time) VALUES (1247, 'Pack', 15365, 14943, '2025-08-17 16:58:22.849086', '2025-08-17 20:58:22.849086');
INSERT INTO Loading (Truck_Type, Cylinder_Type, Gatepass_No) VALUES ('Pack', '47kg', 1247);
INSERT INTO Unloading (Vehicle_Number, Truck_Type, Cylinder_Type, Capsule1_MT, Capsule2_MT, Capsule3_MT, Gatepass_No) VALUES ('GJ44PP1172', 'Pack', '47kg', NULL, NULL, NULL, 1247);
INSERT INTO Filling_Center (Cylinder_Type, Leakage_Test, Cap_Check, Manual_Test, Gatepass_No) VALUES ('19kg', 1, 1, 1, 1247);
INSERT INTO Security_In VALUES (1248, '2025-08-28', 'DL76TQ8898', 'Indrajit Mitra', '4301392976', 'Pack', 8723);
INSERT INTO Security_Out VALUES (1248, '2025-08-28', 'DL76TQ8898', 'Kara-Pillai', 'Indrajit Mitra', '4301392976', 'Pack', 8723);
INSERT INTO Weighbridge (Gatepass_No, Truck_Type, Weight_In, Weight_Out, In_Time, Out_Time) VALUES (1248, 'Pack', 13251, 13135, '2025-07-26 22:08:53.174581', '2025-07-26 23:08:53.174581');
INSERT INTO Loading (Truck_Type, Cylinder_Type, Gatepass_No) VALUES ('Pack', '19kg', 1248);
INSERT INTO Unloading (Vehicle_Number, Truck_Type, Cylinder_Type, Capsule1_MT, Capsule2_MT, Capsule3_MT, Gatepass_No) VALUES ('DL76TQ8898', 'Pack', '19kg', NULL, NULL, NULL, 1248);
INSERT INTO Filling_Center (Cylinder_Type, Leakage_Test, Cap_Check, Manual_Test, Gatepass_No) VALUES ('14.5kg', 0, 0, 0, 1248);
INSERT INTO Security_In VALUES (1249, '2025-09-02', 'DL44RP4538', 'Wyatt Acharya', '7173380163', 'Pack', 5897);
INSERT INTO Security_Out VALUES (1249, '2025-09-02', 'DL44RP4538', 'Deo, Balakrishnan and Oak', 'Wyatt Acharya', '7173380163', 'Pack', 5897);
INSERT INTO Weighbridge (Gatepass_No, Truck_Type, Weight_In, Weight_Out, In_Time, Out_Time) VALUES (1249, 'Pack', 10442, 10284, '2025-08-22 16:25:37.690764', '2025-08-22 19:25:37.690764');
INSERT INTO Loading (Truck_Type, Cylinder_Type, Gatepass_No) VALUES ('Pack', '47kg', 1249);
INSERT INTO Unloading (Vehicle_Number, Truck_Type, Cylinder_Type, Capsule1_MT, Capsule2_MT, Capsule3_MT, Gatepass_No) VALUES ('DL44RP4538', 'Pack', '47kg', NULL, NULL, NULL, 1249);
INSERT INTO Filling_Center (Cylinder_Type, Leakage_Test, Cap_Check, Manual_Test, Gatepass_No) VALUES ('10kg', 1, 0, 0, 1249);
INSERT INTO Security_In VALUES (1250, '2025-09-04', 'MH19TO4553', 'Diya Palla', '8646772760', 'Bullet', 8566);
INSERT INTO Security_Out VALUES (1250, '2025-09-04', 'MH19TO4553', 'Roy, Arya and Mani', 'Diya Palla', '8646772760', 'Bullet', 8566);
INSERT INTO Weighbridge (Gatepass_No, Truck_Type, Weight_In, Weight_Out, In_Time, Out_Time) VALUES (1250, 'Bullet', 10873, 10659, '2025-08-18 07:18:14.875921', '2025-08-18 11:18:14.875921');
INSERT INTO Unloading (Vehicle_Number, Truck_Type, Cylinder_Type, Capsule1_MT, Capsule2_MT, Capsule3_MT, Gatepass_No) VALUES ('MH19TO4553', 'Bullet', NULL, 6.14, 9.2, 6.28, 1250);
INSERT INTO Filling_Center (Cylinder_Type, Leakage_Test, Cap_Check, Manual_Test, Gatepass_No) VALUES ('14.5kg', 1, 0, 0, 1250);
INSERT INTO Security_In VALUES (1251, '2025-09-03', 'GJ57HL5744', 'Suhani Datta', '1052697638', 'Pack', 12109);
INSERT INTO Security_Out VALUES (1251, '2025-09-03', 'GJ57HL5744', 'Chandran-Ramakrishnan', 'Suhani Datta', '1052697638', 'Pack', 12109);
INSERT INTO Weighbridge (Gatepass_No, Truck_Type, Weight_In, Weight_Out, In_Time, Out_Time) VALUES (1251, 'Pack', 16502, 16020, '2025-09-08 12:22:50.669609', '2025-09-08 17:22:50.669609');
INSERT INTO Loading (Truck_Type, Cylinder_Type, Gatepass_No) VALUES ('Pack', '14kg', 1251);
INSERT INTO Unloading (Vehicle_Number, Truck_Type, Cylinder_Type, Capsule1_MT, Capsule2_MT, Capsule3_MT, Gatepass_No) VALUES ('GJ57HL5744', 'Pack', '14kg', NULL, NULL, NULL, 1251);
INSERT INTO Filling_Center (Cylinder_Type, Leakage_Test, Cap_Check, Manual_Test, Gatepass_No) VALUES ('14.5kg', 0, 0, 0, 1251);
INSERT INTO Security_In VALUES (1252, '2025-08-26', 'TN51JY8563', 'Kevin Sahni', '8019298466', 'Bullet', 17881);
INSERT INTO Security_Out VALUES (1252, '2025-08-26', 'TN51JY8563', 'Chaudry-Dave', 'Kevin Sahni', '8019298466', 'Bullet', 17881);
INSERT INTO Weighbridge (Gatepass_No, Truck_Type, Weight_In, Weight_Out, In_Time, Out_Time) VALUES (1252, 'Bullet', 20066, 19796, '2025-08-20 02:41:56.752026', '2025-08-20 04:41:56.752026');
INSERT INTO Unloading (Vehicle_Number, Truck_Type, Cylinder_Type, Capsule1_MT, Capsule2_MT, Capsule3_MT, Gatepass_No) VALUES ('TN51JY8563', 'Bullet', NULL, 9.29, 8.29, 7.3, 1252);
INSERT INTO Filling_Center (Cylinder_Type, Leakage_Test, Cap_Check, Manual_Test, Gatepass_No) VALUES ('10kg', 1, 1, 1, 1252);
INSERT INTO Security_In VALUES (1253, '2025-08-24', 'DL50KL4105', 'Zilmil Sarraf', '2606334911', 'Bullet', 11181);
INSERT INTO Security_Out VALUES (1253, '2025-08-24', 'DL50KL4105', 'Buch-Hayer', 'Zilmil Sarraf', '2606334911', 'Bullet', 11181);
INSERT INTO Weighbridge (Gatepass_No, Truck_Type, Weight_In, Weight_Out, In_Time, Out_Time) VALUES (1253, 'Bullet', 12468, 12356, '2025-07-24 15:15:58.328353', '2025-07-24 16:15:58.328353');
INSERT INTO Unloading (Vehicle_Number, Truck_Type, Cylinder_Type, Capsule1_MT, Capsule2_MT, Capsule3_MT, Gatepass_No) VALUES ('DL50KL4105', 'Bullet', NULL, 6.51, 6.54, 9.15, 1253);
INSERT INTO Filling_Center (Cylinder_Type, Leakage_Test, Cap_Check, Manual_Test, Gatepass_No) VALUES ('19kg', 1, 0, 1, 1253);
INSERT INTO Security_In VALUES (1254, '2025-08-08', 'WB57IA6163', 'Yashoda Chaudhuri', '6137777801', 'Bullet', 16477);
INSERT INTO Security_Out VALUES (1254, '2025-08-08', 'WB57IA6163', 'Rege-Basak', 'Yashoda Chaudhuri', '6137777801', 'Bullet', 16477);
INSERT INTO Weighbridge (Gatepass_No, Truck_Type, Weight_In, Weight_Out, In_Time, Out_Time) VALUES (1254, 'Bullet', 17828, 17625, '2025-08-24 13:49:47.898988', '2025-08-24 17:49:47.898988');
INSERT INTO Unloading (Vehicle_Number, Truck_Type, Cylinder_Type, Capsule1_MT, Capsule2_MT, Capsule3_MT, Gatepass_No) VALUES ('WB57IA6163', 'Bullet', NULL, 8.59, 9.7, 6.97, 1254);
INSERT INTO Filling_Center (Cylinder_Type, Leakage_Test, Cap_Check, Manual_Test, Gatepass_No) VALUES ('5kg', 0, 1, 0, 1254);
INSERT INTO Security_In VALUES (1255, '2025-09-02', 'HR76IM8948', 'Jack Patil', '5873121494', 'Pack', 4932);
INSERT INTO Security_Out VALUES (1255, '2025-09-02', 'HR76IM8948', 'Majumdar PLC', 'Jack Patil', '5873121494', 'Pack', 4932);
INSERT INTO Weighbridge (Gatepass_No, Truck_Type, Weight_In, Weight_Out, In_Time, Out_Time) VALUES (1255, 'Pack', 7756, 7374, '2025-07-19 17:10:52.493354', '2025-07-19 20:10:52.493354');
INSERT INTO Loading (Truck_Type, Cylinder_Type, Gatepass_No) VALUES ('Pack', '19kg', 1255);
INSERT INTO Unloading (Vehicle_Number, Truck_Type, Cylinder_Type, Capsule1_MT, Capsule2_MT, Capsule3_MT, Gatepass_No) VALUES ('HR76IM8948', 'Pack', '19kg', NULL, NULL, NULL, 1255);
INSERT INTO Filling_Center (Cylinder_Type, Leakage_Test, Cap_Check, Manual_Test, Gatepass_No) VALUES ('14.5kg', 1, 0, 0, 1255);
INSERT INTO Security_In VALUES (1256, '2025-08-21', 'DL80MZ5610', 'Shaurya Dey', '5124840360', 'Pack', 4231);
INSERT INTO Security_Out VALUES (1256, '2025-08-21', 'DL80MZ5610', 'Dalal, Gera and Wagle', 'Shaurya Dey', '5124840360', 'Pack', 4231);
INSERT INTO Weighbridge (Gatepass_No, Truck_Type, Weight_In, Weight_Out, In_Time, Out_Time) VALUES (1256, 'Pack', 6806, 6338, '2025-07-27 20:58:58.659959', '2025-07-27 23:58:58.659959');
INSERT INTO Loading (Truck_Type, Cylinder_Type, Gatepass_No) VALUES ('Pack', '14kg', 1256);
INSERT INTO Unloading (Vehicle_Number, Truck_Type, Cylinder_Type, Capsule1_MT, Capsule2_MT, Capsule3_MT, Gatepass_No) VALUES ('DL80MZ5610', 'Pack', '14kg', NULL, NULL, NULL, 1256);
INSERT INTO Filling_Center (Cylinder_Type, Leakage_Test, Cap_Check, Manual_Test, Gatepass_No) VALUES ('14.5kg', 0, 0, 0, 1256);
INSERT INTO Security_In VALUES (1257, '2025-08-10', 'MH68HW4013', 'Rachita Kaur', '0030028183', 'Bullet', 1514);
INSERT INTO Security_Out VALUES (1257, '2025-08-10', 'MH68HW4013', 'Pandya-Badal', 'Rachita Kaur', '0030028183', 'Bullet', 1514);
INSERT INTO Weighbridge (Gatepass_No, Truck_Type, Weight_In, Weight_Out, In_Time, Out_Time) VALUES (1257, 'Bullet', 4976, 4513, '2025-08-13 18:43:27.899987', '2025-08-13 21:43:27.899987');
INSERT INTO Unloading (Vehicle_Number, Truck_Type, Cylinder_Type, Capsule1_MT, Capsule2_MT, Capsule3_MT, Gatepass_No) VALUES ('MH68HW4013', 'Bullet', NULL, 7.48, 9.55, 8.21, 1257);
INSERT INTO Filling_Center (Cylinder_Type, Leakage_Test, Cap_Check, Manual_Test, Gatepass_No) VALUES ('47kg', 1, 0, 1, 1257);
INSERT INTO Security_In VALUES (1258, '2025-07-19', 'HR36VQ8631', 'Dakshesh Parekh', '1373922565', 'Pack', 14050);
INSERT INTO Security_Out VALUES (1258, '2025-07-19', 'HR36VQ8631', 'Grover-Patil', 'Dakshesh Parekh', '1373922565', 'Pack', 14050);
INSERT INTO Weighbridge (Gatepass_No, Truck_Type, Weight_In, Weight_Out, In_Time, Out_Time) VALUES (1258, 'Pack', 15845, 15577, '2025-08-21 12:59:26.129431', '2025-08-21 17:59:26.129431');
INSERT INTO Loading (Truck_Type, Cylinder_Type, Gatepass_No) VALUES ('Pack', '19kg', 1258);
INSERT INTO Unloading (Vehicle_Number, Truck_Type, Cylinder_Type, Capsule1_MT, Capsule2_MT, Capsule3_MT, Gatepass_No) VALUES ('HR36VQ8631', 'Pack', '19kg', NULL, NULL, NULL, 1258);
INSERT INTO Filling_Center (Cylinder_Type, Leakage_Test, Cap_Check, Manual_Test, Gatepass_No) VALUES ('14.5kg', 1, 0, 0, 1258);
INSERT INTO Security_In VALUES (1259, '2025-09-12', 'TN74OW4775', 'Dalbir Gala', '0850913628', 'Pack', 10188);
INSERT INTO Security_Out VALUES (1259, '2025-09-12', 'TN74OW4775', 'Borra PLC', 'Dalbir Gala', '0850913628', 'Pack', 10188);
INSERT INTO Weighbridge (Gatepass_No, Truck_Type, Weight_In, Weight_Out, In_Time, Out_Time) VALUES (1259, 'Pack', 14592, 14387, '2025-09-03 18:03:07.188249', '2025-09-03 21:03:07.188249');
INSERT INTO Loading (Truck_Type, Cylinder_Type, Gatepass_No) VALUES ('Pack', '47kg', 1259);
INSERT INTO Unloading (Vehicle_Number, Truck_Type, Cylinder_Type, Capsule1_MT, Capsule2_MT, Capsule3_MT, Gatepass_No) VALUES ('TN74OW4775', 'Pack', '47kg', NULL, NULL, NULL, 1259);
INSERT INTO Filling_Center (Cylinder_Type, Leakage_Test, Cap_Check, Manual_Test, Gatepass_No) VALUES ('47kg', 0, 1, 1, 1259);
INSERT INTO Security_In VALUES (1260, '2025-07-18', 'KA46OP7231', 'Hamsini Manne', '7332664460', 'Bullet', 15084);
INSERT INTO Security_Out VALUES (1260, '2025-07-18', 'KA46OP7231', 'Vala and Sons', 'Hamsini Manne', '7332664460', 'Bullet', 15084);
INSERT INTO Weighbridge (Gatepass_No, Truck_Type, Weight_In, Weight_Out, In_Time, Out_Time) VALUES (1260, 'Bullet', 19453, 19223, '2025-08-15 12:25:09.768312', '2025-08-15 15:25:09.768312');
INSERT INTO Unloading (Vehicle_Number, Truck_Type, Cylinder_Type, Capsule1_MT, Capsule2_MT, Capsule3_MT, Gatepass_No) VALUES ('KA46OP7231', 'Bullet', NULL, 6.43, 6.83, 7.33, 1260);
INSERT INTO Filling_Center (Cylinder_Type, Leakage_Test, Cap_Check, Manual_Test, Gatepass_No) VALUES ('10kg', 1, 1, 1, 1260);
INSERT INTO Security_In VALUES (1261, '2025-08-28', 'WB80BX7255', 'Isha Pandit', '8931020142', 'Bullet', 7511);
INSERT INTO Security_Out VALUES (1261, '2025-08-28', 'WB80BX7255', 'Rana, Mital and Chaudhuri', 'Isha Pandit', '8931020142', 'Bullet', 7511);
INSERT INTO Weighbridge (Gatepass_No, Truck_Type, Weight_In, Weight_Out, In_Time, Out_Time) VALUES (1261, 'Bullet', 10098, 9626, '2025-09-07 00:07:39.347977', '2025-09-07 04:07:39.347977');
INSERT INTO Unloading (Vehicle_Number, Truck_Type, Cylinder_Type, Capsule1_MT, Capsule2_MT, Capsule3_MT, Gatepass_No) VALUES ('WB80BX7255', 'Bullet', NULL, 9.03, 9.68, 5.46, 1261);
INSERT INTO Filling_Center (Cylinder_Type, Leakage_Test, Cap_Check, Manual_Test, Gatepass_No) VALUES ('10kg', 0, 0, 1, 1261);
INSERT INTO Security_In VALUES (1262, '2025-08-07', 'TN31SU6912', 'Reva Karnik', '5157754433', 'Pack', 3986);
INSERT INTO Security_Out VALUES (1262, '2025-08-07', 'TN31SU6912', 'Dugal-Barad', 'Reva Karnik', '5157754433', 'Pack', 3986);
INSERT INTO Weighbridge (Gatepass_No, Truck_Type, Weight_In, Weight_Out, In_Time, Out_Time) VALUES (1262, 'Pack', 6459, 6336, '2025-09-11 19:35:06.358200', '2025-09-11 22:35:06.358200');
INSERT INTO Loading (Truck_Type, Cylinder_Type, Gatepass_No) VALUES ('Pack', '14kg', 1262);
INSERT INTO Unloading (Vehicle_Number, Truck_Type, Cylinder_Type, Capsule1_MT, Capsule2_MT, Capsule3_MT, Gatepass_No) VALUES ('TN31SU6912', 'Pack', '14kg', NULL, NULL, NULL, 1262);
INSERT INTO Filling_Center (Cylinder_Type, Leakage_Test, Cap_Check, Manual_Test, Gatepass_No) VALUES ('5kg', 1, 0, 1, 1262);
INSERT INTO Security_In VALUES (1263, '2025-09-11', 'DL45LB1965', 'Anay Viswanathan', '1093606656', 'Pack', 6483);
INSERT INTO Security_Out VALUES (1263, '2025-09-11', 'DL45LB1965', 'Devan-Wadhwa', 'Anay Viswanathan', '1093606656', 'Pack', 6483);
INSERT INTO Weighbridge (Gatepass_No, Truck_Type, Weight_In, Weight_Out, In_Time, Out_Time) VALUES (1263, 'Pack', 7640, 7302, '2025-09-02 07:49:07.689201', '2025-09-02 09:49:07.689201');
INSERT INTO Loading (Truck_Type, Cylinder_Type, Gatepass_No) VALUES ('Pack', '19kg', 1263);
INSERT INTO Unloading (Vehicle_Number, Truck_Type, Cylinder_Type, Capsule1_MT, Capsule2_MT, Capsule3_MT, Gatepass_No) VALUES ('DL45LB1965', 'Pack', '19kg', NULL, NULL, NULL, 1263);
INSERT INTO Filling_Center (Cylinder_Type, Leakage_Test, Cap_Check, Manual_Test, Gatepass_No) VALUES ('10kg', 1, 0, 1, 1263);
INSERT INTO Security_In VALUES (1264, '2025-07-24', 'MH59HK6378', 'Xiti Tripathi', '0107354721', 'Bullet', 1155);
INSERT INTO Security_Out VALUES (1264, '2025-07-24', 'MH59HK6378', 'Shetty Ltd', 'Xiti Tripathi', '0107354721', 'Bullet', 1155);
INSERT INTO Weighbridge (Gatepass_No, Truck_Type, Weight_In, Weight_Out, In_Time, Out_Time) VALUES (1264, 'Bullet', 3463, 2969, '2025-08-28 17:03:56.046045', '2025-08-28 19:03:56.046045');
INSERT INTO Unloading (Vehicle_Number, Truck_Type, Cylinder_Type, Capsule1_MT, Capsule2_MT, Capsule3_MT, Gatepass_No) VALUES ('MH59HK6378', 'Bullet', NULL, 8.25, 8.08, 9.99, 1264);
INSERT INTO Filling_Center (Cylinder_Type, Leakage_Test, Cap_Check, Manual_Test, Gatepass_No) VALUES ('10kg', 1, 0, 1, 1264);
INSERT INTO Security_In VALUES (1265, '2025-08-04', 'KA66TV7036', 'Laban Saran', '8128448913', 'Bullet', 9305);
INSERT INTO Security_Out VALUES (1265, '2025-08-04', 'KA66TV7036', 'Shetty, Sule and Gara', 'Laban Saran', '8128448913', 'Bullet', 9305);
INSERT INTO Weighbridge (Gatepass_No, Truck_Type, Weight_In, Weight_Out, In_Time, Out_Time) VALUES (1265, 'Bullet', 12520, 12145, '2025-07-30 18:31:46.771627', '2025-07-30 21:31:46.771627');
INSERT INTO Unloading (Vehicle_Number, Truck_Type, Cylinder_Type, Capsule1_MT, Capsule2_MT, Capsule3_MT, Gatepass_No) VALUES ('KA66TV7036', 'Bullet', NULL, 7.74, 6.01, 5.77, 1265);
INSERT INTO Filling_Center (Cylinder_Type, Leakage_Test, Cap_Check, Manual_Test, Gatepass_No) VALUES ('5kg', 1, 1, 0, 1265);
INSERT INTO Security_In VALUES (1266, '2025-08-09', 'MH31ZI2228', 'Amrita Nigam', '4542196172', 'Pack', 4692);
INSERT INTO Security_Out VALUES (1266, '2025-08-09', 'MH31ZI2228', 'Swamy, Patla and Som', 'Amrita Nigam', '4542196172', 'Pack', 4692);
INSERT INTO Weighbridge (Gatepass_No, Truck_Type, Weight_In, Weight_Out, In_Time, Out_Time) VALUES (1266, 'Pack', 8585, 8125, '2025-08-17 06:17:02.300962', '2025-08-17 07:17:02.300962');
INSERT INTO Loading (Truck_Type, Cylinder_Type, Gatepass_No) VALUES ('Pack', '19kg', 1266);
INSERT INTO Unloading (Vehicle_Number, Truck_Type, Cylinder_Type, Capsule1_MT, Capsule2_MT, Capsule3_MT, Gatepass_No) VALUES ('MH31ZI2228', 'Pack', '19kg', NULL, NULL, NULL, 1266);
INSERT INTO Filling_Center (Cylinder_Type, Leakage_Test, Cap_Check, Manual_Test, Gatepass_No) VALUES ('5kg', 1, 1, 1, 1266);
INSERT INTO Security_In VALUES (1267, '2025-08-04', 'UP89HJ1820', 'Vivaan Sodhi', '0832422243', 'Bullet', 3487);
INSERT INTO Security_Out VALUES (1267, '2025-08-04', 'UP89HJ1820', 'Mutti-Subramaniam', 'Vivaan Sodhi', '0832422243', 'Bullet', 3487);
INSERT INTO Weighbridge (Gatepass_No, Truck_Type, Weight_In, Weight_Out, In_Time, Out_Time) VALUES (1267, 'Bullet', 7199, 7085, '2025-08-04 15:32:05.580253', '2025-08-04 16:32:05.580253');
INSERT INTO Unloading (Vehicle_Number, Truck_Type, Cylinder_Type, Capsule1_MT, Capsule2_MT, Capsule3_MT, Gatepass_No) VALUES ('UP89HJ1820', 'Bullet', NULL, 7.89, 5.87, 6.62, 1267);
INSERT INTO Filling_Center (Cylinder_Type, Leakage_Test, Cap_Check, Manual_Test, Gatepass_No) VALUES ('47kg', 1, 0, 1, 1267);
INSERT INTO Security_In VALUES (1268, '2025-09-13', 'RJ82ZZ6311', 'Balveer Butala', '1110981668', 'Bullet', 1168);
INSERT INTO Security_Out VALUES (1268, '2025-09-13', 'RJ82ZZ6311', 'Jayaraman-Thaman', 'Balveer Butala', '1110981668', 'Bullet', 1168);
INSERT INTO Weighbridge (Gatepass_No, Truck_Type, Weight_In, Weight_Out, In_Time, Out_Time) VALUES (1268, 'Bullet', 2864, 2492, '2025-08-10 02:58:56.427255', '2025-08-10 05:58:56.427255');
INSERT INTO Unloading (Vehicle_Number, Truck_Type, Cylinder_Type, Capsule1_MT, Capsule2_MT, Capsule3_MT, Gatepass_No) VALUES ('RJ82ZZ6311', 'Bullet', NULL, 7.68, 9.81, 6.47, 1268);
INSERT INTO Filling_Center (Cylinder_Type, Leakage_Test, Cap_Check, Manual_Test, Gatepass_No) VALUES ('47kg', 0, 1, 0, 1268);
INSERT INTO Security_In VALUES (1269, '2025-07-26', 'TN75HN6775', 'Manthan Kakar', '3643462357', 'Bullet', 3577);
INSERT INTO Security_Out VALUES (1269, '2025-07-26', 'TN75HN6775', 'Karan LLC', 'Manthan Kakar', '3643462357', 'Bullet', 3577);
INSERT INTO Weighbridge (Gatepass_No, Truck_Type, Weight_In, Weight_Out, In_Time, Out_Time) VALUES (1269, 'Bullet', 5333, 5164, '2025-09-02 01:26:36.050293', '2025-09-02 02:26:36.050293');
INSERT INTO Unloading (Vehicle_Number, Truck_Type, Cylinder_Type, Capsule1_MT, Capsule2_MT, Capsule3_MT, Gatepass_No) VALUES ('TN75HN6775', 'Bullet', NULL, 6.82, 8.63, 5.27, 1269);
INSERT INTO Filling_Center (Cylinder_Type, Leakage_Test, Cap_Check, Manual_Test, Gatepass_No) VALUES ('47kg', 1, 1, 1, 1269);
INSERT INTO Security_In VALUES (1270, '2025-08-22', 'KA70XA7894', 'Jeet Sen', '0404813693', 'Pack', 5406);
INSERT INTO Security_Out VALUES (1270, '2025-08-22', 'KA70XA7894', 'Sampath Group', 'Jeet Sen', '0404813693', 'Pack', 5406);
INSERT INTO Weighbridge (Gatepass_No, Truck_Type, Weight_In, Weight_Out, In_Time, Out_Time) VALUES (1270, 'Pack', 10258, 9886, '2025-08-16 01:34:32.184258', '2025-08-16 06:34:32.184258');
INSERT INTO Loading (Truck_Type, Cylinder_Type, Gatepass_No) VALUES ('Pack', '14kg', 1270);
INSERT INTO Unloading (Vehicle_Number, Truck_Type, Cylinder_Type, Capsule1_MT, Capsule2_MT, Capsule3_MT, Gatepass_No) VALUES ('KA70XA7894', 'Pack', '14kg', NULL, NULL, NULL, 1270);
INSERT INTO Filling_Center (Cylinder_Type, Leakage_Test, Cap_Check, Manual_Test, Gatepass_No) VALUES ('5kg', 1, 0, 0, 1270);
INSERT INTO Security_In VALUES (1271, '2025-07-31', 'GJ24ZP1482', 'Advaith Sarin', '5935668816', 'Pack', 8173);
INSERT INTO Security_Out VALUES (1271, '2025-07-31', 'GJ24ZP1482', 'Patil, Talwar and Dubey', 'Advaith Sarin', '5935668816', 'Pack', 8173);
INSERT INTO Weighbridge (Gatepass_No, Truck_Type, Weight_In, Weight_Out, In_Time, Out_Time) VALUES (1271, 'Pack', 11059, 10959, '2025-08-14 00:33:12.339543', '2025-08-14 02:33:12.339543');
INSERT INTO Loading (Truck_Type, Cylinder_Type, Gatepass_No) VALUES ('Pack', '47kg', 1271);
INSERT INTO Unloading (Vehicle_Number, Truck_Type, Cylinder_Type, Capsule1_MT, Capsule2_MT, Capsule3_MT, Gatepass_No) VALUES ('GJ24ZP1482', 'Pack', '47kg', NULL, NULL, NULL, 1271);
INSERT INTO Filling_Center (Cylinder_Type, Leakage_Test, Cap_Check, Manual_Test, Gatepass_No) VALUES ('14.5kg', 0, 0, 1, 1271);
INSERT INTO Security_In VALUES (1272, '2025-09-09', 'KA17JY3788', 'Charita Ramaswamy', '1558656261', 'Pack', 15163);
INSERT INTO Security_Out VALUES (1272, '2025-09-09', 'KA17JY3788', 'Rau, Srivastava and Sarna', 'Charita Ramaswamy', '1558656261', 'Pack', 15163);
INSERT INTO Weighbridge (Gatepass_No, Truck_Type, Weight_In, Weight_Out, In_Time, Out_Time) VALUES (1272, 'Pack', 17089, 16973, '2025-09-03 07:49:50.826235', '2025-09-03 12:49:50.826235');
INSERT INTO Loading (Truck_Type, Cylinder_Type, Gatepass_No) VALUES ('Pack', '14kg', 1272);
INSERT INTO Unloading (Vehicle_Number, Truck_Type, Cylinder_Type, Capsule1_MT, Capsule2_MT, Capsule3_MT, Gatepass_No) VALUES ('KA17JY3788', 'Pack', '14kg', NULL, NULL, NULL, 1272);
INSERT INTO Filling_Center (Cylinder_Type, Leakage_Test, Cap_Check, Manual_Test, Gatepass_No) VALUES ('14.5kg', 0, 0, 0, 1272);
INSERT INTO Security_In VALUES (1273, '2025-08-21', 'DL98UF6184', 'Christopher Khanna', '9442384106', 'Pack', 7036);
INSERT INTO Security_Out VALUES (1273, '2025-08-21', 'DL98UF6184', 'Prabhu, Shere and Master', 'Christopher Khanna', '9442384106', 'Pack', 7036);
INSERT INTO Weighbridge (Gatepass_No, Truck_Type, Weight_In, Weight_Out, In_Time, Out_Time) VALUES (1273, 'Pack', 10934, 10666, '2025-09-09 16:07:56.886093', '2025-09-09 20:07:56.886093');
INSERT INTO Loading (Truck_Type, Cylinder_Type, Gatepass_No) VALUES ('Pack', '47kg', 1273);
INSERT INTO Unloading (Vehicle_Number, Truck_Type, Cylinder_Type, Capsule1_MT, Capsule2_MT, Capsule3_MT, Gatepass_No) VALUES ('DL98UF6184', 'Pack', '47kg', NULL, NULL, NULL, 1273);
INSERT INTO Filling_Center (Cylinder_Type, Leakage_Test, Cap_Check, Manual_Test, Gatepass_No) VALUES ('47kg', 0, 1, 1, 1273);
INSERT INTO Security_In VALUES (1274, '2025-08-29', 'WB92CK9605', 'Frederick Dewan', '5635143318', 'Bullet', 11727);
INSERT INTO Security_Out VALUES (1274, '2025-08-29', 'WB92CK9605', 'Nair Group', 'Frederick Dewan', '5635143318', 'Bullet', 11727);
INSERT INTO Weighbridge (Gatepass_No, Truck_Type, Weight_In, Weight_Out, In_Time, Out_Time) VALUES (1274, 'Bullet', 16638, 16171, '2025-07-23 14:43:03.441392', '2025-07-23 15:43:03.441392');
INSERT INTO Unloading (Vehicle_Number, Truck_Type, Cylinder_Type, Capsule1_MT, Capsule2_MT, Capsule3_MT, Gatepass_No) VALUES ('WB92CK9605', 'Bullet', NULL, 8.87, 8.34, 8.66, 1274);
INSERT INTO Filling_Center (Cylinder_Type, Leakage_Test, Cap_Check, Manual_Test, Gatepass_No) VALUES ('5kg', 0, 0, 1, 1274);
INSERT INTO Security_In VALUES (1275, '2025-07-18', 'KA18QJ3251', 'Jagat Basu', '9046231356', 'Pack', 700);
INSERT INTO Security_Out VALUES (1275, '2025-07-18', 'KA18QJ3251', 'Gala, Iyer and Seshadri', 'Jagat Basu', '9046231356', 'Pack', 700);
INSERT INTO Weighbridge (Gatepass_No, Truck_Type, Weight_In, Weight_Out, In_Time, Out_Time) VALUES (1275, 'Pack', 4593, 4399, '2025-09-12 15:44:57.547236', '2025-09-12 20:44:57.547236');
INSERT INTO Loading (Truck_Type, Cylinder_Type, Gatepass_No) VALUES ('Pack', '14kg', 1275);
INSERT INTO Unloading (Vehicle_Number, Truck_Type, Cylinder_Type, Capsule1_MT, Capsule2_MT, Capsule3_MT, Gatepass_No) VALUES ('KA18QJ3251', 'Pack', '14kg', NULL, NULL, NULL, 1275);
INSERT INTO Filling_Center (Cylinder_Type, Leakage_Test, Cap_Check, Manual_Test, Gatepass_No) VALUES ('10kg', 1, 1, 1, 1275);
INSERT INTO Security_In VALUES (1276, '2025-08-26', 'MH44CT3877', 'Teerth Mohanty', '5396754814', 'Bullet', 2223);
INSERT INTO Security_Out VALUES (1276, '2025-08-26', 'MH44CT3877', 'Reddy, Kapur and Edwin', 'Teerth Mohanty', '5396754814', 'Bullet', 2223);
INSERT INTO Weighbridge (Gatepass_No, Truck_Type, Weight_In, Weight_Out, In_Time, Out_Time) VALUES (1276, 'Bullet', 4815, 4512, '2025-09-02 01:24:20.992653', '2025-09-02 05:24:20.992653');
INSERT INTO Unloading (Vehicle_Number, Truck_Type, Cylinder_Type, Capsule1_MT, Capsule2_MT, Capsule3_MT, Gatepass_No) VALUES ('MH44CT3877', 'Bullet', NULL, 5.35, 9.72, 8.15, 1276);
INSERT INTO Filling_Center (Cylinder_Type, Leakage_Test, Cap_Check, Manual_Test, Gatepass_No) VALUES ('14.5kg', 1, 1, 1, 1276);
INSERT INTO Security_In VALUES (1277, '2025-09-01', 'RJ76AT8070', 'Jonathan Shankar', '6313212622', 'Bullet', 5792);
INSERT INTO Security_Out VALUES (1277, '2025-09-01', 'RJ76AT8070', 'Gola-Saraf', 'Jonathan Shankar', '6313212622', 'Bullet', 5792);
INSERT INTO Weighbridge (Gatepass_No, Truck_Type, Weight_In, Weight_Out, In_Time, Out_Time) VALUES (1277, 'Bullet', 10079, 9845, '2025-07-31 18:49:56.008107', '2025-07-31 22:49:56.008107');
INSERT INTO Unloading (Vehicle_Number, Truck_Type, Cylinder_Type, Capsule1_MT, Capsule2_MT, Capsule3_MT, Gatepass_No) VALUES ('RJ76AT8070', 'Bullet', NULL, 5.75, 7.16, 5.68, 1277);
INSERT INTO Filling_Center (Cylinder_Type, Leakage_Test, Cap_Check, Manual_Test, Gatepass_No) VALUES ('14.5kg', 1, 0, 1, 1277);
INSERT INTO Security_In VALUES (1278, '2025-08-24', 'RJ61SC6108', 'Dayamai Hans', '9259147876', 'Bullet', 5927);
INSERT INTO Security_Out VALUES (1278, '2025-08-24', 'RJ61SC6108', 'Lala, Edwin and Nanda', 'Dayamai Hans', '9259147876', 'Bullet', 5927);
INSERT INTO Weighbridge (Gatepass_No, Truck_Type, Weight_In, Weight_Out, In_Time, Out_Time) VALUES (1278, 'Bullet', 8177, 7988, '2025-07-17 20:05:49.343465', '2025-07-18 01:05:49.343465');
INSERT INTO Unloading (Vehicle_Number, Truck_Type, Cylinder_Type, Capsule1_MT, Capsule2_MT, Capsule3_MT, Gatepass_No) VALUES ('RJ61SC6108', 'Bullet', NULL, 8.91, 7.86, 5.76, 1278);
INSERT INTO Filling_Center (Cylinder_Type, Leakage_Test, Cap_Check, Manual_Test, Gatepass_No) VALUES ('47kg', 1, 0, 1, 1278);
INSERT INTO Security_In VALUES (1279, '2025-07-25', 'RJ33DX1149', 'Kalpit Palan', '6654459116', 'Pack', 8703);
INSERT INTO Security_Out VALUES (1279, '2025-07-25', 'RJ33DX1149', 'Mital, Bajaj and Sabharwal', 'Kalpit Palan', '6654459116', 'Pack', 8703);
INSERT INTO Weighbridge (Gatepass_No, Truck_Type, Weight_In, Weight_Out, In_Time, Out_Time) VALUES (1279, 'Pack', 13223, 12753, '2025-09-11 21:46:34.009785', '2025-09-12 01:46:34.009785');
INSERT INTO Loading (Truck_Type, Cylinder_Type, Gatepass_No) VALUES ('Pack', '47kg', 1279);
INSERT INTO Unloading (Vehicle_Number, Truck_Type, Cylinder_Type, Capsule1_MT, Capsule2_MT, Capsule3_MT, Gatepass_No) VALUES ('RJ33DX1149', 'Pack', '47kg', NULL, NULL, NULL, 1279);
INSERT INTO Filling_Center (Cylinder_Type, Leakage_Test, Cap_Check, Manual_Test, Gatepass_No) VALUES ('10kg', 1, 1, 1, 1279);
INSERT INTO Security_In VALUES (1280, '2025-08-06', 'DL83DT7000', 'Sathvik Hegde', '8626634383', 'Pack', 19537);
INSERT INTO Security_Out VALUES (1280, '2025-08-06', 'DL83DT7000', 'Buch-Suresh', 'Sathvik Hegde', '8626634383', 'Pack', 19537);
INSERT INTO Weighbridge (Gatepass_No, Truck_Type, Weight_In, Weight_Out, In_Time, Out_Time) VALUES (1280, 'Pack', 23124, 22704, '2025-08-30 19:05:47.940020', '2025-08-30 22:05:47.940020');
INSERT INTO Loading (Truck_Type, Cylinder_Type, Gatepass_No) VALUES ('Pack', '47kg', 1280);
INSERT INTO Unloading (Vehicle_Number, Truck_Type, Cylinder_Type, Capsule1_MT, Capsule2_MT, Capsule3_MT, Gatepass_No) VALUES ('DL83DT7000', 'Pack', '47kg', NULL, NULL, NULL, 1280);
INSERT INTO Filling_Center (Cylinder_Type, Leakage_Test, Cap_Check, Manual_Test, Gatepass_No) VALUES ('14.5kg', 1, 0, 1, 1280);
INSERT INTO Security_In VALUES (1281, '2025-07-19', 'KA34SF3724', 'Tanay Maharaj', '9739935840', 'Pack', 4392);
INSERT INTO Security_Out VALUES (1281, '2025-07-19', 'KA34SF3724', 'Chana Inc', 'Tanay Maharaj', '9739935840', 'Pack', 4392);
INSERT INTO Weighbridge (Gatepass_No, Truck_Type, Weight_In, Weight_Out, In_Time, Out_Time) VALUES (1281, 'Pack', 8857, 8597, '2025-08-21 07:40:06.972197', '2025-08-21 10:40:06.972197');
INSERT INTO Loading (Truck_Type, Cylinder_Type, Gatepass_No) VALUES ('Pack', '14kg', 1281);
INSERT INTO Unloading (Vehicle_Number, Truck_Type, Cylinder_Type, Capsule1_MT, Capsule2_MT, Capsule3_MT, Gatepass_No) VALUES ('KA34SF3724', 'Pack', '14kg', NULL, NULL, NULL, 1281);
INSERT INTO Filling_Center (Cylinder_Type, Leakage_Test, Cap_Check, Manual_Test, Gatepass_No) VALUES ('10kg', 0, 1, 0, 1281);
INSERT INTO Security_In VALUES (1282, '2025-08-27', 'HR43BP6121', 'Kritika Madan', '6205660098', 'Pack', 17223);
INSERT INTO Security_Out VALUES (1282, '2025-08-27', 'HR43BP6121', 'Ganesan-Ben', 'Kritika Madan', '6205660098', 'Pack', 17223);
INSERT INTO Weighbridge (Gatepass_No, Truck_Type, Weight_In, Weight_Out, In_Time, Out_Time) VALUES (1282, 'Pack', 19709, 19445, '2025-08-30 11:28:30.102437', '2025-08-30 12:28:30.102437');
INSERT INTO Loading (Truck_Type, Cylinder_Type, Gatepass_No) VALUES ('Pack', '19kg', 1282);
INSERT INTO Unloading (Vehicle_Number, Truck_Type, Cylinder_Type, Capsule1_MT, Capsule2_MT, Capsule3_MT, Gatepass_No) VALUES ('HR43BP6121', 'Pack', '19kg', NULL, NULL, NULL, 1282);
INSERT INTO Filling_Center (Cylinder_Type, Leakage_Test, Cap_Check, Manual_Test, Gatepass_No) VALUES ('19kg', 0, 1, 1, 1282);
INSERT INTO Security_In VALUES (1283, '2025-08-07', 'MH49SS3715', 'Vansha Sani', '2358915255', 'Bullet', 11984);
INSERT INTO Security_Out VALUES (1283, '2025-08-07', 'MH49SS3715', 'Chatterjee-Sheth', 'Vansha Sani', '2358915255', 'Bullet', 11984);
INSERT INTO Weighbridge (Gatepass_No, Truck_Type, Weight_In, Weight_Out, In_Time, Out_Time) VALUES (1283, 'Bullet', 13589, 13251, '2025-07-17 09:11:46.633891', '2025-07-17 13:11:46.633891');
INSERT INTO Unloading (Vehicle_Number, Truck_Type, Cylinder_Type, Capsule1_MT, Capsule2_MT, Capsule3_MT, Gatepass_No) VALUES ('MH49SS3715', 'Bullet', NULL, 7.23, 5.87, 7.36, 1283);
INSERT INTO Filling_Center (Cylinder_Type, Leakage_Test, Cap_Check, Manual_Test, Gatepass_No) VALUES ('14.5kg', 0, 0, 1, 1283);
INSERT INTO Security_In VALUES (1284, '2025-08-09', 'MH68UN2744', 'Pratyush Dutta', '5369816549', 'Pack', 19516);
INSERT INTO Security_Out VALUES (1284, '2025-08-09', 'MH68UN2744', 'Bhargava-Naik', 'Pratyush Dutta', '5369816549', 'Pack', 19516);
INSERT INTO Weighbridge (Gatepass_No, Truck_Type, Weight_In, Weight_Out, In_Time, Out_Time) VALUES (1284, 'Pack', 22002, 21541, '2025-09-10 01:00:20.443614', '2025-09-10 02:00:20.443614');
INSERT INTO Loading (Truck_Type, Cylinder_Type, Gatepass_No) VALUES ('Pack', '14kg', 1284);
INSERT INTO Unloading (Vehicle_Number, Truck_Type, Cylinder_Type, Capsule1_MT, Capsule2_MT, Capsule3_MT, Gatepass_No) VALUES ('MH68UN2744', 'Pack', '14kg', NULL, NULL, NULL, 1284);
INSERT INTO Filling_Center (Cylinder_Type, Leakage_Test, Cap_Check, Manual_Test, Gatepass_No) VALUES ('19kg', 1, 0, 0, 1284);
INSERT INTO Security_In VALUES (1285, '2025-08-01', 'WB31JH8495', 'Maanas Munshi', '4573148679', 'Pack', 5080);
INSERT INTO Security_Out VALUES (1285, '2025-08-01', 'WB31JH8495', 'Mohan Inc', 'Maanas Munshi', '4573148679', 'Pack', 5080);
INSERT INTO Weighbridge (Gatepass_No, Truck_Type, Weight_In, Weight_Out, In_Time, Out_Time) VALUES (1285, 'Pack', 6354, 6059, '2025-07-23 04:00:35.919417', '2025-07-23 06:00:35.919417');
INSERT INTO Loading (Truck_Type, Cylinder_Type, Gatepass_No) VALUES ('Pack', '47kg', 1285);
INSERT INTO Unloading (Vehicle_Number, Truck_Type, Cylinder_Type, Capsule1_MT, Capsule2_MT, Capsule3_MT, Gatepass_No) VALUES ('WB31JH8495', 'Pack', '47kg', NULL, NULL, NULL, 1285);
INSERT INTO Filling_Center (Cylinder_Type, Leakage_Test, Cap_Check, Manual_Test, Gatepass_No) VALUES ('19kg', 1, 0, 0, 1285);
INSERT INTO Security_In VALUES (1286, '2025-08-12', 'WB16SA6041', 'Pranav Hari', '4499471849', 'Pack', 16142);
INSERT INTO Security_Out VALUES (1286, '2025-08-12', 'WB16SA6041', 'Lad-Bhatti', 'Pranav Hari', '4499471849', 'Pack', 16142);
INSERT INTO Weighbridge (Gatepass_No, Truck_Type, Weight_In, Weight_Out, In_Time, Out_Time) VALUES (1286, 'Pack', 20046, 19550, '2025-08-22 05:08:50.773697', '2025-08-22 08:08:50.773697');
INSERT INTO Loading (Truck_Type, Cylinder_Type, Gatepass_No) VALUES ('Pack', '47kg', 1286);
INSERT INTO Unloading (Vehicle_Number, Truck_Type, Cylinder_Type, Capsule1_MT, Capsule2_MT, Capsule3_MT, Gatepass_No) VALUES ('WB16SA6041', 'Pack', '47kg', NULL, NULL, NULL, 1286);
INSERT INTO Filling_Center (Cylinder_Type, Leakage_Test, Cap_Check, Manual_Test, Gatepass_No) VALUES ('47kg', 1, 1, 0, 1286);
INSERT INTO Security_In VALUES (1287, '2025-08-26', 'HR95KP8241', 'Vritti Gera', '4271882067', 'Pack', 18727);
INSERT INTO Security_Out VALUES (1287, '2025-08-26', 'HR95KP8241', 'Mallick, De and Mahal', 'Vritti Gera', '4271882067', 'Pack', 18727);
INSERT INTO Weighbridge (Gatepass_No, Truck_Type, Weight_In, Weight_Out, In_Time, Out_Time) VALUES (1287, 'Pack', 20206, 19734, '2025-08-26 12:40:38.481671', '2025-08-26 14:40:38.481671');
INSERT INTO Loading (Truck_Type, Cylinder_Type, Gatepass_No) VALUES ('Pack', '47kg', 1287);
INSERT INTO Unloading (Vehicle_Number, Truck_Type, Cylinder_Type, Capsule1_MT, Capsule2_MT, Capsule3_MT, Gatepass_No) VALUES ('HR95KP8241', 'Pack', '47kg', NULL, NULL, NULL, 1287);
INSERT INTO Filling_Center (Cylinder_Type, Leakage_Test, Cap_Check, Manual_Test, Gatepass_No) VALUES ('19kg', 1, 1, 0, 1287);
INSERT INTO Security_In VALUES (1288, '2025-07-23', 'DL67FS6692', 'Vyanjana Ganguly', '7399430127', 'Pack', 6406);
INSERT INTO Security_Out VALUES (1288, '2025-07-23', 'DL67FS6692', 'Padmanabhan-Setty', 'Vyanjana Ganguly', '7399430127', 'Pack', 6406);
INSERT INTO Weighbridge (Gatepass_No, Truck_Type, Weight_In, Weight_Out, In_Time, Out_Time) VALUES (1288, 'Pack', 10299, 9908, '2025-08-20 08:58:42.790325', '2025-08-20 11:58:42.790325');
INSERT INTO Loading (Truck_Type, Cylinder_Type, Gatepass_No) VALUES ('Pack', '14kg', 1288);
INSERT INTO Unloading (Vehicle_Number, Truck_Type, Cylinder_Type, Capsule1_MT, Capsule2_MT, Capsule3_MT, Gatepass_No) VALUES ('DL67FS6692', 'Pack', '14kg', NULL, NULL, NULL, 1288);
INSERT INTO Filling_Center (Cylinder_Type, Leakage_Test, Cap_Check, Manual_Test, Gatepass_No) VALUES ('10kg', 1, 0, 1, 1288);
INSERT INTO Security_In VALUES (1289, '2025-09-01', 'UP27UX8999', 'Nihal Devan', '6923331860', 'Bullet', 3582);
INSERT INTO Security_Out VALUES (1289, '2025-09-01', 'UP27UX8999', 'Khatri-Mistry', 'Nihal Devan', '6923331860', 'Bullet', 3582);
INSERT INTO Weighbridge (Gatepass_No, Truck_Type, Weight_In, Weight_Out, In_Time, Out_Time) VALUES (1289, 'Bullet', 7135, 6771, '2025-08-25 17:16:22.860248', '2025-08-25 20:16:22.860248');
INSERT INTO Unloading (Vehicle_Number, Truck_Type, Cylinder_Type, Capsule1_MT, Capsule2_MT, Capsule3_MT, Gatepass_No) VALUES ('UP27UX8999', 'Bullet', NULL, 8.12, 8.6, 6.31, 1289);
INSERT INTO Filling_Center (Cylinder_Type, Leakage_Test, Cap_Check, Manual_Test, Gatepass_No) VALUES ('19kg', 0, 0, 1, 1289);
INSERT INTO Security_In VALUES (1290, '2025-08-06', 'MH30TL1190', 'Yadavi Sha', '9216673111', 'Pack', 14212);
INSERT INTO Security_Out VALUES (1290, '2025-08-06', 'MH30TL1190', 'Subramaniam-Bath', 'Yadavi Sha', '9216673111', 'Pack', 14212);
INSERT INTO Weighbridge (Gatepass_No, Truck_Type, Weight_In, Weight_Out, In_Time, Out_Time) VALUES (1290, 'Pack', 16200, 15831, '2025-09-15 06:21:47.643013', '2025-09-15 09:21:47.643013');
INSERT INTO Loading (Truck_Type, Cylinder_Type, Gatepass_No) VALUES ('Pack', '19kg', 1290);
INSERT INTO Unloading (Vehicle_Number, Truck_Type, Cylinder_Type, Capsule1_MT, Capsule2_MT, Capsule3_MT, Gatepass_No) VALUES ('MH30TL1190', 'Pack', '19kg', NULL, NULL, NULL, 1290);
INSERT INTO Filling_Center (Cylinder_Type, Leakage_Test, Cap_Check, Manual_Test, Gatepass_No) VALUES ('14.5kg', 1, 0, 0, 1290);
INSERT INTO Security_In VALUES (1291, '2025-09-01', 'PB64HG1405', 'Ethan Naik', '9989222728', 'Bullet', 6081);
INSERT INTO Security_Out VALUES (1291, '2025-09-01', 'PB64HG1405', 'Hayre-Merchant', 'Ethan Naik', '9989222728', 'Bullet', 6081);
INSERT INTO Weighbridge (Gatepass_No, Truck_Type, Weight_In, Weight_Out, In_Time, Out_Time) VALUES (1291, 'Bullet', 9615, 9230, '2025-08-13 05:25:34.919318', '2025-08-13 08:25:34.919318');
INSERT INTO Unloading (Vehicle_Number, Truck_Type, Cylinder_Type, Capsule1_MT, Capsule2_MT, Capsule3_MT, Gatepass_No) VALUES ('PB64HG1405', 'Bullet', NULL, 7.03, 7.69, 5.37, 1291);
INSERT INTO Filling_Center (Cylinder_Type, Leakage_Test, Cap_Check, Manual_Test, Gatepass_No) VALUES ('10kg', 1, 0, 0, 1291);
INSERT INTO Security_In VALUES (1292, '2025-08-27', 'MH44QT6907', 'Shivansh Kala', '6246956099', 'Bullet', 6528);
INSERT INTO Security_Out VALUES (1292, '2025-08-27', 'MH44QT6907', 'Dugar PLC', 'Shivansh Kala', '6246956099', 'Bullet', 6528);
INSERT INTO Weighbridge (Gatepass_No, Truck_Type, Weight_In, Weight_Out, In_Time, Out_Time) VALUES (1292, 'Bullet', 8239, 7974, '2025-08-17 03:03:36.271233', '2025-08-17 06:03:36.271233');
INSERT INTO Unloading (Vehicle_Number, Truck_Type, Cylinder_Type, Capsule1_MT, Capsule2_MT, Capsule3_MT, Gatepass_No) VALUES ('MH44QT6907', 'Bullet', NULL, 7.34, 6.47, 9.99, 1292);
INSERT INTO Filling_Center (Cylinder_Type, Leakage_Test, Cap_Check, Manual_Test, Gatepass_No) VALUES ('47kg', 0, 0, 1, 1292);
INSERT INTO Security_In VALUES (1293, '2025-09-03', 'TN12ZE6043', 'Warhi Arora', '4696516649', 'Bullet', 11389);
INSERT INTO Security_Out VALUES (1293, '2025-09-03', 'TN12ZE6043', 'Sant-Lad', 'Warhi Arora', '4696516649', 'Bullet', 11389);
INSERT INTO Weighbridge (Gatepass_No, Truck_Type, Weight_In, Weight_Out, In_Time, Out_Time) VALUES (1293, 'Bullet', 13600, 13448, '2025-09-04 15:50:04.103076', '2025-09-04 19:50:04.103076');
INSERT INTO Unloading (Vehicle_Number, Truck_Type, Cylinder_Type, Capsule1_MT, Capsule2_MT, Capsule3_MT, Gatepass_No) VALUES ('TN12ZE6043', 'Bullet', NULL, 5.14, 6.52, 7.74, 1293);
INSERT INTO Filling_Center (Cylinder_Type, Leakage_Test, Cap_Check, Manual_Test, Gatepass_No) VALUES ('19kg', 1, 0, 0, 1293);
INSERT INTO Security_In VALUES (1294, '2025-07-31', 'GJ80FC1692', 'Garima Sachdeva', '3537997164', 'Bullet', 7377);
INSERT INTO Security_Out VALUES (1294, '2025-07-31', 'GJ80FC1692', 'Morar Ltd', 'Garima Sachdeva', '3537997164', 'Bullet', 7377);
INSERT INTO Weighbridge (Gatepass_No, Truck_Type, Weight_In, Weight_Out, In_Time, Out_Time) VALUES (1294, 'Bullet', 10231, 10086, '2025-08-31 13:10:11.235820', '2025-08-31 17:10:11.235820');
INSERT INTO Unloading (Vehicle_Number, Truck_Type, Cylinder_Type, Capsule1_MT, Capsule2_MT, Capsule3_MT, Gatepass_No) VALUES ('GJ80FC1692', 'Bullet', NULL, 6.16, 7.48, 8.37, 1294);
INSERT INTO Filling_Center (Cylinder_Type, Leakage_Test, Cap_Check, Manual_Test, Gatepass_No) VALUES ('47kg', 1, 0, 0, 1294);
INSERT INTO Security_In VALUES (1295, '2025-08-02', 'HR72RN3038', 'Chakrika Mand', '1127802235', 'Pack', 15436);
INSERT INTO Security_Out VALUES (1295, '2025-08-02', 'HR72RN3038', 'Anand, Yadav and Sami', 'Chakrika Mand', '1127802235', 'Pack', 15436);
INSERT INTO Weighbridge (Gatepass_No, Truck_Type, Weight_In, Weight_Out, In_Time, Out_Time) VALUES (1295, 'Pack', 17600, 17175, '2025-08-20 17:22:49.745406', '2025-08-20 18:22:49.745406');
INSERT INTO Loading (Truck_Type, Cylinder_Type, Gatepass_No) VALUES ('Pack', '19kg', 1295);
INSERT INTO Unloading (Vehicle_Number, Truck_Type, Cylinder_Type, Capsule1_MT, Capsule2_MT, Capsule3_MT, Gatepass_No) VALUES ('HR72RN3038', 'Pack', '19kg', NULL, NULL, NULL, 1295);
INSERT INTO Filling_Center (Cylinder_Type, Leakage_Test, Cap_Check, Manual_Test, Gatepass_No) VALUES ('47kg', 0, 0, 1, 1295);
INSERT INTO Security_In VALUES (1296, '2025-07-29', 'RJ30YL6674', 'Sai Jaggi', '0101269094', 'Bullet', 3240);
INSERT INTO Security_Out VALUES (1296, '2025-07-29', 'RJ30YL6674', 'Warrior LLC', 'Sai Jaggi', '0101269094', 'Bullet', 3240);
INSERT INTO Weighbridge (Gatepass_No, Truck_Type, Weight_In, Weight_Out, In_Time, Out_Time) VALUES (1296, 'Bullet', 6069, 5610, '2025-08-29 06:10:52.564110', '2025-08-29 08:10:52.564110');
INSERT INTO Unloading (Vehicle_Number, Truck_Type, Cylinder_Type, Capsule1_MT, Capsule2_MT, Capsule3_MT, Gatepass_No) VALUES ('RJ30YL6674', 'Bullet', NULL, 7.43, 7.53, 8.58, 1296);
INSERT INTO Filling_Center (Cylinder_Type, Leakage_Test, Cap_Check, Manual_Test, Gatepass_No) VALUES ('19kg', 0, 1, 0, 1296);
INSERT INTO Security_In VALUES (1297, '2025-09-04', 'GJ31RY1917', 'Viraj Dyal', '5537636230', 'Bullet', 5899);
INSERT INTO Security_Out VALUES (1297, '2025-09-04', 'GJ31RY1917', 'Sabharwal Inc', 'Viraj Dyal', '5537636230', 'Bullet', 5899);
INSERT INTO Weighbridge (Gatepass_No, Truck_Type, Weight_In, Weight_Out, In_Time, Out_Time) VALUES (1297, 'Bullet', 7864, 7708, '2025-08-02 02:08:07.152779', '2025-08-02 07:08:07.152779');
INSERT INTO Unloading (Vehicle_Number, Truck_Type, Cylinder_Type, Capsule1_MT, Capsule2_MT, Capsule3_MT, Gatepass_No) VALUES ('GJ31RY1917', 'Bullet', NULL, 5.14, 8.58, 6.99, 1297);
INSERT INTO Filling_Center (Cylinder_Type, Leakage_Test, Cap_Check, Manual_Test, Gatepass_No) VALUES ('5kg', 0, 1, 0, 1297);
INSERT INTO Security_In VALUES (1298, '2025-08-26', 'KA74WM2958', 'Faris Pradhan', '5972763816', 'Bullet', 14165);
INSERT INTO Security_Out VALUES (1298, '2025-08-26', 'KA74WM2958', 'Minhas Ltd', 'Faris Pradhan', '5972763816', 'Bullet', 14165);
INSERT INTO Weighbridge (Gatepass_No, Truck_Type, Weight_In, Weight_Out, In_Time, Out_Time) VALUES (1298, 'Bullet', 16887, 16501, '2025-07-23 11:15:00.745547', '2025-07-23 12:15:00.745547');
INSERT INTO Unloading (Vehicle_Number, Truck_Type, Cylinder_Type, Capsule1_MT, Capsule2_MT, Capsule3_MT, Gatepass_No) VALUES ('KA74WM2958', 'Bullet', NULL, 7.86, 5.16, 8.07, 1298);
INSERT INTO Filling_Center (Cylinder_Type, Leakage_Test, Cap_Check, Manual_Test, Gatepass_No) VALUES ('10kg', 0, 0, 0, 1298);
INSERT INTO Security_In VALUES (1299, '2025-07-22', 'PB57NO5108', 'Ayush Mittal', '9746630582', 'Pack', 8396);
INSERT INTO Security_Out VALUES (1299, '2025-07-22', 'PB57NO5108', 'Dalal, Ravi and Randhawa', 'Ayush Mittal', '9746630582', 'Pack', 8396);
INSERT INTO Weighbridge (Gatepass_No, Truck_Type, Weight_In, Weight_Out, In_Time, Out_Time) VALUES (1299, 'Pack', 10242, 10057, '2025-07-25 22:36:37.767764', '2025-07-26 03:36:37.767764');
INSERT INTO Loading (Truck_Type, Cylinder_Type, Gatepass_No) VALUES ('Pack', '47kg', 1299);
INSERT INTO Unloading (Vehicle_Number, Truck_Type, Cylinder_Type, Capsule1_MT, Capsule2_MT, Capsule3_MT, Gatepass_No) VALUES ('PB57NO5108', 'Pack', '47kg', NULL, NULL, NULL, 1299);
INSERT INTO Filling_Center (Cylinder_Type, Leakage_Test, Cap_Check, Manual_Test, Gatepass_No) VALUES ('47kg', 1, 1, 0, 1299);
INSERT INTO Security_In VALUES (1300, '2025-09-12', 'PB29AY5006', 'Sarthak Kale', '9216272887', 'Bullet', 13585);
INSERT INTO Security_Out VALUES (1300, '2025-09-12', 'PB29AY5006', 'Chaudry, Rajan and Srinivas', 'Sarthak Kale', '9216272887', 'Bullet', 13585);
INSERT INTO Weighbridge (Gatepass_No, Truck_Type, Weight_In, Weight_Out, In_Time, Out_Time) VALUES (1300, 'Bullet', 17563, 17072, '2025-09-05 12:08:29.447288', '2025-09-05 15:08:29.447288');
INSERT INTO Unloading (Vehicle_Number, Truck_Type, Cylinder_Type, Capsule1_MT, Capsule2_MT, Capsule3_MT, Gatepass_No) VALUES ('PB29AY5006', 'Bullet', NULL, 8.12, 5.93, 9.7, 1300);
INSERT INTO Filling_Center (Cylinder_Type, Leakage_Test, Cap_Check, Manual_Test, Gatepass_No) VALUES ('5kg', 1, 0, 0, 1300);
INSERT INTO Security_In VALUES (1301, '2025-09-01', 'TN12ZV3391', 'Naveen Sachdeva', '3643917051', 'Pack', 4918);
INSERT INTO Security_Out VALUES (1301, '2025-09-01', 'TN12ZV3391', 'Nagy Group', 'Naveen Sachdeva', '3643917051', 'Pack', 4918);
INSERT INTO Weighbridge (Gatepass_No, Truck_Type, Weight_In, Weight_Out, In_Time, Out_Time) VALUES (1301, 'Pack', 9001, 8804, '2025-08-28 09:36:40.540962', '2025-08-28 14:36:40.540962');
INSERT INTO Loading (Truck_Type, Cylinder_Type, Gatepass_No) VALUES ('Pack', '14kg', 1301);
INSERT INTO Unloading (Vehicle_Number, Truck_Type, Cylinder_Type, Capsule1_MT, Capsule2_MT, Capsule3_MT, Gatepass_No) VALUES ('TN12ZV3391', 'Pack', '14kg', NULL, NULL, NULL, 1301);
INSERT INTO Filling_Center (Cylinder_Type, Leakage_Test, Cap_Check, Manual_Test, Gatepass_No) VALUES ('10kg', 0, 1, 1, 1301);
INSERT INTO Security_In VALUES (1302, '2025-08-20', 'UP17PT9279', 'Riya Madan', '0455434500', 'Pack', 6667);
INSERT INTO Security_Out VALUES (1302, '2025-08-20', 'UP17PT9279', 'Sinha, Bera and Karnik', 'Riya Madan', '0455434500', 'Pack', 6667);
INSERT INTO Weighbridge (Gatepass_No, Truck_Type, Weight_In, Weight_Out, In_Time, Out_Time) VALUES (1302, 'Pack', 8735, 8566, '2025-09-13 04:29:55.122678', '2025-09-13 05:29:55.122678');
INSERT INTO Loading (Truck_Type, Cylinder_Type, Gatepass_No) VALUES ('Pack', '14kg', 1302);
INSERT INTO Unloading (Vehicle_Number, Truck_Type, Cylinder_Type, Capsule1_MT, Capsule2_MT, Capsule3_MT, Gatepass_No) VALUES ('UP17PT9279', 'Pack', '14kg', NULL, NULL, NULL, 1302);
INSERT INTO Filling_Center (Cylinder_Type, Leakage_Test, Cap_Check, Manual_Test, Gatepass_No) VALUES ('10kg', 1, 0, 1, 1302);
INSERT INTO Security_In VALUES (1303, '2025-08-21', 'MH97SM3598', 'Garima Garde', '1610830153', 'Bullet', 15965);
INSERT INTO Security_Out VALUES (1303, '2025-08-21', 'MH97SM3598', 'Gole, Prashad and Sami', 'Garima Garde', '1610830153', 'Bullet', 15965);
INSERT INTO Weighbridge (Gatepass_No, Truck_Type, Weight_In, Weight_Out, In_Time, Out_Time) VALUES (1303, 'Bullet', 19317, 18888, '2025-08-27 16:47:00.032781', '2025-08-27 21:47:00.032781');
INSERT INTO Unloading (Vehicle_Number, Truck_Type, Cylinder_Type, Capsule1_MT, Capsule2_MT, Capsule3_MT, Gatepass_No) VALUES ('MH97SM3598', 'Bullet', NULL, 7.69, 8.24, 9.57, 1303);
INSERT INTO Filling_Center (Cylinder_Type, Leakage_Test, Cap_Check, Manual_Test, Gatepass_No) VALUES ('14.5kg', 0, 0, 1, 1303);
INSERT INTO Security_In VALUES (1304, '2025-07-20', 'HR33HT7811', 'Mitesh Kade', '9894135241', 'Bullet', 6732);
INSERT INTO Security_Out VALUES (1304, '2025-07-20', 'HR33HT7811', 'Zachariah, Bains and Krish', 'Mitesh Kade', '9894135241', 'Bullet', 6732);
INSERT INTO Weighbridge (Gatepass_No, Truck_Type, Weight_In, Weight_Out, In_Time, Out_Time) VALUES (1304, 'Bullet', 10746, 10562, '2025-09-06 06:25:55.650308', '2025-09-06 11:25:55.650308');
INSERT INTO Unloading (Vehicle_Number, Truck_Type, Cylinder_Type, Capsule1_MT, Capsule2_MT, Capsule3_MT, Gatepass_No) VALUES ('HR33HT7811', 'Bullet', NULL, 9.44, 9.65, 6.31, 1304);
INSERT INTO Filling_Center (Cylinder_Type, Leakage_Test, Cap_Check, Manual_Test, Gatepass_No) VALUES ('10kg', 0, 0, 0, 1304);
INSERT INTO Security_In VALUES (1305, '2025-08-10', 'TN17VY5818', 'Panini Koshy', '2947271468', 'Bullet', 641);
INSERT INTO Security_Out VALUES (1305, '2025-08-10', 'TN17VY5818', 'Randhawa PLC', 'Panini Koshy', '2947271468', 'Bullet', 641);
INSERT INTO Weighbridge (Gatepass_No, Truck_Type, Weight_In, Weight_Out, In_Time, Out_Time) VALUES (1305, 'Bullet', 4561, 4231, '2025-08-30 18:28:10.012851', '2025-08-30 21:28:10.012851');
INSERT INTO Unloading (Vehicle_Number, Truck_Type, Cylinder_Type, Capsule1_MT, Capsule2_MT, Capsule3_MT, Gatepass_No) VALUES ('TN17VY5818', 'Bullet', NULL, 5.78, 9.75, 6.82, 1305);
INSERT INTO Filling_Center (Cylinder_Type, Leakage_Test, Cap_Check, Manual_Test, Gatepass_No) VALUES ('19kg', 1, 0, 0, 1305);
INSERT INTO Security_In VALUES (1306, '2025-08-25', 'MH25MM7898', 'Balendra Walla', '1902824289', 'Bullet', 13539);
INSERT INTO Security_Out VALUES (1306, '2025-08-25', 'MH25MM7898', 'Pai, Chakrabarti and Gera', 'Balendra Walla', '1902824289', 'Bullet', 13539);
INSERT INTO Weighbridge (Gatepass_No, Truck_Type, Weight_In, Weight_Out, In_Time, Out_Time) VALUES (1306, 'Bullet', 16331, 16146, '2025-08-31 07:39:32.162373', '2025-08-31 11:39:32.162373');
INSERT INTO Unloading (Vehicle_Number, Truck_Type, Cylinder_Type, Capsule1_MT, Capsule2_MT, Capsule3_MT, Gatepass_No) VALUES ('MH25MM7898', 'Bullet', NULL, 7.34, 9.14, 5.08, 1306);
INSERT INTO Filling_Center (Cylinder_Type, Leakage_Test, Cap_Check, Manual_Test, Gatepass_No) VALUES ('14.5kg', 0, 0, 1, 1306);
INSERT INTO Security_In VALUES (1307, '2025-07-17', 'PB61OM7065', 'Aarnav Garg', '3393966173', 'Pack', 16378);
INSERT INTO Security_Out VALUES (1307, '2025-07-17', 'PB61OM7065', 'Mohanty and Sons', 'Aarnav Garg', '3393966173', 'Pack', 16378);
INSERT INTO Weighbridge (Gatepass_No, Truck_Type, Weight_In, Weight_Out, In_Time, Out_Time) VALUES (1307, 'Pack', 18502, 18110, '2025-08-01 03:15:30.915645', '2025-08-01 04:15:30.915645');
INSERT INTO Loading (Truck_Type, Cylinder_Type, Gatepass_No) VALUES ('Pack', '14kg', 1307);
INSERT INTO Unloading (Vehicle_Number, Truck_Type, Cylinder_Type, Capsule1_MT, Capsule2_MT, Capsule3_MT, Gatepass_No) VALUES ('PB61OM7065', 'Pack', '14kg', NULL, NULL, NULL, 1307);
INSERT INTO Filling_Center (Cylinder_Type, Leakage_Test, Cap_Check, Manual_Test, Gatepass_No) VALUES ('19kg', 0, 1, 0, 1307);
INSERT INTO Security_In VALUES (1308, '2025-08-22', 'KA65YY6874', 'Warinder Ahluwalia', '2399357192', 'Bullet', 771);
INSERT INTO Security_Out VALUES (1308, '2025-08-22', 'KA65YY6874', 'Rajagopalan PLC', 'Warinder Ahluwalia', '2399357192', 'Bullet', 771);
INSERT INTO Weighbridge (Gatepass_No, Truck_Type, Weight_In, Weight_Out, In_Time, Out_Time) VALUES (1308, 'Bullet', 4486, 4302, '2025-08-23 18:01:34.579107', '2025-08-23 23:01:34.579107');
INSERT INTO Unloading (Vehicle_Number, Truck_Type, Cylinder_Type, Capsule1_MT, Capsule2_MT, Capsule3_MT, Gatepass_No) VALUES ('KA65YY6874', 'Bullet', NULL, 6.03, 6.44, 5.45, 1308);
INSERT INTO Filling_Center (Cylinder_Type, Leakage_Test, Cap_Check, Manual_Test, Gatepass_No) VALUES ('47kg', 0, 1, 1, 1308);
INSERT INTO Security_In VALUES (1309, '2025-07-20', 'HR48XY3856', 'Bishakha Modi', '9722237706', 'Bullet', 8043);
INSERT INTO Security_Out VALUES (1309, '2025-07-20', 'HR48XY3856', 'Goyal Ltd', 'Bishakha Modi', '9722237706', 'Bullet', 8043);
INSERT INTO Weighbridge (Gatepass_No, Truck_Type, Weight_In, Weight_Out, In_Time, Out_Time) VALUES (1309, 'Bullet', 9973, 9500, '2025-08-23 14:45:40.274152', '2025-08-23 17:45:40.274152');
INSERT INTO Unloading (Vehicle_Number, Truck_Type, Cylinder_Type, Capsule1_MT, Capsule2_MT, Capsule3_MT, Gatepass_No) VALUES ('HR48XY3856', 'Bullet', NULL, 6.94, 6.64, 9.97, 1309);
INSERT INTO Filling_Center (Cylinder_Type, Leakage_Test, Cap_Check, Manual_Test, Gatepass_No) VALUES ('47kg', 0, 1, 1, 1309);
INSERT INTO Security_In VALUES (1310, '2025-08-13', 'WB18YV9458', 'Timothy Bakshi', '4974369968', 'Bullet', 7618);
INSERT INTO Security_Out VALUES (1310, '2025-08-13', 'WB18YV9458', 'Wali Group', 'Timothy Bakshi', '4974369968', 'Bullet', 7618);
INSERT INTO Weighbridge (Gatepass_No, Truck_Type, Weight_In, Weight_Out, In_Time, Out_Time) VALUES (1310, 'Bullet', 11079, 10655, '2025-08-23 21:39:54.078506', '2025-08-24 01:39:54.078506');
INSERT INTO Unloading (Vehicle_Number, Truck_Type, Cylinder_Type, Capsule1_MT, Capsule2_MT, Capsule3_MT, Gatepass_No) VALUES ('WB18YV9458', 'Bullet', NULL, 9.69, 7.65, 6.98, 1310);
INSERT INTO Filling_Center (Cylinder_Type, Leakage_Test, Cap_Check, Manual_Test, Gatepass_No) VALUES ('47kg', 0, 0, 0, 1310);
INSERT INTO Security_In VALUES (1311, '2025-07-22', 'RJ10EJ1629', 'Harini Golla', '6203886373', 'Bullet', 2985);
INSERT INTO Security_Out VALUES (1311, '2025-07-22', 'RJ10EJ1629', 'Bhardwaj Group', 'Harini Golla', '6203886373', 'Bullet', 2985);
INSERT INTO Weighbridge (Gatepass_No, Truck_Type, Weight_In, Weight_Out, In_Time, Out_Time) VALUES (1311, 'Bullet', 4219, 3934, '2025-08-08 19:24:28.792946', '2025-08-09 00:24:28.792946');
INSERT INTO Unloading (Vehicle_Number, Truck_Type, Cylinder_Type, Capsule1_MT, Capsule2_MT, Capsule3_MT, Gatepass_No) VALUES ('RJ10EJ1629', 'Bullet', NULL, 8.2, 7.22, 5.4, 1311);
INSERT INTO Filling_Center (Cylinder_Type, Leakage_Test, Cap_Check, Manual_Test, Gatepass_No) VALUES ('47kg', 1, 0, 0, 1311);
INSERT INTO Security_In VALUES (1312, '2025-07-27', 'MH42AQ7550', 'Darsh Nadkarni', '4463831317', 'Pack', 15797);
INSERT INTO Security_Out VALUES (1312, '2025-07-27', 'MH42AQ7550', 'Dubey Group', 'Darsh Nadkarni', '4463831317', 'Pack', 15797);
INSERT INTO Weighbridge (Gatepass_No, Truck_Type, Weight_In, Weight_Out, In_Time, Out_Time) VALUES (1312, 'Pack', 17396, 17006, '2025-08-23 15:44:39.107962', '2025-08-23 19:44:39.107962');
INSERT INTO Loading (Truck_Type, Cylinder_Type, Gatepass_No) VALUES ('Pack', '47kg', 1312);
INSERT INTO Unloading (Vehicle_Number, Truck_Type, Cylinder_Type, Capsule1_MT, Capsule2_MT, Capsule3_MT, Gatepass_No) VALUES ('MH42AQ7550', 'Pack', '47kg', NULL, NULL, NULL, 1312);
INSERT INTO Filling_Center (Cylinder_Type, Leakage_Test, Cap_Check, Manual_Test, Gatepass_No) VALUES ('14.5kg', 1, 0, 1, 1312);
INSERT INTO Security_In VALUES (1313, '2025-08-17', 'KA67WG5319', 'Fitan Shan', '4545145011', 'Bullet', 12498);
INSERT INTO Security_Out VALUES (1313, '2025-08-17', 'KA67WG5319', 'Mallick, Khare and Sani', 'Fitan Shan', '4545145011', 'Bullet', 12498);
INSERT INTO Weighbridge (Gatepass_No, Truck_Type, Weight_In, Weight_Out, In_Time, Out_Time) VALUES (1313, 'Bullet', 14620, 14188, '2025-08-09 19:58:07.502240', '2025-08-10 00:58:07.502240');
INSERT INTO Unloading (Vehicle_Number, Truck_Type, Cylinder_Type, Capsule1_MT, Capsule2_MT, Capsule3_MT, Gatepass_No) VALUES ('KA67WG5319', 'Bullet', NULL, 6.29, 7.56, 9.68, 1313);
INSERT INTO Filling_Center (Cylinder_Type, Leakage_Test, Cap_Check, Manual_Test, Gatepass_No) VALUES ('19kg', 1, 0, 1, 1313);
INSERT INTO Security_In VALUES (1314, '2025-08-16', 'KA30DQ8344', 'Ekaja Natt', '4295778876', 'Pack', 7059);
INSERT INTO Security_Out VALUES (1314, '2025-08-16', 'KA30DQ8344', 'Brahmbhatt, Chakrabarti and Bala', 'Ekaja Natt', '4295778876', 'Pack', 7059);
INSERT INTO Weighbridge (Gatepass_No, Truck_Type, Weight_In, Weight_Out, In_Time, Out_Time) VALUES (1314, 'Pack', 9425, 9021, '2025-07-29 01:42:38.929920', '2025-07-29 06:42:38.929920');
INSERT INTO Loading (Truck_Type, Cylinder_Type, Gatepass_No) VALUES ('Pack', '14kg', 1314);
INSERT INTO Unloading (Vehicle_Number, Truck_Type, Cylinder_Type, Capsule1_MT, Capsule2_MT, Capsule3_MT, Gatepass_No) VALUES ('KA30DQ8344', 'Pack', '14kg', NULL, NULL, NULL, 1314);
INSERT INTO Filling_Center (Cylinder_Type, Leakage_Test, Cap_Check, Manual_Test, Gatepass_No) VALUES ('14.5kg', 1, 0, 0, 1314);
INSERT INTO Security_In VALUES (1315, '2025-08-30', 'MH63XF1430', 'Jalsa Chaudhary', '7035243152', 'Pack', 17543);
INSERT INTO Security_Out VALUES (1315, '2025-08-30', 'MH63XF1430', 'Golla, Jaggi and Muni', 'Jalsa Chaudhary', '7035243152', 'Pack', 17543);
INSERT INTO Weighbridge (Gatepass_No, Truck_Type, Weight_In, Weight_Out, In_Time, Out_Time) VALUES (1315, 'Pack', 20157, 19807, '2025-07-24 12:48:45.308857', '2025-07-24 13:48:45.308857');
INSERT INTO Loading (Truck_Type, Cylinder_Type, Gatepass_No) VALUES ('Pack', '19kg', 1315);
INSERT INTO Unloading (Vehicle_Number, Truck_Type, Cylinder_Type, Capsule1_MT, Capsule2_MT, Capsule3_MT, Gatepass_No) VALUES ('MH63XF1430', 'Pack', '19kg', NULL, NULL, NULL, 1315);
INSERT INTO Filling_Center (Cylinder_Type, Leakage_Test, Cap_Check, Manual_Test, Gatepass_No) VALUES ('10kg', 1, 1, 1, 1315);
INSERT INTO Security_In VALUES (1316, '2025-08-07', 'GJ52AX9048', 'Aarnav Panchal', '0317807146', 'Pack', 8572);
INSERT INTO Security_Out VALUES (1316, '2025-08-07', 'GJ52AX9048', 'Krish, Hari and Pant', 'Aarnav Panchal', '0317807146', 'Pack', 8572);
INSERT INTO Weighbridge (Gatepass_No, Truck_Type, Weight_In, Weight_Out, In_Time, Out_Time) VALUES (1316, 'Pack', 12798, 12444, '2025-08-11 07:00:09.029232', '2025-08-11 12:00:09.029232');
INSERT INTO Loading (Truck_Type, Cylinder_Type, Gatepass_No) VALUES ('Pack', '14kg', 1316);
INSERT INTO Unloading (Vehicle_Number, Truck_Type, Cylinder_Type, Capsule1_MT, Capsule2_MT, Capsule3_MT, Gatepass_No) VALUES ('GJ52AX9048', 'Pack', '14kg', NULL, NULL, NULL, 1316);
INSERT INTO Filling_Center (Cylinder_Type, Leakage_Test, Cap_Check, Manual_Test, Gatepass_No) VALUES ('14.5kg', 1, 0, 0, 1316);
INSERT INTO Security_In VALUES (1317, '2025-09-04', 'GJ15CR6828', 'Naksh Zachariah', '4924413134', 'Bullet', 8214);
INSERT INTO Security_Out VALUES (1317, '2025-09-04', 'GJ15CR6828', 'Borde Ltd', 'Naksh Zachariah', '4924413134', 'Bullet', 8214);
INSERT INTO Weighbridge (Gatepass_No, Truck_Type, Weight_In, Weight_Out, In_Time, Out_Time) VALUES (1317, 'Bullet', 12566, 12300, '2025-09-15 04:05:38.184949', '2025-09-15 06:05:38.184949');
INSERT INTO Unloading (Vehicle_Number, Truck_Type, Cylinder_Type, Capsule1_MT, Capsule2_MT, Capsule3_MT, Gatepass_No) VALUES ('GJ15CR6828', 'Bullet', NULL, 5.82, 6.99, 7.48, 1317);
INSERT INTO Filling_Center (Cylinder_Type, Leakage_Test, Cap_Check, Manual_Test, Gatepass_No) VALUES ('14.5kg', 1, 0, 0, 1317);
INSERT INTO Security_In VALUES (1318, '2025-07-28', 'KA82YU1221', 'Omisha Palla', '0352190546', 'Bullet', 7627);
INSERT INTO Security_Out VALUES (1318, '2025-07-28', 'KA82YU1221', 'Sabharwal-Raghavan', 'Omisha Palla', '0352190546', 'Bullet', 7627);
INSERT INTO Weighbridge (Gatepass_No, Truck_Type, Weight_In, Weight_Out, In_Time, Out_Time) VALUES (1318, 'Bullet', 11540, 11407, '2025-09-10 10:36:51.195750', '2025-09-10 11:36:51.195750');
INSERT INTO Unloading (Vehicle_Number, Truck_Type, Cylinder_Type, Capsule1_MT, Capsule2_MT, Capsule3_MT, Gatepass_No) VALUES ('KA82YU1221', 'Bullet', NULL, 8.42, 7.16, 6.51, 1318);
INSERT INTO Filling_Center (Cylinder_Type, Leakage_Test, Cap_Check, Manual_Test, Gatepass_No) VALUES ('10kg', 0, 0, 0, 1318);
INSERT INTO Security_In VALUES (1319, '2025-09-04', 'GJ22QN4813', 'Charles Deshmukh', '5335187342', 'Bullet', 3785);
INSERT INTO Security_Out VALUES (1319, '2025-09-04', 'GJ22QN4813', 'Raghavan, Munshi and Manda', 'Charles Deshmukh', '5335187342', 'Bullet', 3785);
INSERT INTO Weighbridge (Gatepass_No, Truck_Type, Weight_In, Weight_Out, In_Time, Out_Time) VALUES (1319, 'Bullet', 6255, 6097, '2025-08-27 20:27:25.076933', '2025-08-27 23:27:25.076933');
INSERT INTO Unloading (Vehicle_Number, Truck_Type, Cylinder_Type, Capsule1_MT, Capsule2_MT, Capsule3_MT, Gatepass_No) VALUES ('GJ22QN4813', 'Bullet', NULL, 9.27, 6.57, 5.52, 1319);
INSERT INTO Filling_Center (Cylinder_Type, Leakage_Test, Cap_Check, Manual_Test, Gatepass_No) VALUES ('14.5kg', 0, 0, 0, 1319);
INSERT INTO Security_In VALUES (1320, '2025-07-29', 'KA18EX4716', 'Arjun Hans', '8095973200', 'Bullet', 1833);
INSERT INTO Security_Out VALUES (1320, '2025-07-29', 'KA18EX4716', 'Ravel, Maharaj and Cheema', 'Arjun Hans', '8095973200', 'Bullet', 1833);
INSERT INTO Weighbridge (Gatepass_No, Truck_Type, Weight_In, Weight_Out, In_Time, Out_Time) VALUES (1320, 'Bullet', 4097, 3845, '2025-08-23 15:14:46.994740', '2025-08-23 20:14:46.994740');
INSERT INTO Unloading (Vehicle_Number, Truck_Type, Cylinder_Type, Capsule1_MT, Capsule2_MT, Capsule3_MT, Gatepass_No) VALUES ('KA18EX4716', 'Bullet', NULL, 6.53, 9.11, 6.03, 1320);
INSERT INTO Filling_Center (Cylinder_Type, Leakage_Test, Cap_Check, Manual_Test, Gatepass_No) VALUES ('5kg', 0, 1, 0, 1320);
INSERT INTO Security_In VALUES (1321, '2025-08-31', 'TN64SI8849', 'Finn Barad', '8193342807', 'Pack', 7483);
INSERT INTO Security_Out VALUES (1321, '2025-08-31', 'TN64SI8849', 'Dutt Inc', 'Finn Barad', '8193342807', 'Pack', 7483);
INSERT INTO Weighbridge (Gatepass_No, Truck_Type, Weight_In, Weight_Out, In_Time, Out_Time) VALUES (1321, 'Pack', 12330, 11994, '2025-07-20 02:47:52.774128', '2025-07-20 05:47:52.774128');
INSERT INTO Loading (Truck_Type, Cylinder_Type, Gatepass_No) VALUES ('Pack', '47kg', 1321);
INSERT INTO Unloading (Vehicle_Number, Truck_Type, Cylinder_Type, Capsule1_MT, Capsule2_MT, Capsule3_MT, Gatepass_No) VALUES ('TN64SI8849', 'Pack', '47kg', NULL, NULL, NULL, 1321);
INSERT INTO Filling_Center (Cylinder_Type, Leakage_Test, Cap_Check, Manual_Test, Gatepass_No) VALUES ('10kg', 0, 1, 1, 1321);
INSERT INTO Security_In VALUES (1322, '2025-07-24', 'MH83UB6449', 'Advik Sha', '6289364332', 'Pack', 10237);
INSERT INTO Security_Out VALUES (1322, '2025-07-24', 'MH83UB6449', 'Choudhry Ltd', 'Advik Sha', '6289364332', 'Pack', 10237);
INSERT INTO Weighbridge (Gatepass_No, Truck_Type, Weight_In, Weight_Out, In_Time, Out_Time) VALUES (1322, 'Pack', 12751, 12456, '2025-07-21 16:55:50.294014', '2025-07-21 18:55:50.294014');
INSERT INTO Loading (Truck_Type, Cylinder_Type, Gatepass_No) VALUES ('Pack', '14kg', 1322);
INSERT INTO Unloading (Vehicle_Number, Truck_Type, Cylinder_Type, Capsule1_MT, Capsule2_MT, Capsule3_MT, Gatepass_No) VALUES ('MH83UB6449', 'Pack', '14kg', NULL, NULL, NULL, 1322);
INSERT INTO Filling_Center (Cylinder_Type, Leakage_Test, Cap_Check, Manual_Test, Gatepass_No) VALUES ('14.5kg', 0, 1, 1, 1322);
INSERT INTO Security_In VALUES (1323, '2025-07-19', 'MH99QX3599', 'Darpan Taneja', '1968298213', 'Pack', 9773);
INSERT INTO Security_Out VALUES (1323, '2025-07-19', 'MH99QX3599', 'Subramanian and Sons', 'Darpan Taneja', '1968298213', 'Pack', 9773);
INSERT INTO Weighbridge (Gatepass_No, Truck_Type, Weight_In, Weight_Out, In_Time, Out_Time) VALUES (1323, 'Pack', 12123, 11624, '2025-07-29 01:59:42.258151', '2025-07-29 05:59:42.258151');
INSERT INTO Loading (Truck_Type, Cylinder_Type, Gatepass_No) VALUES ('Pack', '14kg', 1323);
INSERT INTO Unloading (Vehicle_Number, Truck_Type, Cylinder_Type, Capsule1_MT, Capsule2_MT, Capsule3_MT, Gatepass_No) VALUES ('MH99QX3599', 'Pack', '14kg', NULL, NULL, NULL, 1323);
INSERT INTO Filling_Center (Cylinder_Type, Leakage_Test, Cap_Check, Manual_Test, Gatepass_No) VALUES ('19kg', 1, 1, 0, 1323);
INSERT INTO Security_In VALUES (1324, '2025-09-13', 'RJ64XB6910', 'Simon Bera', '6006186794', 'Pack', 16058);
INSERT INTO Security_Out VALUES (1324, '2025-09-13', 'RJ64XB6910', 'Acharya LLC', 'Simon Bera', '6006186794', 'Pack', 16058);
INSERT INTO Weighbridge (Gatepass_No, Truck_Type, Weight_In, Weight_Out, In_Time, Out_Time) VALUES (1324, 'Pack', 19069, 18923, '2025-09-06 23:24:57.350956', '2025-09-07 03:24:57.350956');
INSERT INTO Loading (Truck_Type, Cylinder_Type, Gatepass_No) VALUES ('Pack', '19kg', 1324);
INSERT INTO Unloading (Vehicle_Number, Truck_Type, Cylinder_Type, Capsule1_MT, Capsule2_MT, Capsule3_MT, Gatepass_No) VALUES ('RJ64XB6910', 'Pack', '19kg', NULL, NULL, NULL, 1324);
INSERT INTO Filling_Center (Cylinder_Type, Leakage_Test, Cap_Check, Manual_Test, Gatepass_No) VALUES ('47kg', 0, 0, 1, 1324);
INSERT INTO Security_In VALUES (1325, '2025-08-30', 'UP50RY8204', 'Nachiket Balasubramanian', '5011435586', 'Bullet', 1738);
INSERT INTO Security_Out VALUES (1325, '2025-08-30', 'UP50RY8204', 'Pathak, Nadig and Batta', 'Nachiket Balasubramanian', '5011435586', 'Bullet', 1738);
INSERT INTO Weighbridge (Gatepass_No, Truck_Type, Weight_In, Weight_Out, In_Time, Out_Time) VALUES (1325, 'Bullet', 5702, 5474, '2025-08-14 10:10:31.358058', '2025-08-14 14:10:31.358058');
INSERT INTO Unloading (Vehicle_Number, Truck_Type, Cylinder_Type, Capsule1_MT, Capsule2_MT, Capsule3_MT, Gatepass_No) VALUES ('UP50RY8204', 'Bullet', NULL, 5.96, 9.58, 9.36, 1325);
INSERT INTO Filling_Center (Cylinder_Type, Leakage_Test, Cap_Check, Manual_Test, Gatepass_No) VALUES ('10kg', 0, 0, 0, 1325);
INSERT INTO Security_In VALUES (1326, '2025-08-08', 'TN15SJ1802', 'Harish Andra', '7793323215', 'Pack', 14989);
INSERT INTO Security_Out VALUES (1326, '2025-08-08', 'TN15SJ1802', 'Sarma Inc', 'Harish Andra', '7793323215', 'Pack', 14989);
INSERT INTO Weighbridge (Gatepass_No, Truck_Type, Weight_In, Weight_Out, In_Time, Out_Time) VALUES (1326, 'Pack', 17387, 16935, '2025-08-17 03:01:09.938816', '2025-08-17 07:01:09.938816');
INSERT INTO Loading (Truck_Type, Cylinder_Type, Gatepass_No) VALUES ('Pack', '47kg', 1326);
INSERT INTO Unloading (Vehicle_Number, Truck_Type, Cylinder_Type, Capsule1_MT, Capsule2_MT, Capsule3_MT, Gatepass_No) VALUES ('TN15SJ1802', 'Pack', '47kg', NULL, NULL, NULL, 1326);
INSERT INTO Filling_Center (Cylinder_Type, Leakage_Test, Cap_Check, Manual_Test, Gatepass_No) VALUES ('5kg', 1, 0, 0, 1326);
INSERT INTO Security_In VALUES (1327, '2025-08-03', 'KA13QA5910', 'Yasti Tata', '5093517068', 'Bullet', 3709);
INSERT INTO Security_Out VALUES (1327, '2025-08-03', 'KA13QA5910', 'Dara LLC', 'Yasti Tata', '5093517068', 'Bullet', 3709);
INSERT INTO Weighbridge (Gatepass_No, Truck_Type, Weight_In, Weight_Out, In_Time, Out_Time) VALUES (1327, 'Bullet', 8194, 7754, '2025-07-19 23:00:55.824253', '2025-07-20 04:00:55.824253');
INSERT INTO Unloading (Vehicle_Number, Truck_Type, Cylinder_Type, Capsule1_MT, Capsule2_MT, Capsule3_MT, Gatepass_No) VALUES ('KA13QA5910', 'Bullet', NULL, 7.28, 9.81, 7.0, 1327);
INSERT INTO Filling_Center (Cylinder_Type, Leakage_Test, Cap_Check, Manual_Test, Gatepass_No) VALUES ('5kg', 0, 0, 1, 1327);
INSERT INTO Security_In VALUES (1328, '2025-07-25', 'PB85HQ6465', 'Radha Dewan', '5331267182', 'Bullet', 11870);
INSERT INTO Security_Out VALUES (1328, '2025-07-25', 'PB85HQ6465', 'Gala Group', 'Radha Dewan', '5331267182', 'Bullet', 11870);
INSERT INTO Weighbridge (Gatepass_No, Truck_Type, Weight_In, Weight_Out, In_Time, Out_Time) VALUES (1328, 'Bullet', 13336, 13178, '2025-08-14 22:16:17.905084', '2025-08-15 00:16:17.905084');
INSERT INTO Unloading (Vehicle_Number, Truck_Type, Cylinder_Type, Capsule1_MT, Capsule2_MT, Capsule3_MT, Gatepass_No) VALUES ('PB85HQ6465', 'Bullet', NULL, 9.88, 6.75, 5.39, 1328);
INSERT INTO Filling_Center (Cylinder_Type, Leakage_Test, Cap_Check, Manual_Test, Gatepass_No) VALUES ('5kg', 1, 0, 1, 1328);
INSERT INTO Security_In VALUES (1329, '2025-08-16', 'PB32SQ4661', 'Anusha Srivastava', '7168610593', 'Bullet', 6864);
INSERT INTO Security_Out VALUES (1329, '2025-08-16', 'PB32SQ4661', 'Dash, Pall and Bhatia', 'Anusha Srivastava', '7168610593', 'Bullet', 6864);
INSERT INTO Weighbridge (Gatepass_No, Truck_Type, Weight_In, Weight_Out, In_Time, Out_Time) VALUES (1329, 'Bullet', 10297, 9970, '2025-09-02 08:42:15.119271', '2025-09-02 11:42:15.119271');
INSERT INTO Unloading (Vehicle_Number, Truck_Type, Cylinder_Type, Capsule1_MT, Capsule2_MT, Capsule3_MT, Gatepass_No) VALUES ('PB32SQ4661', 'Bullet', NULL, 5.07, 8.06, 5.53, 1329);
INSERT INTO Filling_Center (Cylinder_Type, Leakage_Test, Cap_Check, Manual_Test, Gatepass_No) VALUES ('14.5kg', 1, 0, 0, 1329);
INSERT INTO Security_In VALUES (1330, '2025-07-27', 'GJ40VN6252', 'Saksham Goyal', '0309254258', 'Bullet', 18835);
INSERT INTO Security_Out VALUES (1330, '2025-07-27', 'GJ40VN6252', 'Gole, Sathe and Dugal', 'Saksham Goyal', '0309254258', 'Bullet', 18835);
INSERT INTO Weighbridge (Gatepass_No, Truck_Type, Weight_In, Weight_Out, In_Time, Out_Time) VALUES (1330, 'Bullet', 22818, 22520, '2025-08-31 13:02:22.947810', '2025-08-31 18:02:22.947810');
INSERT INTO Unloading (Vehicle_Number, Truck_Type, Cylinder_Type, Capsule1_MT, Capsule2_MT, Capsule3_MT, Gatepass_No) VALUES ('GJ40VN6252', 'Bullet', NULL, 7.28, 9.88, 9.48, 1330);
INSERT INTO Filling_Center (Cylinder_Type, Leakage_Test, Cap_Check, Manual_Test, Gatepass_No) VALUES ('19kg', 0, 1, 0, 1330);
INSERT INTO Security_In VALUES (1331, '2025-08-30', 'RJ35EF3889', 'Nirja Narayan', '1641539022', 'Bullet', 8198);
INSERT INTO Security_Out VALUES (1331, '2025-08-30', 'RJ35EF3889', 'Varghese-Kuruvilla', 'Nirja Narayan', '1641539022', 'Bullet', 8198);
INSERT INTO Weighbridge (Gatepass_No, Truck_Type, Weight_In, Weight_Out, In_Time, Out_Time) VALUES (1331, 'Bullet', 12357, 12101, '2025-08-05 16:04:26.705649', '2025-08-05 20:04:26.705649');
INSERT INTO Unloading (Vehicle_Number, Truck_Type, Cylinder_Type, Capsule1_MT, Capsule2_MT, Capsule3_MT, Gatepass_No) VALUES ('RJ35EF3889', 'Bullet', NULL, 7.64, 6.14, 6.61, 1331);
INSERT INTO Filling_Center (Cylinder_Type, Leakage_Test, Cap_Check, Manual_Test, Gatepass_No) VALUES ('14.5kg', 0, 1, 1, 1331);
INSERT INTO Security_In VALUES (1332, '2025-07-27', 'DL45RQ6310', 'Tara Handa', '5720058052', 'Bullet', 2626);
INSERT INTO Security_Out VALUES (1332, '2025-07-27', 'DL45RQ6310', 'Dixit Group', 'Tara Handa', '5720058052', 'Bullet', 2626);
INSERT INTO Weighbridge (Gatepass_No, Truck_Type, Weight_In, Weight_Out, In_Time, Out_Time) VALUES (1332, 'Bullet', 6741, 6286, '2025-07-19 21:14:50.382571', '2025-07-19 23:14:50.382571');
INSERT INTO Unloading (Vehicle_Number, Truck_Type, Cylinder_Type, Capsule1_MT, Capsule2_MT, Capsule3_MT, Gatepass_No) VALUES ('DL45RQ6310', 'Bullet', NULL, 8.8, 6.05, 9.28, 1332);
INSERT INTO Filling_Center (Cylinder_Type, Leakage_Test, Cap_Check, Manual_Test, Gatepass_No) VALUES ('14.5kg', 1, 0, 1, 1332);
INSERT INTO Security_In VALUES (1333, '2025-08-26', 'MH84UC9507', 'Adweta Borde', '6715371196', 'Pack', 15784);
INSERT INTO Security_Out VALUES (1333, '2025-08-26', 'MH84UC9507', 'Issac, Wable and Dhawan', 'Adweta Borde', '6715371196', 'Pack', 15784);
INSERT INTO Weighbridge (Gatepass_No, Truck_Type, Weight_In, Weight_Out, In_Time, Out_Time) VALUES (1333, 'Pack', 18289, 18070, '2025-08-22 06:42:20.660504', '2025-08-22 11:42:20.660504');
INSERT INTO Loading (Truck_Type, Cylinder_Type, Gatepass_No) VALUES ('Pack', '19kg', 1333);
INSERT INTO Unloading (Vehicle_Number, Truck_Type, Cylinder_Type, Capsule1_MT, Capsule2_MT, Capsule3_MT, Gatepass_No) VALUES ('MH84UC9507', 'Pack', '19kg', NULL, NULL, NULL, 1333);
INSERT INTO Filling_Center (Cylinder_Type, Leakage_Test, Cap_Check, Manual_Test, Gatepass_No) VALUES ('10kg', 1, 1, 0, 1333);
INSERT INTO Security_In VALUES (1334, '2025-08-06', 'TN82ZN8224', 'Wridesh Bail', '6069517978', 'Bullet', 11540);
INSERT INTO Security_Out VALUES (1334, '2025-08-06', 'TN82ZN8224', 'Wason-Anne', 'Wridesh Bail', '6069517978', 'Bullet', 11540);
INSERT INTO Weighbridge (Gatepass_No, Truck_Type, Weight_In, Weight_Out, In_Time, Out_Time) VALUES (1334, 'Bullet', 13733, 13449, '2025-08-21 12:25:28.640111', '2025-08-21 13:25:28.640111');
INSERT INTO Unloading (Vehicle_Number, Truck_Type, Cylinder_Type, Capsule1_MT, Capsule2_MT, Capsule3_MT, Gatepass_No) VALUES ('TN82ZN8224', 'Bullet', NULL, 8.54, 6.27, 5.51, 1334);
INSERT INTO Filling_Center (Cylinder_Type, Leakage_Test, Cap_Check, Manual_Test, Gatepass_No) VALUES ('5kg', 1, 0, 0, 1334);
INSERT INTO Security_In VALUES (1335, '2025-08-11', 'MH68LY2954', 'Aditya Prashad', '5823056971', 'Pack', 11435);
INSERT INTO Security_Out VALUES (1335, '2025-08-11', 'MH68LY2954', 'Patil-Mangat', 'Aditya Prashad', '5823056971', 'Pack', 11435);
INSERT INTO Weighbridge (Gatepass_No, Truck_Type, Weight_In, Weight_Out, In_Time, Out_Time) VALUES (1335, 'Pack', 13074, 12700, '2025-07-19 08:56:22.442674', '2025-07-19 09:56:22.442674');
INSERT INTO Loading (Truck_Type, Cylinder_Type, Gatepass_No) VALUES ('Pack', '47kg', 1335);
INSERT INTO Unloading (Vehicle_Number, Truck_Type, Cylinder_Type, Capsule1_MT, Capsule2_MT, Capsule3_MT, Gatepass_No) VALUES ('MH68LY2954', 'Pack', '47kg', NULL, NULL, NULL, 1335);
INSERT INTO Filling_Center (Cylinder_Type, Leakage_Test, Cap_Check, Manual_Test, Gatepass_No) VALUES ('14.5kg', 0, 1, 0, 1335);
INSERT INTO Security_In VALUES (1336, '2025-08-21', 'RJ29EF1771', 'Veda Sinha', '3753667563', 'Bullet', 622);
INSERT INTO Security_Out VALUES (1336, '2025-08-21', 'RJ29EF1771', 'Vaidya LLC', 'Veda Sinha', '3753667563', 'Bullet', 622);
INSERT INTO Weighbridge (Gatepass_No, Truck_Type, Weight_In, Weight_Out, In_Time, Out_Time) VALUES (1336, 'Bullet', 5269, 5025, '2025-07-20 09:23:50.295380', '2025-07-20 12:23:50.295380');
INSERT INTO Unloading (Vehicle_Number, Truck_Type, Cylinder_Type, Capsule1_MT, Capsule2_MT, Capsule3_MT, Gatepass_No) VALUES ('RJ29EF1771', 'Bullet', NULL, 8.15, 7.18, 8.04, 1336);
INSERT INTO Filling_Center (Cylinder_Type, Leakage_Test, Cap_Check, Manual_Test, Gatepass_No) VALUES ('47kg', 1, 0, 0, 1336);
INSERT INTO Security_In VALUES (1337, '2025-07-20', 'DL30MD8477', 'Yashawini Bhattacharyya', '4044649575', 'Bullet', 7236);
INSERT INTO Security_Out VALUES (1337, '2025-07-20', 'DL30MD8477', 'Lad-Bajaj', 'Yashawini Bhattacharyya', '4044649575', 'Bullet', 7236);
INSERT INTO Weighbridge (Gatepass_No, Truck_Type, Weight_In, Weight_Out, In_Time, Out_Time) VALUES (1337, 'Bullet', 10361, 10141, '2025-08-13 12:11:48.052615', '2025-08-13 16:11:48.052615');
INSERT INTO Unloading (Vehicle_Number, Truck_Type, Cylinder_Type, Capsule1_MT, Capsule2_MT, Capsule3_MT, Gatepass_No) VALUES ('DL30MD8477', 'Bullet', NULL, 6.03, 5.02, 8.92, 1337);
INSERT INTO Filling_Center (Cylinder_Type, Leakage_Test, Cap_Check, Manual_Test, Gatepass_No) VALUES ('10kg', 0, 0, 1, 1337);
INSERT INTO Security_In VALUES (1338, '2025-07-19', 'TN43UQ4118', 'Krishna Bava', '3357419585', 'Bullet', 16437);
INSERT INTO Security_Out VALUES (1338, '2025-07-19', 'TN43UQ4118', 'Dhar Inc', 'Krishna Bava', '3357419585', 'Bullet', 16437);
INSERT INTO Weighbridge (Gatepass_No, Truck_Type, Weight_In, Weight_Out, In_Time, Out_Time) VALUES (1338, 'Bullet', 20939, 20567, '2025-09-12 12:30:34.013010', '2025-09-12 13:30:34.013010');
INSERT INTO Unloading (Vehicle_Number, Truck_Type, Cylinder_Type, Capsule1_MT, Capsule2_MT, Capsule3_MT, Gatepass_No) VALUES ('TN43UQ4118', 'Bullet', NULL, 6.45, 7.47, 5.17, 1338);
INSERT INTO Filling_Center (Cylinder_Type, Leakage_Test, Cap_Check, Manual_Test, Gatepass_No) VALUES ('47kg', 1, 0, 0, 1338);
INSERT INTO Security_In VALUES (1339, '2025-09-13', 'DL21EW9704', 'Naksh Varghese', '5090980488', 'Pack', 11315);
INSERT INTO Security_Out VALUES (1339, '2025-09-13', 'DL21EW9704', 'Lad-Borde', 'Naksh Varghese', '5090980488', 'Pack', 11315);
INSERT INTO Weighbridge (Gatepass_No, Truck_Type, Weight_In, Weight_Out, In_Time, Out_Time) VALUES (1339, 'Pack', 12498, 12167, '2025-09-09 23:36:49.810697', '2025-09-10 01:36:49.810697');
INSERT INTO Loading (Truck_Type, Cylinder_Type, Gatepass_No) VALUES ('Pack', '47kg', 1339);
INSERT INTO Unloading (Vehicle_Number, Truck_Type, Cylinder_Type, Capsule1_MT, Capsule2_MT, Capsule3_MT, Gatepass_No) VALUES ('DL21EW9704', 'Pack', '47kg', NULL, NULL, NULL, 1339);
INSERT INTO Filling_Center (Cylinder_Type, Leakage_Test, Cap_Check, Manual_Test, Gatepass_No) VALUES ('14.5kg', 1, 0, 1, 1339);
INSERT INTO Security_In VALUES (1340, '2025-07-27', 'RJ27IC9421', 'Ridhi Sodhi', '4820835264', 'Pack', 8968);
INSERT INTO Security_Out VALUES (1340, '2025-07-27', 'RJ27IC9421', 'Samra, Lata and Thakur', 'Ridhi Sodhi', '4820835264', 'Pack', 8968);
INSERT INTO Weighbridge (Gatepass_No, Truck_Type, Weight_In, Weight_Out, In_Time, Out_Time) VALUES (1340, 'Pack', 13950, 13797, '2025-07-22 22:11:55.833558', '2025-07-23 00:11:55.833558');
INSERT INTO Loading (Truck_Type, Cylinder_Type, Gatepass_No) VALUES ('Pack', '47kg', 1340);
INSERT INTO Unloading (Vehicle_Number, Truck_Type, Cylinder_Type, Capsule1_MT, Capsule2_MT, Capsule3_MT, Gatepass_No) VALUES ('RJ27IC9421', 'Pack', '47kg', NULL, NULL, NULL, 1340);
INSERT INTO Filling_Center (Cylinder_Type, Leakage_Test, Cap_Check, Manual_Test, Gatepass_No) VALUES ('19kg', 1, 0, 0, 1340);
INSERT INTO Security_In VALUES (1341, '2025-08-26', 'TN56WM4932', 'Rayaan Dyal', '7154730191', 'Pack', 7912);
INSERT INTO Security_Out VALUES (1341, '2025-08-26', 'TN56WM4932', 'Dara, Keer and Chaudhari', 'Rayaan Dyal', '7154730191', 'Pack', 7912);
INSERT INTO Weighbridge (Gatepass_No, Truck_Type, Weight_In, Weight_Out, In_Time, Out_Time) VALUES (1341, 'Pack', 10044, 9814, '2025-08-12 21:53:08.659693', '2025-08-13 01:53:08.659693');
INSERT INTO Loading (Truck_Type, Cylinder_Type, Gatepass_No) VALUES ('Pack', '14kg', 1341);
INSERT INTO Unloading (Vehicle_Number, Truck_Type, Cylinder_Type, Capsule1_MT, Capsule2_MT, Capsule3_MT, Gatepass_No) VALUES ('TN56WM4932', 'Pack', '14kg', NULL, NULL, NULL, 1341);
INSERT INTO Filling_Center (Cylinder_Type, Leakage_Test, Cap_Check, Manual_Test, Gatepass_No) VALUES ('47kg', 1, 1, 1, 1341);
INSERT INTO Security_In VALUES (1342, '2025-09-03', 'UP96KU3822', 'Chaitaly Kannan', '9528820831', 'Bullet', 5243);
INSERT INTO Security_Out VALUES (1342, '2025-09-03', 'UP96KU3822', 'Tandon Ltd', 'Chaitaly Kannan', '9528820831', 'Bullet', 5243);
INSERT INTO Weighbridge (Gatepass_No, Truck_Type, Weight_In, Weight_Out, In_Time, Out_Time) VALUES (1342, 'Bullet', 8726, 8428, '2025-08-27 18:05:24.420153', '2025-08-27 23:05:24.420153');
INSERT INTO Unloading (Vehicle_Number, Truck_Type, Cylinder_Type, Capsule1_MT, Capsule2_MT, Capsule3_MT, Gatepass_No) VALUES ('UP96KU3822', 'Bullet', NULL, 9.48, 6.19, 9.44, 1342);
INSERT INTO Filling_Center (Cylinder_Type, Leakage_Test, Cap_Check, Manual_Test, Gatepass_No) VALUES ('10kg', 0, 1, 1, 1342);
INSERT INTO Security_In VALUES (1343, '2025-08-14', 'PB77BQ4349', 'Chaaya Prabhakar', '7088940395', 'Pack', 7694);
INSERT INTO Security_Out VALUES (1343, '2025-08-14', 'PB77BQ4349', 'Pandey-Memon', 'Chaaya Prabhakar', '7088940395', 'Pack', 7694);
INSERT INTO Weighbridge (Gatepass_No, Truck_Type, Weight_In, Weight_Out, In_Time, Out_Time) VALUES (1343, 'Pack', 10587, 10158, '2025-08-13 10:01:51.839207', '2025-08-13 14:01:51.839207');
INSERT INTO Loading (Truck_Type, Cylinder_Type, Gatepass_No) VALUES ('Pack', '19kg', 1343);
INSERT INTO Unloading (Vehicle_Number, Truck_Type, Cylinder_Type, Capsule1_MT, Capsule2_MT, Capsule3_MT, Gatepass_No) VALUES ('PB77BQ4349', 'Pack', '19kg', NULL, NULL, NULL, 1343);
INSERT INTO Filling_Center (Cylinder_Type, Leakage_Test, Cap_Check, Manual_Test, Gatepass_No) VALUES ('10kg', 0, 1, 1, 1343);
INSERT INTO Security_In VALUES (1344, '2025-08-10', 'HR13LM1812', 'Madhavi Varkey', '9053763165', 'Bullet', 19451);
INSERT INTO Security_Out VALUES (1344, '2025-08-10', 'HR13LM1812', 'Bansal-Bora', 'Madhavi Varkey', '9053763165', 'Bullet', 19451);
INSERT INTO Weighbridge (Gatepass_No, Truck_Type, Weight_In, Weight_Out, In_Time, Out_Time) VALUES (1344, 'Bullet', 21615, 21427, '2025-08-31 23:28:12.004943', '2025-09-01 01:28:12.004943');
INSERT INTO Unloading (Vehicle_Number, Truck_Type, Cylinder_Type, Capsule1_MT, Capsule2_MT, Capsule3_MT, Gatepass_No) VALUES ('HR13LM1812', 'Bullet', NULL, 5.56, 5.88, 7.45, 1344);
INSERT INTO Filling_Center (Cylinder_Type, Leakage_Test, Cap_Check, Manual_Test, Gatepass_No) VALUES ('14.5kg', 0, 0, 0, 1344);
INSERT INTO Security_In VALUES (1345, '2025-09-01', 'PB73TU2389', 'Anita Palan', '8226655867', 'Pack', 10010);
INSERT INTO Security_Out VALUES (1345, '2025-09-01', 'PB73TU2389', 'Ghose-Khatri', 'Anita Palan', '8226655867', 'Pack', 10010);
INSERT INTO Weighbridge (Gatepass_No, Truck_Type, Weight_In, Weight_Out, In_Time, Out_Time) VALUES (1345, 'Pack', 11095, 10897, '2025-08-09 08:44:36.771585', '2025-08-09 12:44:36.771585');
INSERT INTO Loading (Truck_Type, Cylinder_Type, Gatepass_No) VALUES ('Pack', '19kg', 1345);
INSERT INTO Unloading (Vehicle_Number, Truck_Type, Cylinder_Type, Capsule1_MT, Capsule2_MT, Capsule3_MT, Gatepass_No) VALUES ('PB73TU2389', 'Pack', '19kg', NULL, NULL, NULL, 1345);
INSERT INTO Filling_Center (Cylinder_Type, Leakage_Test, Cap_Check, Manual_Test, Gatepass_No) VALUES ('10kg', 0, 0, 0, 1345);
INSERT INTO Security_In VALUES (1346, '2025-09-04', 'RJ77UA5998', 'Waida Varty', '0429088629', 'Pack', 11104);
INSERT INTO Security_Out VALUES (1346, '2025-09-04', 'RJ77UA5998', 'Nori-Ben', 'Waida Varty', '0429088629', 'Pack', 11104);
INSERT INTO Weighbridge (Gatepass_No, Truck_Type, Weight_In, Weight_Out, In_Time, Out_Time) VALUES (1346, 'Pack', 14811, 14505, '2025-08-12 12:20:48.019433', '2025-08-12 17:20:48.019433');
INSERT INTO Loading (Truck_Type, Cylinder_Type, Gatepass_No) VALUES ('Pack', '14kg', 1346);
INSERT INTO Unloading (Vehicle_Number, Truck_Type, Cylinder_Type, Capsule1_MT, Capsule2_MT, Capsule3_MT, Gatepass_No) VALUES ('RJ77UA5998', 'Pack', '14kg', NULL, NULL, NULL, 1346);
INSERT INTO Filling_Center (Cylinder_Type, Leakage_Test, Cap_Check, Manual_Test, Gatepass_No) VALUES ('14.5kg', 1, 0, 1, 1346);
INSERT INTO Security_In VALUES (1347, '2025-08-14', 'HR63UE6555', 'Nisha Kapur', '6402975555', 'Pack', 15996);
INSERT INTO Security_Out VALUES (1347, '2025-08-14', 'HR63UE6555', 'Palla, Bhattacharyya and Bhatt', 'Nisha Kapur', '6402975555', 'Pack', 15996);
INSERT INTO Weighbridge (Gatepass_No, Truck_Type, Weight_In, Weight_Out, In_Time, Out_Time) VALUES (1347, 'Pack', 17075, 16841, '2025-08-06 17:02:53.924300', '2025-08-06 19:02:53.924300');
INSERT INTO Loading (Truck_Type, Cylinder_Type, Gatepass_No) VALUES ('Pack', '19kg', 1347);
INSERT INTO Unloading (Vehicle_Number, Truck_Type, Cylinder_Type, Capsule1_MT, Capsule2_MT, Capsule3_MT, Gatepass_No) VALUES ('HR63UE6555', 'Pack', '19kg', NULL, NULL, NULL, 1347);
INSERT INTO Filling_Center (Cylinder_Type, Leakage_Test, Cap_Check, Manual_Test, Gatepass_No) VALUES ('5kg', 1, 1, 0, 1347);
INSERT INTO Security_In VALUES (1348, '2025-08-14', 'RJ78SW8448', 'Megha Kannan', '2840113587', 'Pack', 15948);
INSERT INTO Security_Out VALUES (1348, '2025-08-14', 'RJ78SW8448', 'Bawa and Sons', 'Megha Kannan', '2840113587', 'Pack', 15948);
INSERT INTO Weighbridge (Gatepass_No, Truck_Type, Weight_In, Weight_Out, In_Time, Out_Time) VALUES (1348, 'Pack', 19140, 18822, '2025-07-23 17:04:00.210970', '2025-07-23 20:04:00.210970');
INSERT INTO Loading (Truck_Type, Cylinder_Type, Gatepass_No) VALUES ('Pack', '19kg', 1348);
INSERT INTO Unloading (Vehicle_Number, Truck_Type, Cylinder_Type, Capsule1_MT, Capsule2_MT, Capsule3_MT, Gatepass_No) VALUES ('RJ78SW8448', 'Pack', '19kg', NULL, NULL, NULL, 1348);
INSERT INTO Filling_Center (Cylinder_Type, Leakage_Test, Cap_Check, Manual_Test, Gatepass_No) VALUES ('14.5kg', 0, 0, 0, 1348);
INSERT INTO Security_In VALUES (1349, '2025-07-18', 'KA37BX6898', 'Pushti Ganesh', '4228485028', 'Pack', 2464);
INSERT INTO Security_Out VALUES (1349, '2025-07-18', 'KA37BX6898', 'Karnik Group', 'Pushti Ganesh', '4228485028', 'Pack', 2464);
INSERT INTO Weighbridge (Gatepass_No, Truck_Type, Weight_In, Weight_Out, In_Time, Out_Time) VALUES (1349, 'Pack', 7133, 6952, '2025-08-09 03:49:03.828501', '2025-08-09 04:49:03.828501');
INSERT INTO Loading (Truck_Type, Cylinder_Type, Gatepass_No) VALUES ('Pack', '19kg', 1349);
INSERT INTO Unloading (Vehicle_Number, Truck_Type, Cylinder_Type, Capsule1_MT, Capsule2_MT, Capsule3_MT, Gatepass_No) VALUES ('KA37BX6898', 'Pack', '19kg', NULL, NULL, NULL, 1349);
INSERT INTO Filling_Center (Cylinder_Type, Leakage_Test, Cap_Check, Manual_Test, Gatepass_No) VALUES ('47kg', 0, 0, 1, 1349);
INSERT INTO Security_In VALUES (1350, '2025-08-19', 'WB16YX3911', 'Chaaya Wali', '0756739807', 'Bullet', 18119);
INSERT INTO Security_Out VALUES (1350, '2025-08-19', 'WB16YX3911', 'Deshmukh and Sons', 'Chaaya Wali', '0756739807', 'Bullet', 18119);
INSERT INTO Weighbridge (Gatepass_No, Truck_Type, Weight_In, Weight_Out, In_Time, Out_Time) VALUES (1350, 'Bullet', 22553, 22146, '2025-08-19 06:59:01.151783', '2025-08-19 07:59:01.151783');
INSERT INTO Unloading (Vehicle_Number, Truck_Type, Cylinder_Type, Capsule1_MT, Capsule2_MT, Capsule3_MT, Gatepass_No) VALUES ('WB16YX3911', 'Bullet', NULL, 7.21, 8.38, 9.34, 1350);
INSERT INTO Filling_Center (Cylinder_Type, Leakage_Test, Cap_Check, Manual_Test, Gatepass_No) VALUES ('19kg', 0, 1, 1, 1350);
INSERT INTO Security_In VALUES (1351, '2025-09-03', 'GJ13FH8219', 'Ranveer Shere', '8009139695', 'Pack', 8489);
INSERT INTO Security_Out VALUES (1351, '2025-09-03', 'GJ13FH8219', 'Dhawan LLC', 'Ranveer Shere', '8009139695', 'Pack', 8489);
INSERT INTO Weighbridge (Gatepass_No, Truck_Type, Weight_In, Weight_Out, In_Time, Out_Time) VALUES (1351, 'Pack', 11724, 11253, '2025-08-16 23:36:40.608099', '2025-08-17 02:36:40.608099');
INSERT INTO Loading (Truck_Type, Cylinder_Type, Gatepass_No) VALUES ('Pack', '19kg', 1351);
INSERT INTO Unloading (Vehicle_Number, Truck_Type, Cylinder_Type, Capsule1_MT, Capsule2_MT, Capsule3_MT, Gatepass_No) VALUES ('GJ13FH8219', 'Pack', '19kg', NULL, NULL, NULL, 1351);
INSERT INTO Filling_Center (Cylinder_Type, Leakage_Test, Cap_Check, Manual_Test, Gatepass_No) VALUES ('5kg', 0, 1, 0, 1351);
INSERT INTO Security_In VALUES (1352, '2025-08-15', 'MH55WH3153', 'Vritti Sheth', '7706559145', 'Bullet', 643);
INSERT INTO Security_Out VALUES (1352, '2025-08-15', 'MH55WH3153', 'Kothari, Handa and Muni', 'Vritti Sheth', '7706559145', 'Bullet', 643);
INSERT INTO Weighbridge (Gatepass_No, Truck_Type, Weight_In, Weight_Out, In_Time, Out_Time) VALUES (1352, 'Bullet', 2435, 2152, '2025-08-28 16:53:11.124080', '2025-08-28 18:53:11.124080');
INSERT INTO Unloading (Vehicle_Number, Truck_Type, Cylinder_Type, Capsule1_MT, Capsule2_MT, Capsule3_MT, Gatepass_No) VALUES ('MH55WH3153', 'Bullet', NULL, 9.95, 6.7, 6.71, 1352);
INSERT INTO Filling_Center (Cylinder_Type, Leakage_Test, Cap_Check, Manual_Test, Gatepass_No) VALUES ('14.5kg', 0, 0, 1, 1352);
INSERT INTO Security_In VALUES (1353, '2025-09-06', 'HR98BG8271', 'Logan Loyal', '1310983628', 'Pack', 9628);
INSERT INTO Security_Out VALUES (1353, '2025-09-06', 'HR98BG8271', 'Purohit, Yadav and Narayan', 'Logan Loyal', '1310983628', 'Pack', 9628);
INSERT INTO Weighbridge (Gatepass_No, Truck_Type, Weight_In, Weight_Out, In_Time, Out_Time) VALUES (1353, 'Pack', 14576, 14156, '2025-09-10 10:22:47.800377', '2025-09-10 14:22:47.800377');
INSERT INTO Loading (Truck_Type, Cylinder_Type, Gatepass_No) VALUES ('Pack', '14kg', 1353);
INSERT INTO Unloading (Vehicle_Number, Truck_Type, Cylinder_Type, Capsule1_MT, Capsule2_MT, Capsule3_MT, Gatepass_No) VALUES ('HR98BG8271', 'Pack', '14kg', NULL, NULL, NULL, 1353);
INSERT INTO Filling_Center (Cylinder_Type, Leakage_Test, Cap_Check, Manual_Test, Gatepass_No) VALUES ('19kg', 1, 0, 0, 1353);
INSERT INTO Security_In VALUES (1354, '2025-08-21', 'PB75XQ2324', 'Pranit Raghavan', '2037013685', 'Pack', 3297);
INSERT INTO Security_Out VALUES (1354, '2025-08-21', 'PB75XQ2324', 'Pau Ltd', 'Pranit Raghavan', '2037013685', 'Pack', 3297);
INSERT INTO Weighbridge (Gatepass_No, Truck_Type, Weight_In, Weight_Out, In_Time, Out_Time) VALUES (1354, 'Pack', 5211, 4785, '2025-08-30 08:26:53.129203', '2025-08-30 09:26:53.129203');
INSERT INTO Loading (Truck_Type, Cylinder_Type, Gatepass_No) VALUES ('Pack', '14kg', 1354);
INSERT INTO Unloading (Vehicle_Number, Truck_Type, Cylinder_Type, Capsule1_MT, Capsule2_MT, Capsule3_MT, Gatepass_No) VALUES ('PB75XQ2324', 'Pack', '14kg', NULL, NULL, NULL, 1354);
INSERT INTO Filling_Center (Cylinder_Type, Leakage_Test, Cap_Check, Manual_Test, Gatepass_No) VALUES ('19kg', 0, 1, 1, 1354);
INSERT INTO Security_In VALUES (1355, '2025-07-26', 'WB46CM2281', 'Matthew Dhillon', '2464874799', 'Bullet', 18783);
INSERT INTO Security_Out VALUES (1355, '2025-07-26', 'WB46CM2281', 'Dhar-Krishnan', 'Matthew Dhillon', '2464874799', 'Bullet', 18783);
INSERT INTO Weighbridge (Gatepass_No, Truck_Type, Weight_In, Weight_Out, In_Time, Out_Time) VALUES (1355, 'Bullet', 23274, 22978, '2025-07-25 18:14:48.028569', '2025-07-25 21:14:48.028569');
INSERT INTO Unloading (Vehicle_Number, Truck_Type, Cylinder_Type, Capsule1_MT, Capsule2_MT, Capsule3_MT, Gatepass_No) VALUES ('WB46CM2281', 'Bullet', NULL, 7.37, 9.31, 8.74, 1355);
INSERT INTO Filling_Center (Cylinder_Type, Leakage_Test, Cap_Check, Manual_Test, Gatepass_No) VALUES ('19kg', 1, 0, 1, 1355);
INSERT INTO Security_In VALUES (1356, '2025-08-03', 'HR20CR5245', 'Maanav Bahri', '2913189724', 'Pack', 7369);
INSERT INTO Security_Out VALUES (1356, '2025-08-03', 'HR20CR5245', 'Rattan, Sha and Banik', 'Maanav Bahri', '2913189724', 'Pack', 7369);
INSERT INTO Weighbridge (Gatepass_No, Truck_Type, Weight_In, Weight_Out, In_Time, Out_Time) VALUES (1356, 'Pack', 12153, 12010, '2025-08-13 16:06:22.212495', '2025-08-13 21:06:22.212495');
INSERT INTO Loading (Truck_Type, Cylinder_Type, Gatepass_No) VALUES ('Pack', '47kg', 1356);
INSERT INTO Unloading (Vehicle_Number, Truck_Type, Cylinder_Type, Capsule1_MT, Capsule2_MT, Capsule3_MT, Gatepass_No) VALUES ('HR20CR5245', 'Pack', '47kg', NULL, NULL, NULL, 1356);
INSERT INTO Filling_Center (Cylinder_Type, Leakage_Test, Cap_Check, Manual_Test, Gatepass_No) VALUES ('19kg', 0, 1, 1, 1356);
INSERT INTO Security_In VALUES (1357, '2025-09-13', 'KA58LU6297', 'Forum Majumdar', '2006087181', 'Pack', 10547);
INSERT INTO Security_Out VALUES (1357, '2025-09-13', 'KA58LU6297', 'Sampath-Bakshi', 'Forum Majumdar', '2006087181', 'Pack', 10547);
INSERT INTO Weighbridge (Gatepass_No, Truck_Type, Weight_In, Weight_Out, In_Time, Out_Time) VALUES (1357, 'Pack', 12537, 12382, '2025-09-10 06:20:52.847896', '2025-09-10 10:20:52.847896');
INSERT INTO Loading (Truck_Type, Cylinder_Type, Gatepass_No) VALUES ('Pack', '19kg', 1357);
INSERT INTO Unloading (Vehicle_Number, Truck_Type, Cylinder_Type, Capsule1_MT, Capsule2_MT, Capsule3_MT, Gatepass_No) VALUES ('KA58LU6297', 'Pack', '19kg', NULL, NULL, NULL, 1357);
INSERT INTO Filling_Center (Cylinder_Type, Leakage_Test, Cap_Check, Manual_Test, Gatepass_No) VALUES ('14.5kg', 0, 1, 1, 1357);
INSERT INTO Security_In VALUES (1358, '2025-09-10', 'DL64TD8266', 'Falak Tiwari', '3793550845', 'Pack', 18512);
INSERT INTO Security_Out VALUES (1358, '2025-09-10', 'DL64TD8266', 'Gole, Tara and Srivastava', 'Falak Tiwari', '3793550845', 'Pack', 18512);
INSERT INTO Weighbridge (Gatepass_No, Truck_Type, Weight_In, Weight_Out, In_Time, Out_Time) VALUES (1358, 'Pack', 20795, 20691, '2025-07-19 11:43:37.172560', '2025-07-19 15:43:37.172560');
INSERT INTO Loading (Truck_Type, Cylinder_Type, Gatepass_No) VALUES ('Pack', '14kg', 1358);
INSERT INTO Unloading (Vehicle_Number, Truck_Type, Cylinder_Type, Capsule1_MT, Capsule2_MT, Capsule3_MT, Gatepass_No) VALUES ('DL64TD8266', 'Pack', '14kg', NULL, NULL, NULL, 1358);
INSERT INTO Filling_Center (Cylinder_Type, Leakage_Test, Cap_Check, Manual_Test, Gatepass_No) VALUES ('47kg', 0, 0, 0, 1358);
INSERT INTO Security_In VALUES (1359, '2025-08-08', 'DL73DM4719', 'Orinder Murty', '4060217684', 'Pack', 17506);
INSERT INTO Security_Out VALUES (1359, '2025-08-08', 'DL73DM4719', 'Dyal PLC', 'Orinder Murty', '4060217684', 'Pack', 17506);
INSERT INTO Weighbridge (Gatepass_No, Truck_Type, Weight_In, Weight_Out, In_Time, Out_Time) VALUES (1359, 'Pack', 20543, 20261, '2025-07-17 20:52:24.816978', '2025-07-18 00:52:24.816978');
INSERT INTO Loading (Truck_Type, Cylinder_Type, Gatepass_No) VALUES ('Pack', '47kg', 1359);
INSERT INTO Unloading (Vehicle_Number, Truck_Type, Cylinder_Type, Capsule1_MT, Capsule2_MT, Capsule3_MT, Gatepass_No) VALUES ('DL73DM4719', 'Pack', '47kg', NULL, NULL, NULL, 1359);
INSERT INTO Filling_Center (Cylinder_Type, Leakage_Test, Cap_Check, Manual_Test, Gatepass_No) VALUES ('14.5kg', 0, 0, 1, 1359);
INSERT INTO Security_In VALUES (1360, '2025-08-11', 'TN22PS9575', 'Maya Konda', '0168591596', 'Bullet', 11067);
INSERT INTO Security_Out VALUES (1360, '2025-08-11', 'TN22PS9575', 'Kala, Nair and Varty', 'Maya Konda', '0168591596', 'Bullet', 11067);
INSERT INTO Weighbridge (Gatepass_No, Truck_Type, Weight_In, Weight_Out, In_Time, Out_Time) VALUES (1360, 'Bullet', 13177, 13038, '2025-08-29 19:13:20.913279', '2025-08-30 00:13:20.913279');
INSERT INTO Unloading (Vehicle_Number, Truck_Type, Cylinder_Type, Capsule1_MT, Capsule2_MT, Capsule3_MT, Gatepass_No) VALUES ('TN22PS9575', 'Bullet', NULL, 6.08, 9.63, 8.47, 1360);
INSERT INTO Filling_Center (Cylinder_Type, Leakage_Test, Cap_Check, Manual_Test, Gatepass_No) VALUES ('14.5kg', 1, 1, 0, 1360);
INSERT INTO Security_In VALUES (1361, '2025-08-19', 'GJ47AZ6070', 'Chameli Barman', '4048483326', 'Pack', 16208);
INSERT INTO Security_Out VALUES (1361, '2025-08-19', 'GJ47AZ6070', 'Bala-Sinha', 'Chameli Barman', '4048483326', 'Pack', 16208);
INSERT INTO Weighbridge (Gatepass_No, Truck_Type, Weight_In, Weight_Out, In_Time, Out_Time) VALUES (1361, 'Pack', 17530, 17361, '2025-07-20 13:16:26.126014', '2025-07-20 14:16:26.126014');
INSERT INTO Loading (Truck_Type, Cylinder_Type, Gatepass_No) VALUES ('Pack', '14kg', 1361);
INSERT INTO Unloading (Vehicle_Number, Truck_Type, Cylinder_Type, Capsule1_MT, Capsule2_MT, Capsule3_MT, Gatepass_No) VALUES ('GJ47AZ6070', 'Pack', '14kg', NULL, NULL, NULL, 1361);
INSERT INTO Filling_Center (Cylinder_Type, Leakage_Test, Cap_Check, Manual_Test, Gatepass_No) VALUES ('14.5kg', 1, 1, 0, 1361);
INSERT INTO Security_In VALUES (1362, '2025-09-12', 'DL89MZ5976', 'Geetika Taneja', '2234744330', 'Pack', 7983);
INSERT INTO Security_Out VALUES (1362, '2025-09-12', 'DL89MZ5976', 'Lata, Ganesh and Gupta', 'Geetika Taneja', '2234744330', 'Pack', 7983);
INSERT INTO Weighbridge (Gatepass_No, Truck_Type, Weight_In, Weight_Out, In_Time, Out_Time) VALUES (1362, 'Pack', 10494, 10098, '2025-08-15 05:11:16.970677', '2025-08-15 09:11:16.970677');
INSERT INTO Loading (Truck_Type, Cylinder_Type, Gatepass_No) VALUES ('Pack', '47kg', 1362);
INSERT INTO Unloading (Vehicle_Number, Truck_Type, Cylinder_Type, Capsule1_MT, Capsule2_MT, Capsule3_MT, Gatepass_No) VALUES ('DL89MZ5976', 'Pack', '47kg', NULL, NULL, NULL, 1362);
INSERT INTO Filling_Center (Cylinder_Type, Leakage_Test, Cap_Check, Manual_Test, Gatepass_No) VALUES ('14.5kg', 1, 0, 1, 1362);
INSERT INTO Security_In VALUES (1363, '2025-09-11', 'HR81NV5824', 'Aarnav Mody', '9344319138', 'Pack', 10225);
INSERT INTO Security_Out VALUES (1363, '2025-09-11', 'HR81NV5824', 'Biswas Group', 'Aarnav Mody', '9344319138', 'Pack', 10225);
INSERT INTO Weighbridge (Gatepass_No, Truck_Type, Weight_In, Weight_Out, In_Time, Out_Time) VALUES (1363, 'Pack', 14590, 14122, '2025-08-23 11:18:58.128804', '2025-08-23 15:18:58.128804');
INSERT INTO Loading (Truck_Type, Cylinder_Type, Gatepass_No) VALUES ('Pack', '47kg', 1363);
INSERT INTO Unloading (Vehicle_Number, Truck_Type, Cylinder_Type, Capsule1_MT, Capsule2_MT, Capsule3_MT, Gatepass_No) VALUES ('HR81NV5824', 'Pack', '47kg', NULL, NULL, NULL, 1363);
INSERT INTO Filling_Center (Cylinder_Type, Leakage_Test, Cap_Check, Manual_Test, Gatepass_No) VALUES ('5kg', 1, 0, 1, 1363);
INSERT INTO Security_In VALUES (1364, '2025-08-14', 'KA95FJ5531', 'Gauri Memon', '6636461722', 'Bullet', 6872);
INSERT INTO Security_Out VALUES (1364, '2025-08-14', 'KA95FJ5531', 'Malhotra-Sem', 'Gauri Memon', '6636461722', 'Bullet', 6872);
INSERT INTO Weighbridge (Gatepass_No, Truck_Type, Weight_In, Weight_Out, In_Time, Out_Time) VALUES (1364, 'Bullet', 11248, 10757, '2025-08-11 01:08:45.498122', '2025-08-11 02:08:45.498122');
INSERT INTO Unloading (Vehicle_Number, Truck_Type, Cylinder_Type, Capsule1_MT, Capsule2_MT, Capsule3_MT, Gatepass_No) VALUES ('KA95FJ5531', 'Bullet', NULL, 6.9, 9.49, 8.86, 1364);
INSERT INTO Filling_Center (Cylinder_Type, Leakage_Test, Cap_Check, Manual_Test, Gatepass_No) VALUES ('14.5kg', 0, 0, 1, 1364);
INSERT INTO Security_In VALUES (1365, '2025-08-10', 'DL95EP2180', 'Tanveer Balay', '4546707991', 'Bullet', 16434);
INSERT INTO Security_Out VALUES (1365, '2025-08-10', 'DL95EP2180', 'Majumdar-Bava', 'Tanveer Balay', '4546707991', 'Bullet', 16434);
INSERT INTO Weighbridge (Gatepass_No, Truck_Type, Weight_In, Weight_Out, In_Time, Out_Time) VALUES (1365, 'Bullet', 19544, 19284, '2025-07-23 05:10:38.909765', '2025-07-23 06:10:38.909765');
INSERT INTO Unloading (Vehicle_Number, Truck_Type, Cylinder_Type, Capsule1_MT, Capsule2_MT, Capsule3_MT, Gatepass_No) VALUES ('DL95EP2180', 'Bullet', NULL, 8.63, 5.39, 7.59, 1365);
INSERT INTO Filling_Center (Cylinder_Type, Leakage_Test, Cap_Check, Manual_Test, Gatepass_No) VALUES ('47kg', 0, 0, 1, 1365);
INSERT INTO Security_In VALUES (1366, '2025-07-26', 'DL74NB3813', 'Krisha Jayaraman', '3446411703', 'Bullet', 12215);
INSERT INTO Security_Out VALUES (1366, '2025-07-26', 'DL74NB3813', 'Misra, Khurana and Deshpande', 'Krisha Jayaraman', '3446411703', 'Bullet', 12215);
INSERT INTO Weighbridge (Gatepass_No, Truck_Type, Weight_In, Weight_Out, In_Time, Out_Time) VALUES (1366, 'Bullet', 16585, 16348, '2025-09-12 00:16:31.394643', '2025-09-12 01:16:31.394643');
INSERT INTO Unloading (Vehicle_Number, Truck_Type, Cylinder_Type, Capsule1_MT, Capsule2_MT, Capsule3_MT, Gatepass_No) VALUES ('DL74NB3813', 'Bullet', NULL, 7.41, 9.16, 7.54, 1366);
INSERT INTO Filling_Center (Cylinder_Type, Leakage_Test, Cap_Check, Manual_Test, Gatepass_No) VALUES ('47kg', 0, 0, 0, 1366);
INSERT INTO Security_In VALUES (1367, '2025-09-06', 'DL19VZ7387', 'Abha Atwal', '4455701417', 'Pack', 17124);
INSERT INTO Security_Out VALUES (1367, '2025-09-06', 'DL19VZ7387', 'Natarajan-Pandey', 'Abha Atwal', '4455701417', 'Pack', 17124);
INSERT INTO Weighbridge (Gatepass_No, Truck_Type, Weight_In, Weight_Out, In_Time, Out_Time) VALUES (1367, 'Pack', 20510, 20222, '2025-07-26 09:00:40.026862', '2025-07-26 12:00:40.026862');
INSERT INTO Loading (Truck_Type, Cylinder_Type, Gatepass_No) VALUES ('Pack', '19kg', 1367);
INSERT INTO Unloading (Vehicle_Number, Truck_Type, Cylinder_Type, Capsule1_MT, Capsule2_MT, Capsule3_MT, Gatepass_No) VALUES ('DL19VZ7387', 'Pack', '19kg', NULL, NULL, NULL, 1367);
INSERT INTO Filling_Center (Cylinder_Type, Leakage_Test, Cap_Check, Manual_Test, Gatepass_No) VALUES ('47kg', 1, 0, 0, 1367);
INSERT INTO Security_In VALUES (1368, '2025-09-11', 'TN29LY1242', 'Ubika Panchal', '8487691812', 'Bullet', 7676);
INSERT INTO Security_Out VALUES (1368, '2025-09-11', 'TN29LY1242', 'Prashad PLC', 'Ubika Panchal', '8487691812', 'Bullet', 7676);
INSERT INTO Weighbridge (Gatepass_No, Truck_Type, Weight_In, Weight_Out, In_Time, Out_Time) VALUES (1368, 'Bullet', 9098, 8860, '2025-07-29 05:21:47.045584', '2025-07-29 10:21:47.045584');
INSERT INTO Unloading (Vehicle_Number, Truck_Type, Cylinder_Type, Capsule1_MT, Capsule2_MT, Capsule3_MT, Gatepass_No) VALUES ('TN29LY1242', 'Bullet', NULL, 8.73, 8.01, 8.17, 1368);
INSERT INTO Filling_Center (Cylinder_Type, Leakage_Test, Cap_Check, Manual_Test, Gatepass_No) VALUES ('10kg', 1, 1, 1, 1368);
INSERT INTO Security_In VALUES (1369, '2025-08-24', 'HR69HH8173', 'Dev Mall', '5480458313', 'Bullet', 13352);
INSERT INTO Security_Out VALUES (1369, '2025-08-24', 'HR69HH8173', 'Deo, Sethi and Pant', 'Dev Mall', '5480458313', 'Bullet', 13352);
INSERT INTO Weighbridge (Gatepass_No, Truck_Type, Weight_In, Weight_Out, In_Time, Out_Time) VALUES (1369, 'Bullet', 16225, 16090, '2025-08-29 11:17:09.292044', '2025-08-29 15:17:09.292044');
INSERT INTO Unloading (Vehicle_Number, Truck_Type, Cylinder_Type, Capsule1_MT, Capsule2_MT, Capsule3_MT, Gatepass_No) VALUES ('HR69HH8173', 'Bullet', NULL, 9.37, 5.72, 6.13, 1369);
INSERT INTO Filling_Center (Cylinder_Type, Leakage_Test, Cap_Check, Manual_Test, Gatepass_No) VALUES ('19kg', 0, 0, 1, 1369);
INSERT INTO Security_In VALUES (1370, '2025-08-18', 'RJ29CG6331', 'Yamini Rau', '7382452045', 'Bullet', 17243);
INSERT INTO Security_Out VALUES (1370, '2025-08-18', 'RJ29CG6331', 'Bhavsar, Ranganathan and Rattan', 'Yamini Rau', '7382452045', 'Bullet', 17243);
INSERT INTO Weighbridge (Gatepass_No, Truck_Type, Weight_In, Weight_Out, In_Time, Out_Time) VALUES (1370, 'Bullet', 20087, 19897, '2025-08-30 00:43:17.234108', '2025-08-30 05:43:17.234108');
INSERT INTO Unloading (Vehicle_Number, Truck_Type, Cylinder_Type, Capsule1_MT, Capsule2_MT, Capsule3_MT, Gatepass_No) VALUES ('RJ29CG6331', 'Bullet', NULL, 7.61, 6.71, 9.74, 1370);
INSERT INTO Filling_Center (Cylinder_Type, Leakage_Test, Cap_Check, Manual_Test, Gatepass_No) VALUES ('47kg', 0, 0, 1, 1370);
INSERT INTO Security_In VALUES (1371, '2025-09-02', 'RJ13DL9239', 'Widisha Mital', '1998949754', 'Bullet', 16913);
INSERT INTO Security_Out VALUES (1371, '2025-09-02', 'RJ13DL9239', 'Deshmukh Ltd', 'Widisha Mital', '1998949754', 'Bullet', 16913);
INSERT INTO Weighbridge (Gatepass_No, Truck_Type, Weight_In, Weight_Out, In_Time, Out_Time) VALUES (1371, 'Bullet', 21857, 21558, '2025-08-11 05:36:58.664876', '2025-08-11 08:36:58.664876');
INSERT INTO Unloading (Vehicle_Number, Truck_Type, Cylinder_Type, Capsule1_MT, Capsule2_MT, Capsule3_MT, Gatepass_No) VALUES ('RJ13DL9239', 'Bullet', NULL, 5.48, 7.81, 5.44, 1371);
INSERT INTO Filling_Center (Cylinder_Type, Leakage_Test, Cap_Check, Manual_Test, Gatepass_No) VALUES ('10kg', 0, 0, 1, 1371);
INSERT INTO Security_In VALUES (1372, '2025-08-12', 'KA51MV3818', 'Chaitaly Parmar', '2068579949', 'Bullet', 11324);
INSERT INTO Security_Out VALUES (1372, '2025-08-12', 'KA51MV3818', 'Sharaf, Peri and Kata', 'Chaitaly Parmar', '2068579949', 'Bullet', 11324);
INSERT INTO Weighbridge (Gatepass_No, Truck_Type, Weight_In, Weight_Out, In_Time, Out_Time) VALUES (1372, 'Bullet', 13475, 13139, '2025-08-21 22:03:33.296278', '2025-08-22 02:03:33.296278');
INSERT INTO Unloading (Vehicle_Number, Truck_Type, Cylinder_Type, Capsule1_MT, Capsule2_MT, Capsule3_MT, Gatepass_No) VALUES ('KA51MV3818', 'Bullet', NULL, 7.51, 8.46, 7.69, 1372);
INSERT INTO Filling_Center (Cylinder_Type, Leakage_Test, Cap_Check, Manual_Test, Gatepass_No) VALUES ('19kg', 1, 0, 0, 1372);
INSERT INTO Security_In VALUES (1373, '2025-07-27', 'MH57EY8768', 'Reyansh Bose', '6827512310', 'Bullet', 10748);
INSERT INTO Security_Out VALUES (1373, '2025-07-27', 'MH57EY8768', 'Banerjee-Sharaf', 'Reyansh Bose', '6827512310', 'Bullet', 10748);
INSERT INTO Weighbridge (Gatepass_No, Truck_Type, Weight_In, Weight_Out, In_Time, Out_Time) VALUES (1373, 'Bullet', 13727, 13403, '2025-08-29 08:55:06.274989', '2025-08-29 11:55:06.274989');
INSERT INTO Unloading (Vehicle_Number, Truck_Type, Cylinder_Type, Capsule1_MT, Capsule2_MT, Capsule3_MT, Gatepass_No) VALUES ('MH57EY8768', 'Bullet', NULL, 8.93, 8.89, 9.24, 1373);
INSERT INTO Filling_Center (Cylinder_Type, Leakage_Test, Cap_Check, Manual_Test, Gatepass_No) VALUES ('14.5kg', 0, 0, 1, 1373);
INSERT INTO Security_In VALUES (1374, '2025-07-20', 'PB94CR1531', 'Ishani Gera', '6628058422', 'Bullet', 8531);
INSERT INTO Security_Out VALUES (1374, '2025-07-20', 'PB94CR1531', 'Bhatti, Karan and Sangha', 'Ishani Gera', '6628058422', 'Bullet', 8531);
INSERT INTO Weighbridge (Gatepass_No, Truck_Type, Weight_In, Weight_Out, In_Time, Out_Time) VALUES (1374, 'Bullet', 9532, 9116, '2025-07-28 04:12:52.906230', '2025-07-28 09:12:52.906230');
INSERT INTO Unloading (Vehicle_Number, Truck_Type, Cylinder_Type, Capsule1_MT, Capsule2_MT, Capsule3_MT, Gatepass_No) VALUES ('PB94CR1531', 'Bullet', NULL, 7.8, 9.03, 5.34, 1374);
INSERT INTO Filling_Center (Cylinder_Type, Leakage_Test, Cap_Check, Manual_Test, Gatepass_No) VALUES ('19kg', 1, 1, 1, 1374);
INSERT INTO Security_In VALUES (1375, '2025-08-04', 'HR21HD2208', 'Azaan Bhandari', '5965301884', 'Pack', 14744);
INSERT INTO Security_Out VALUES (1375, '2025-08-04', 'HR21HD2208', 'Saxena-Wagle', 'Azaan Bhandari', '5965301884', 'Pack', 14744);
INSERT INTO Weighbridge (Gatepass_No, Truck_Type, Weight_In, Weight_Out, In_Time, Out_Time) VALUES (1375, 'Pack', 17924, 17803, '2025-08-23 10:33:52.301257', '2025-08-23 12:33:52.301257');
INSERT INTO Loading (Truck_Type, Cylinder_Type, Gatepass_No) VALUES ('Pack', '19kg', 1375);
INSERT INTO Unloading (Vehicle_Number, Truck_Type, Cylinder_Type, Capsule1_MT, Capsule2_MT, Capsule3_MT, Gatepass_No) VALUES ('HR21HD2208', 'Pack', '19kg', NULL, NULL, NULL, 1375);
INSERT INTO Filling_Center (Cylinder_Type, Leakage_Test, Cap_Check, Manual_Test, Gatepass_No) VALUES ('14.5kg', 1, 1, 0, 1375);
INSERT INTO Security_In VALUES (1376, '2025-09-05', 'GJ28KT4621', 'Jackson Chaudhry', '0272580775', 'Bullet', 18918);
INSERT INTO Security_Out VALUES (1376, '2025-09-05', 'GJ28KT4621', 'Shankar-Mall', 'Jackson Chaudhry', '0272580775', 'Bullet', 18918);
INSERT INTO Weighbridge (Gatepass_No, Truck_Type, Weight_In, Weight_Out, In_Time, Out_Time) VALUES (1376, 'Bullet', 23327, 23203, '2025-08-06 04:52:43.134481', '2025-08-06 09:52:43.134481');
INSERT INTO Unloading (Vehicle_Number, Truck_Type, Cylinder_Type, Capsule1_MT, Capsule2_MT, Capsule3_MT, Gatepass_No) VALUES ('GJ28KT4621', 'Bullet', NULL, 5.41, 5.24, 9.18, 1376);
INSERT INTO Filling_Center (Cylinder_Type, Leakage_Test, Cap_Check, Manual_Test, Gatepass_No) VALUES ('5kg', 0, 0, 0, 1376);
INSERT INTO Security_In VALUES (1377, '2025-08-20', 'TN48EP5880', 'Hitesh Edwin', '3973271220', 'Pack', 16589);
INSERT INTO Security_Out VALUES (1377, '2025-08-20', 'TN48EP5880', 'Viswanathan-Sarkar', 'Hitesh Edwin', '3973271220', 'Pack', 16589);
INSERT INTO Weighbridge (Gatepass_No, Truck_Type, Weight_In, Weight_Out, In_Time, Out_Time) VALUES (1377, 'Pack', 18649, 18263, '2025-07-20 08:00:44.254627', '2025-07-20 11:00:44.254627');
INSERT INTO Loading (Truck_Type, Cylinder_Type, Gatepass_No) VALUES ('Pack', '14kg', 1377);
INSERT INTO Unloading (Vehicle_Number, Truck_Type, Cylinder_Type, Capsule1_MT, Capsule2_MT, Capsule3_MT, Gatepass_No) VALUES ('TN48EP5880', 'Pack', '14kg', NULL, NULL, NULL, 1377);
INSERT INTO Filling_Center (Cylinder_Type, Leakage_Test, Cap_Check, Manual_Test, Gatepass_No) VALUES ('10kg', 1, 1, 0, 1377);
INSERT INTO Security_In VALUES (1378, '2025-08-10', 'PB74OZ3258', 'Triya Vora', '6043445426', 'Pack', 6888);
INSERT INTO Security_Out VALUES (1378, '2025-08-10', 'PB74OZ3258', 'Mani-Johal', 'Triya Vora', '6043445426', 'Pack', 6888);
INSERT INTO Weighbridge (Gatepass_No, Truck_Type, Weight_In, Weight_Out, In_Time, Out_Time) VALUES (1378, 'Pack', 11565, 11334, '2025-08-21 13:27:57.082596', '2025-08-21 14:27:57.082596');
INSERT INTO Loading (Truck_Type, Cylinder_Type, Gatepass_No) VALUES ('Pack', '14kg', 1378);
INSERT INTO Unloading (Vehicle_Number, Truck_Type, Cylinder_Type, Capsule1_MT, Capsule2_MT, Capsule3_MT, Gatepass_No) VALUES ('PB74OZ3258', 'Pack', '14kg', NULL, NULL, NULL, 1378);
INSERT INTO Filling_Center (Cylinder_Type, Leakage_Test, Cap_Check, Manual_Test, Gatepass_No) VALUES ('10kg', 1, 0, 1, 1378);
INSERT INTO Security_In VALUES (1379, '2025-08-22', 'TN49AW9405', 'Viraj Ganesh', '7460596426', 'Bullet', 1118);
INSERT INTO Security_Out VALUES (1379, '2025-08-22', 'TN49AW9405', 'Ghose Inc', 'Viraj Ganesh', '7460596426', 'Bullet', 1118);
INSERT INTO Weighbridge (Gatepass_No, Truck_Type, Weight_In, Weight_Out, In_Time, Out_Time) VALUES (1379, 'Bullet', 3063, 2689, '2025-08-11 08:22:20.284225', '2025-08-11 10:22:20.284225');
INSERT INTO Unloading (Vehicle_Number, Truck_Type, Cylinder_Type, Capsule1_MT, Capsule2_MT, Capsule3_MT, Gatepass_No) VALUES ('TN49AW9405', 'Bullet', NULL, 9.92, 7.29, 7.12, 1379);
INSERT INTO Filling_Center (Cylinder_Type, Leakage_Test, Cap_Check, Manual_Test, Gatepass_No) VALUES ('5kg', 0, 1, 0, 1379);
INSERT INTO Security_In VALUES (1380, '2025-09-01', 'GJ83WJ8389', 'Faraj Vasa', '4632269567', 'Bullet', 19202);
INSERT INTO Security_Out VALUES (1380, '2025-09-01', 'GJ83WJ8389', 'Misra-Trivedi', 'Faraj Vasa', '4632269567', 'Bullet', 19202);
INSERT INTO Weighbridge (Gatepass_No, Truck_Type, Weight_In, Weight_Out, In_Time, Out_Time) VALUES (1380, 'Bullet', 21149, 20820, '2025-07-21 20:55:45.443991', '2025-07-22 00:55:45.443991');
INSERT INTO Unloading (Vehicle_Number, Truck_Type, Cylinder_Type, Capsule1_MT, Capsule2_MT, Capsule3_MT, Gatepass_No) VALUES ('GJ83WJ8389', 'Bullet', NULL, 7.33, 7.09, 8.79, 1380);
INSERT INTO Filling_Center (Cylinder_Type, Leakage_Test, Cap_Check, Manual_Test, Gatepass_No) VALUES ('19kg', 1, 0, 1, 1380);
INSERT INTO Security_In VALUES (1381, '2025-08-28', 'UP94ZS8109', 'Lila Rau', '4101088145', 'Bullet', 10092);
INSERT INTO Security_Out VALUES (1381, '2025-08-28', 'UP94ZS8109', 'Srivastava Ltd', 'Lila Rau', '4101088145', 'Bullet', 10092);
INSERT INTO Weighbridge (Gatepass_No, Truck_Type, Weight_In, Weight_Out, In_Time, Out_Time) VALUES (1381, 'Bullet', 11645, 11275, '2025-08-03 12:08:30.596997', '2025-08-03 14:08:30.596997');
INSERT INTO Unloading (Vehicle_Number, Truck_Type, Cylinder_Type, Capsule1_MT, Capsule2_MT, Capsule3_MT, Gatepass_No) VALUES ('UP94ZS8109', 'Bullet', NULL, 9.26, 9.26, 6.84, 1381);
INSERT INTO Filling_Center (Cylinder_Type, Leakage_Test, Cap_Check, Manual_Test, Gatepass_No) VALUES ('14.5kg', 1, 0, 1, 1381);
INSERT INTO Security_In VALUES (1382, '2025-08-29', 'UP61PA5464', 'Indali Dhar', '0285664301', 'Bullet', 1770);
INSERT INTO Security_Out VALUES (1382, '2025-08-29', 'UP61PA5464', 'Dyal-Subramanian', 'Indali Dhar', '0285664301', 'Bullet', 1770);
INSERT INTO Weighbridge (Gatepass_No, Truck_Type, Weight_In, Weight_Out, In_Time, Out_Time) VALUES (1382, 'Bullet', 3267, 3077, '2025-07-24 02:49:35.615898', '2025-07-24 04:49:35.615898');
INSERT INTO Unloading (Vehicle_Number, Truck_Type, Cylinder_Type, Capsule1_MT, Capsule2_MT, Capsule3_MT, Gatepass_No) VALUES ('UP61PA5464', 'Bullet', NULL, 7.12, 9.28, 5.35, 1382);
INSERT INTO Filling_Center (Cylinder_Type, Leakage_Test, Cap_Check, Manual_Test, Gatepass_No) VALUES ('5kg', 1, 0, 0, 1382);
INSERT INTO Security_In VALUES (1383, '2025-08-16', 'WB75CG2827', 'Janya Halder', '9676541119', 'Pack', 2531);
INSERT INTO Security_Out VALUES (1383, '2025-08-16', 'WB75CG2827', 'Bedi-Kapoor', 'Janya Halder', '9676541119', 'Pack', 2531);
INSERT INTO Weighbridge (Gatepass_No, Truck_Type, Weight_In, Weight_Out, In_Time, Out_Time) VALUES (1383, 'Pack', 3768, 3312, '2025-09-13 05:49:49.204554', '2025-09-13 09:49:49.204554');
INSERT INTO Loading (Truck_Type, Cylinder_Type, Gatepass_No) VALUES ('Pack', '47kg', 1383);
INSERT INTO Unloading (Vehicle_Number, Truck_Type, Cylinder_Type, Capsule1_MT, Capsule2_MT, Capsule3_MT, Gatepass_No) VALUES ('WB75CG2827', 'Pack', '47kg', NULL, NULL, NULL, 1383);
INSERT INTO Filling_Center (Cylinder_Type, Leakage_Test, Cap_Check, Manual_Test, Gatepass_No) VALUES ('5kg', 1, 0, 1, 1383);
INSERT INTO Security_In VALUES (1384, '2025-09-02', 'WB33VA1771', 'Udarsh Balan', '9168088618', 'Pack', 7157);
INSERT INTO Security_Out VALUES (1384, '2025-09-02', 'WB33VA1771', 'Din Group', 'Udarsh Balan', '9168088618', 'Pack', 7157);
INSERT INTO Weighbridge (Gatepass_No, Truck_Type, Weight_In, Weight_Out, In_Time, Out_Time) VALUES (1384, 'Pack', 10102, 9629, '2025-09-02 18:57:07.690061', '2025-09-02 22:57:07.690061');
INSERT INTO Loading (Truck_Type, Cylinder_Type, Gatepass_No) VALUES ('Pack', '19kg', 1384);
INSERT INTO Unloading (Vehicle_Number, Truck_Type, Cylinder_Type, Capsule1_MT, Capsule2_MT, Capsule3_MT, Gatepass_No) VALUES ('WB33VA1771', 'Pack', '19kg', NULL, NULL, NULL, 1384);
INSERT INTO Filling_Center (Cylinder_Type, Leakage_Test, Cap_Check, Manual_Test, Gatepass_No) VALUES ('14.5kg', 0, 0, 1, 1384);
INSERT INTO Security_In VALUES (1385, '2025-07-23', 'KA85QX8665', 'Manan Kari', '2949305288', 'Bullet', 14741);
INSERT INTO Security_Out VALUES (1385, '2025-07-23', 'KA85QX8665', 'Gupta Inc', 'Manan Kari', '2949305288', 'Bullet', 14741);
INSERT INTO Weighbridge (Gatepass_No, Truck_Type, Weight_In, Weight_Out, In_Time, Out_Time) VALUES (1385, 'Bullet', 17723, 17274, '2025-09-10 05:06:22.235747', '2025-09-10 08:06:22.235747');
INSERT INTO Unloading (Vehicle_Number, Truck_Type, Cylinder_Type, Capsule1_MT, Capsule2_MT, Capsule3_MT, Gatepass_No) VALUES ('KA85QX8665', 'Bullet', NULL, 7.12, 7.01, 8.62, 1385);
INSERT INTO Filling_Center (Cylinder_Type, Leakage_Test, Cap_Check, Manual_Test, Gatepass_No) VALUES ('10kg', 1, 0, 1, 1385);
INSERT INTO Security_In VALUES (1386, '2025-08-18', 'KA41PX9306', 'Shivansh Bhardwaj', '2241137890', 'Pack', 17725);
INSERT INTO Security_Out VALUES (1386, '2025-08-18', 'KA41PX9306', 'Ramaswamy, Trivedi and Manne', 'Shivansh Bhardwaj', '2241137890', 'Pack', 17725);
INSERT INTO Weighbridge (Gatepass_No, Truck_Type, Weight_In, Weight_Out, In_Time, Out_Time) VALUES (1386, 'Pack', 19702, 19516, '2025-08-07 07:15:18.642019', '2025-08-07 10:15:18.642019');
INSERT INTO Loading (Truck_Type, Cylinder_Type, Gatepass_No) VALUES ('Pack', '14kg', 1386);
INSERT INTO Unloading (Vehicle_Number, Truck_Type, Cylinder_Type, Capsule1_MT, Capsule2_MT, Capsule3_MT, Gatepass_No) VALUES ('KA41PX9306', 'Pack', '14kg', NULL, NULL, NULL, 1386);
INSERT INTO Filling_Center (Cylinder_Type, Leakage_Test, Cap_Check, Manual_Test, Gatepass_No) VALUES ('19kg', 0, 0, 1, 1386);
INSERT INTO Security_In VALUES (1387, '2025-09-10', 'KA94YE5475', 'Jeet Sehgal', '3871017339', 'Pack', 9848);
INSERT INTO Security_Out VALUES (1387, '2025-09-10', 'KA94YE5475', 'Varughese-Pandya', 'Jeet Sehgal', '3871017339', 'Pack', 9848);
INSERT INTO Weighbridge (Gatepass_No, Truck_Type, Weight_In, Weight_Out, In_Time, Out_Time) VALUES (1387, 'Pack', 11773, 11416, '2025-08-25 04:24:17.103533', '2025-08-25 05:24:17.103533');
INSERT INTO Loading (Truck_Type, Cylinder_Type, Gatepass_No) VALUES ('Pack', '19kg', 1387);
INSERT INTO Unloading (Vehicle_Number, Truck_Type, Cylinder_Type, Capsule1_MT, Capsule2_MT, Capsule3_MT, Gatepass_No) VALUES ('KA94YE5475', 'Pack', '19kg', NULL, NULL, NULL, 1387);
INSERT INTO Filling_Center (Cylinder_Type, Leakage_Test, Cap_Check, Manual_Test, Gatepass_No) VALUES ('10kg', 1, 1, 0, 1387);
INSERT INTO Security_In VALUES (1388, '2025-08-02', 'UP35WA9939', 'Ryan Bobal', '9853913298', 'Pack', 9062);
INSERT INTO Security_Out VALUES (1388, '2025-08-02', 'UP35WA9939', 'Panchal, Bera and Agrawal', 'Ryan Bobal', '9853913298', 'Pack', 9062);
INSERT INTO Weighbridge (Gatepass_No, Truck_Type, Weight_In, Weight_Out, In_Time, Out_Time) VALUES (1388, 'Pack', 13308, 12858, '2025-08-16 12:27:39.106599', '2025-08-16 16:27:39.106599');
INSERT INTO Loading (Truck_Type, Cylinder_Type, Gatepass_No) VALUES ('Pack', '14kg', 1388);
INSERT INTO Unloading (Vehicle_Number, Truck_Type, Cylinder_Type, Capsule1_MT, Capsule2_MT, Capsule3_MT, Gatepass_No) VALUES ('UP35WA9939', 'Pack', '14kg', NULL, NULL, NULL, 1388);
INSERT INTO Filling_Center (Cylinder_Type, Leakage_Test, Cap_Check, Manual_Test, Gatepass_No) VALUES ('10kg', 1, 1, 1, 1388);
INSERT INTO Security_In VALUES (1389, '2025-08-15', 'RJ74SO8233', 'Kashish Joshi', '0364100093', 'Pack', 17082);
INSERT INTO Security_Out VALUES (1389, '2025-08-15', 'RJ74SO8233', 'Padmanabhan-Bobal', 'Kashish Joshi', '0364100093', 'Pack', 17082);
INSERT INTO Weighbridge (Gatepass_No, Truck_Type, Weight_In, Weight_Out, In_Time, Out_Time) VALUES (1389, 'Pack', 18271, 18169, '2025-09-09 21:59:09.033530', '2025-09-10 01:59:09.033530');
INSERT INTO Loading (Truck_Type, Cylinder_Type, Gatepass_No) VALUES ('Pack', '47kg', 1389);
INSERT INTO Unloading (Vehicle_Number, Truck_Type, Cylinder_Type, Capsule1_MT, Capsule2_MT, Capsule3_MT, Gatepass_No) VALUES ('RJ74SO8233', 'Pack', '47kg', NULL, NULL, NULL, 1389);
INSERT INTO Filling_Center (Cylinder_Type, Leakage_Test, Cap_Check, Manual_Test, Gatepass_No) VALUES ('10kg', 1, 0, 0, 1389);
INSERT INTO Security_In VALUES (1390, '2025-09-04', 'WB46PQ5505', 'Saumya Mani', '9201776741', 'Bullet', 3923);
INSERT INTO Security_Out VALUES (1390, '2025-09-04', 'WB46PQ5505', 'Chander-Dhaliwal', 'Saumya Mani', '9201776741', 'Bullet', 3923);
INSERT INTO Weighbridge (Gatepass_No, Truck_Type, Weight_In, Weight_Out, In_Time, Out_Time) VALUES (1390, 'Bullet', 8727, 8614, '2025-08-05 04:43:09.822302', '2025-08-05 09:43:09.822302');
INSERT INTO Unloading (Vehicle_Number, Truck_Type, Cylinder_Type, Capsule1_MT, Capsule2_MT, Capsule3_MT, Gatepass_No) VALUES ('WB46PQ5505', 'Bullet', NULL, 7.87, 8.57, 9.51, 1390);
INSERT INTO Filling_Center (Cylinder_Type, Leakage_Test, Cap_Check, Manual_Test, Gatepass_No) VALUES ('14.5kg', 0, 1, 1, 1390);
INSERT INTO Security_In VALUES (1391, '2025-08-25', 'WB49DD7314', 'Parth Oak', '8622489300', 'Bullet', 529);
INSERT INTO Security_Out VALUES (1391, '2025-08-25', 'WB49DD7314', 'Pathak, Narasimhan and Varghese', 'Parth Oak', '8622489300', 'Bullet', 529);
INSERT INTO Weighbridge (Gatepass_No, Truck_Type, Weight_In, Weight_Out, In_Time, Out_Time) VALUES (1391, 'Bullet', 5496, 5160, '2025-07-31 01:05:43.720467', '2025-07-31 02:05:43.720467');
INSERT INTO Unloading (Vehicle_Number, Truck_Type, Cylinder_Type, Capsule1_MT, Capsule2_MT, Capsule3_MT, Gatepass_No) VALUES ('WB49DD7314', 'Bullet', NULL, 9.71, 9.17, 9.49, 1391);
INSERT INTO Filling_Center (Cylinder_Type, Leakage_Test, Cap_Check, Manual_Test, Gatepass_No) VALUES ('47kg', 0, 0, 1, 1391);
INSERT INTO Security_In VALUES (1392, '2025-07-21', 'HR60ZR2096', 'Yashodhara Mohan', '2614747428', 'Pack', 2371);
INSERT INTO Security_Out VALUES (1392, '2025-07-21', 'HR60ZR2096', 'Johal, Bhandari and Mane', 'Yashodhara Mohan', '2614747428', 'Pack', 2371);
INSERT INTO Weighbridge (Gatepass_No, Truck_Type, Weight_In, Weight_Out, In_Time, Out_Time) VALUES (1392, 'Pack', 6446, 6294, '2025-09-04 21:51:01.358960', '2025-09-04 23:51:01.358960');
INSERT INTO Loading (Truck_Type, Cylinder_Type, Gatepass_No) VALUES ('Pack', '19kg', 1392);
INSERT INTO Unloading (Vehicle_Number, Truck_Type, Cylinder_Type, Capsule1_MT, Capsule2_MT, Capsule3_MT, Gatepass_No) VALUES ('HR60ZR2096', 'Pack', '19kg', NULL, NULL, NULL, 1392);
INSERT INTO Filling_Center (Cylinder_Type, Leakage_Test, Cap_Check, Manual_Test, Gatepass_No) VALUES ('19kg', 1, 1, 0, 1392);
INSERT INTO Security_In VALUES (1393, '2025-08-11', 'GJ50WK3702', 'Sachi DAlia', '2750035573', 'Pack', 8581);
INSERT INTO Security_Out VALUES (1393, '2025-08-11', 'GJ50WK3702', 'Chawla, Pathak and Ben', 'Sachi DAlia', '2750035573', 'Pack', 8581);
INSERT INTO Weighbridge (Gatepass_No, Truck_Type, Weight_In, Weight_Out, In_Time, Out_Time) VALUES (1393, 'Pack', 13113, 12952, '2025-09-09 00:46:07.985753', '2025-09-09 02:46:07.985753');
INSERT INTO Loading (Truck_Type, Cylinder_Type, Gatepass_No) VALUES ('Pack', '14kg', 1393);
INSERT INTO Unloading (Vehicle_Number, Truck_Type, Cylinder_Type, Capsule1_MT, Capsule2_MT, Capsule3_MT, Gatepass_No) VALUES ('GJ50WK3702', 'Pack', '14kg', NULL, NULL, NULL, 1393);
INSERT INTO Filling_Center (Cylinder_Type, Leakage_Test, Cap_Check, Manual_Test, Gatepass_No) VALUES ('14.5kg', 1, 0, 0, 1393);
INSERT INTO Security_In VALUES (1394, '2025-07-28', 'PB12LI2350', 'Dakshesh Buch', '9441992700', 'Bullet', 17593);
INSERT INTO Security_Out VALUES (1394, '2025-07-28', 'PB12LI2350', 'Rajagopalan, Goda and Buch', 'Dakshesh Buch', '9441992700', 'Bullet', 17593);
INSERT INTO Weighbridge (Gatepass_No, Truck_Type, Weight_In, Weight_Out, In_Time, Out_Time) VALUES (1394, 'Bullet', 19743, 19512, '2025-08-27 05:14:25.319954', '2025-08-27 07:14:25.319954');
INSERT INTO Unloading (Vehicle_Number, Truck_Type, Cylinder_Type, Capsule1_MT, Capsule2_MT, Capsule3_MT, Gatepass_No) VALUES ('PB12LI2350', 'Bullet', NULL, 5.51, 8.96, 8.04, 1394);
INSERT INTO Filling_Center (Cylinder_Type, Leakage_Test, Cap_Check, Manual_Test, Gatepass_No) VALUES ('47kg', 1, 0, 1, 1394);
INSERT INTO Security_In VALUES (1395, '2025-09-04', 'PB95AF3768', 'Ishwar Bhattacharyya', '1567686202', 'Bullet', 7175);
INSERT INTO Security_Out VALUES (1395, '2025-09-04', 'PB95AF3768', 'Krishnan LLC', 'Ishwar Bhattacharyya', '1567686202', 'Bullet', 7175);
INSERT INTO Weighbridge (Gatepass_No, Truck_Type, Weight_In, Weight_Out, In_Time, Out_Time) VALUES (1395, 'Bullet', 8408, 8254, '2025-09-12 17:25:05.224518', '2025-09-12 19:25:05.224518');
INSERT INTO Unloading (Vehicle_Number, Truck_Type, Cylinder_Type, Capsule1_MT, Capsule2_MT, Capsule3_MT, Gatepass_No) VALUES ('PB95AF3768', 'Bullet', NULL, 6.79, 5.81, 9.54, 1395);
INSERT INTO Filling_Center (Cylinder_Type, Leakage_Test, Cap_Check, Manual_Test, Gatepass_No) VALUES ('14.5kg', 1, 0, 0, 1395);
INSERT INTO Security_In VALUES (1396, '2025-09-14', 'HR96NQ8977', 'Dalaja Narain', '3420116237', 'Pack', 19761);
INSERT INTO Security_Out VALUES (1396, '2025-09-14', 'HR96NQ8977', 'Madan-Raval', 'Dalaja Narain', '3420116237', 'Pack', 19761);
INSERT INTO Weighbridge (Gatepass_No, Truck_Type, Weight_In, Weight_Out, In_Time, Out_Time) VALUES (1396, 'Pack', 23520, 23078, '2025-08-22 22:59:09.840829', '2025-08-23 03:59:09.840829');
INSERT INTO Loading (Truck_Type, Cylinder_Type, Gatepass_No) VALUES ('Pack', '47kg', 1396);
INSERT INTO Unloading (Vehicle_Number, Truck_Type, Cylinder_Type, Capsule1_MT, Capsule2_MT, Capsule3_MT, Gatepass_No) VALUES ('HR96NQ8977', 'Pack', '47kg', NULL, NULL, NULL, 1396);
INSERT INTO Filling_Center (Cylinder_Type, Leakage_Test, Cap_Check, Manual_Test, Gatepass_No) VALUES ('47kg', 1, 1, 1, 1396);
INSERT INTO Security_In VALUES (1397, '2025-08-20', 'DL19DI3549', 'Gabriel Chaudhary', '3883945215', 'Pack', 14935);
INSERT INTO Security_Out VALUES (1397, '2025-08-20', 'DL19DI3549', 'Sundaram, Parmar and Salvi', 'Gabriel Chaudhary', '3883945215', 'Pack', 14935);
INSERT INTO Weighbridge (Gatepass_No, Truck_Type, Weight_In, Weight_Out, In_Time, Out_Time) VALUES (1397, 'Pack', 17415, 17160, '2025-07-31 10:06:33.086388', '2025-07-31 13:06:33.086388');
INSERT INTO Loading (Truck_Type, Cylinder_Type, Gatepass_No) VALUES ('Pack', '14kg', 1397);
INSERT INTO Unloading (Vehicle_Number, Truck_Type, Cylinder_Type, Capsule1_MT, Capsule2_MT, Capsule3_MT, Gatepass_No) VALUES ('DL19DI3549', 'Pack', '14kg', NULL, NULL, NULL, 1397);
INSERT INTO Filling_Center (Cylinder_Type, Leakage_Test, Cap_Check, Manual_Test, Gatepass_No) VALUES ('5kg', 1, 1, 0, 1397);
INSERT INTO Security_In VALUES (1398, '2025-09-11', 'UP13QQ1028', 'Lavanya Soni', '5379110839', 'Bullet', 3688);
INSERT INTO Security_Out VALUES (1398, '2025-09-11', 'UP13QQ1028', 'Patel, Sane and Badal', 'Lavanya Soni', '5379110839', 'Bullet', 3688);
INSERT INTO Weighbridge (Gatepass_No, Truck_Type, Weight_In, Weight_Out, In_Time, Out_Time) VALUES (1398, 'Bullet', 5658, 5327, '2025-08-20 01:29:38.445909', '2025-08-20 04:29:38.445909');
INSERT INTO Unloading (Vehicle_Number, Truck_Type, Cylinder_Type, Capsule1_MT, Capsule2_MT, Capsule3_MT, Gatepass_No) VALUES ('UP13QQ1028', 'Bullet', NULL, 7.45, 6.2, 9.15, 1398);
INSERT INTO Filling_Center (Cylinder_Type, Leakage_Test, Cap_Check, Manual_Test, Gatepass_No) VALUES ('47kg', 1, 0, 1, 1398);
INSERT INTO Security_In VALUES (1399, '2025-08-30', 'MH69FQ3209', 'Ijaya Basu', '1324594240', 'Bullet', 1993);
INSERT INTO Security_Out VALUES (1399, '2025-08-30', 'MH69FQ3209', 'Ramakrishnan, Chowdhury and Sengupta', 'Ijaya Basu', '1324594240', 'Bullet', 1993);
INSERT INTO Weighbridge (Gatepass_No, Truck_Type, Weight_In, Weight_Out, In_Time, Out_Time) VALUES (1399, 'Bullet', 4899, 4546, '2025-07-29 02:46:59.164709', '2025-07-29 04:46:59.164709');
INSERT INTO Unloading (Vehicle_Number, Truck_Type, Cylinder_Type, Capsule1_MT, Capsule2_MT, Capsule3_MT, Gatepass_No) VALUES ('MH69FQ3209', 'Bullet', NULL, 6.14, 5.75, 7.37, 1399);
INSERT INTO Filling_Center (Cylinder_Type, Leakage_Test, Cap_Check, Manual_Test, Gatepass_No) VALUES ('5kg', 1, 1, 1, 1399);
INSERT INTO Security_In VALUES (1400, '2025-07-20', 'RJ89EK1820', 'Utkarsh Ravi', '1708778655', 'Bullet', 19731);
INSERT INTO Security_Out VALUES (1400, '2025-07-20', 'RJ89EK1820', 'Nadig-Sunder', 'Utkarsh Ravi', '1708778655', 'Bullet', 19731);
INSERT INTO Weighbridge (Gatepass_No, Truck_Type, Weight_In, Weight_Out, In_Time, Out_Time) VALUES (1400, 'Bullet', 22032, 21877, '2025-07-19 05:45:10.669163', '2025-07-19 07:45:10.669163');
INSERT INTO Unloading (Vehicle_Number, Truck_Type, Cylinder_Type, Capsule1_MT, Capsule2_MT, Capsule3_MT, Gatepass_No) VALUES ('RJ89EK1820', 'Bullet', NULL, 5.93, 6.84, 8.05, 1400);
INSERT INTO Filling_Center (Cylinder_Type, Leakage_Test, Cap_Check, Manual_Test, Gatepass_No) VALUES ('10kg', 0, 0, 1, 1400);
INSERT INTO Security_In VALUES (1401, '2025-08-14', 'DL11PS1055', 'Abhimanyu Narula', '7489736303', 'Bullet', 12883);
INSERT INTO Security_Out VALUES (1401, '2025-08-14', 'DL11PS1055', 'Wable and Sons', 'Abhimanyu Narula', '7489736303', 'Bullet', 12883);
INSERT INTO Weighbridge (Gatepass_No, Truck_Type, Weight_In, Weight_Out, In_Time, Out_Time) VALUES (1401, 'Bullet', 14676, 14568, '2025-07-25 19:04:59.286640', '2025-07-25 23:04:59.286640');
INSERT INTO Unloading (Vehicle_Number, Truck_Type, Cylinder_Type, Capsule1_MT, Capsule2_MT, Capsule3_MT, Gatepass_No) VALUES ('DL11PS1055', 'Bullet', NULL, 9.71, 7.14, 8.57, 1401);
INSERT INTO Filling_Center (Cylinder_Type, Leakage_Test, Cap_Check, Manual_Test, Gatepass_No) VALUES ('5kg', 0, 1, 1, 1401);
INSERT INTO Security_In VALUES (1402, '2025-09-08', 'HR54ZK5689', 'Panini Chana', '0791599744', 'Bullet', 12873);
INSERT INTO Security_Out VALUES (1402, '2025-09-08', 'HR54ZK5689', 'DAlia, Dube and Dani', 'Panini Chana', '0791599744', 'Bullet', 12873);
INSERT INTO Weighbridge (Gatepass_No, Truck_Type, Weight_In, Weight_Out, In_Time, Out_Time) VALUES (1402, 'Bullet', 15879, 15537, '2025-07-21 22:43:14.697870', '2025-07-22 03:43:14.697870');
INSERT INTO Unloading (Vehicle_Number, Truck_Type, Cylinder_Type, Capsule1_MT, Capsule2_MT, Capsule3_MT, Gatepass_No) VALUES ('HR54ZK5689', 'Bullet', NULL, 5.65, 9.33, 5.94, 1402);
INSERT INTO Filling_Center (Cylinder_Type, Leakage_Test, Cap_Check, Manual_Test, Gatepass_No) VALUES ('14.5kg', 1, 1, 0, 1402);
INSERT INTO Security_In VALUES (1403, '2025-08-29', 'GJ61PL6822', 'Megha Bail', '1203875049', 'Bullet', 8947);
INSERT INTO Security_Out VALUES (1403, '2025-08-29', 'GJ61PL6822', 'Roy Group', 'Megha Bail', '1203875049', 'Bullet', 8947);
INSERT INTO Weighbridge (Gatepass_No, Truck_Type, Weight_In, Weight_Out, In_Time, Out_Time) VALUES (1403, 'Bullet', 11253, 11111, '2025-09-04 16:03:07.787302', '2025-09-04 18:03:07.787302');
INSERT INTO Unloading (Vehicle_Number, Truck_Type, Cylinder_Type, Capsule1_MT, Capsule2_MT, Capsule3_MT, Gatepass_No) VALUES ('GJ61PL6822', 'Bullet', NULL, 6.91, 9.47, 7.72, 1403);
INSERT INTO Filling_Center (Cylinder_Type, Leakage_Test, Cap_Check, Manual_Test, Gatepass_No) VALUES ('5kg', 0, 0, 0, 1403);
INSERT INTO Security_In VALUES (1404, '2025-08-24', 'MH90SW2663', 'Tara Chand', '4015991605', 'Pack', 10158);
INSERT INTO Security_Out VALUES (1404, '2025-08-24', 'MH90SW2663', 'Basak, Upadhyay and Ramachandran', 'Tara Chand', '4015991605', 'Pack', 10158);
INSERT INTO Weighbridge (Gatepass_No, Truck_Type, Weight_In, Weight_Out, In_Time, Out_Time) VALUES (1404, 'Pack', 12894, 12421, '2025-08-04 10:07:21.615617', '2025-08-04 13:07:21.615617');
INSERT INTO Loading (Truck_Type, Cylinder_Type, Gatepass_No) VALUES ('Pack', '19kg', 1404);
INSERT INTO Unloading (Vehicle_Number, Truck_Type, Cylinder_Type, Capsule1_MT, Capsule2_MT, Capsule3_MT, Gatepass_No) VALUES ('MH90SW2663', 'Pack', '19kg', NULL, NULL, NULL, 1404);
INSERT INTO Filling_Center (Cylinder_Type, Leakage_Test, Cap_Check, Manual_Test, Gatepass_No) VALUES ('10kg', 1, 0, 0, 1404);
INSERT INTO Security_In VALUES (1405, '2025-07-30', 'RJ24HS1801', 'Jack Kale', '6710848012', 'Pack', 5909);
INSERT INTO Security_Out VALUES (1405, '2025-07-30', 'RJ24HS1801', 'Oommen Ltd', 'Jack Kale', '6710848012', 'Pack', 5909);
INSERT INTO Weighbridge (Gatepass_No, Truck_Type, Weight_In, Weight_Out, In_Time, Out_Time) VALUES (1405, 'Pack', 9757, 9598, '2025-08-27 02:20:11.443193', '2025-08-27 07:20:11.443193');
INSERT INTO Loading (Truck_Type, Cylinder_Type, Gatepass_No) VALUES ('Pack', '14kg', 1405);
INSERT INTO Unloading (Vehicle_Number, Truck_Type, Cylinder_Type, Capsule1_MT, Capsule2_MT, Capsule3_MT, Gatepass_No) VALUES ('RJ24HS1801', 'Pack', '14kg', NULL, NULL, NULL, 1405);
INSERT INTO Filling_Center (Cylinder_Type, Leakage_Test, Cap_Check, Manual_Test, Gatepass_No) VALUES ('14.5kg', 0, 1, 0, 1405);
INSERT INTO Security_In VALUES (1406, '2025-08-21', 'DL41SN3205', 'Joshua Lata', '3887254055', 'Bullet', 6271);
INSERT INTO Security_Out VALUES (1406, '2025-08-21', 'DL41SN3205', 'Savant, Khanna and Borde', 'Joshua Lata', '3887254055', 'Bullet', 6271);
INSERT INTO Weighbridge (Gatepass_No, Truck_Type, Weight_In, Weight_Out, In_Time, Out_Time) VALUES (1406, 'Bullet', 9024, 8916, '2025-08-04 19:02:02.725281', '2025-08-04 21:02:02.725281');
INSERT INTO Unloading (Vehicle_Number, Truck_Type, Cylinder_Type, Capsule1_MT, Capsule2_MT, Capsule3_MT, Gatepass_No) VALUES ('DL41SN3205', 'Bullet', NULL, 8.19, 7.5, 7.36, 1406);
INSERT INTO Filling_Center (Cylinder_Type, Leakage_Test, Cap_Check, Manual_Test, Gatepass_No) VALUES ('47kg', 0, 0, 1, 1406);
INSERT INTO Security_In VALUES (1407, '2025-08-08', 'DL17MY5927', 'Hardik Kata', '8436658269', 'Pack', 10076);
INSERT INTO Security_Out VALUES (1407, '2025-08-08', 'DL17MY5927', 'Gour, Kanda and Murty', 'Hardik Kata', '8436658269', 'Pack', 10076);
INSERT INTO Weighbridge (Gatepass_No, Truck_Type, Weight_In, Weight_Out, In_Time, Out_Time) VALUES (1407, 'Pack', 12247, 11869, '2025-08-13 16:00:17.956741', '2025-08-13 19:00:17.956741');
INSERT INTO Loading (Truck_Type, Cylinder_Type, Gatepass_No) VALUES ('Pack', '19kg', 1407);
INSERT INTO Unloading (Vehicle_Number, Truck_Type, Cylinder_Type, Capsule1_MT, Capsule2_MT, Capsule3_MT, Gatepass_No) VALUES ('DL17MY5927', 'Pack', '19kg', NULL, NULL, NULL, 1407);
INSERT INTO Filling_Center (Cylinder_Type, Leakage_Test, Cap_Check, Manual_Test, Gatepass_No) VALUES ('5kg', 0, 0, 1, 1407);
INSERT INTO Security_In VALUES (1408, '2025-07-24', 'RJ74FE7967', 'Waida Chokshi', '7020101664', 'Bullet', 10947);
INSERT INTO Security_Out VALUES (1408, '2025-07-24', 'RJ74FE7967', 'Chacko, Raghavan and Narayanan', 'Waida Chokshi', '7020101664', 'Bullet', 10947);
INSERT INTO Weighbridge (Gatepass_No, Truck_Type, Weight_In, Weight_Out, In_Time, Out_Time) VALUES (1408, 'Bullet', 12143, 12026, '2025-09-02 16:07:42.140390', '2025-09-02 18:07:42.140390');
INSERT INTO Unloading (Vehicle_Number, Truck_Type, Cylinder_Type, Capsule1_MT, Capsule2_MT, Capsule3_MT, Gatepass_No) VALUES ('RJ74FE7967', 'Bullet', NULL, 8.8, 5.77, 8.01, 1408);
INSERT INTO Filling_Center (Cylinder_Type, Leakage_Test, Cap_Check, Manual_Test, Gatepass_No) VALUES ('14.5kg', 1, 0, 0, 1408);
INSERT INTO Security_In VALUES (1409, '2025-07-20', 'DL21OF1436', 'Kashish Khatri', '3097949421', 'Pack', 13507);
INSERT INTO Security_Out VALUES (1409, '2025-07-20', 'DL21OF1436', 'Raja Inc', 'Kashish Khatri', '3097949421', 'Pack', 13507);
INSERT INTO Weighbridge (Gatepass_No, Truck_Type, Weight_In, Weight_Out, In_Time, Out_Time) VALUES (1409, 'Pack', 16409, 16235, '2025-07-21 08:55:56.749472', '2025-07-21 09:55:56.749472');
INSERT INTO Loading (Truck_Type, Cylinder_Type, Gatepass_No) VALUES ('Pack', '19kg', 1409);
INSERT INTO Unloading (Vehicle_Number, Truck_Type, Cylinder_Type, Capsule1_MT, Capsule2_MT, Capsule3_MT, Gatepass_No) VALUES ('DL21OF1436', 'Pack', '19kg', NULL, NULL, NULL, 1409);
INSERT INTO Filling_Center (Cylinder_Type, Leakage_Test, Cap_Check, Manual_Test, Gatepass_No) VALUES ('10kg', 0, 0, 1, 1409);
INSERT INTO Security_In VALUES (1410, '2025-09-14', 'PB23PN7599', 'Osha Nadig', '0721312139', 'Pack', 18966);
INSERT INTO Security_Out VALUES (1410, '2025-09-14', 'PB23PN7599', 'Mammen Group', 'Osha Nadig', '0721312139', 'Pack', 18966);
INSERT INTO Weighbridge (Gatepass_No, Truck_Type, Weight_In, Weight_Out, In_Time, Out_Time) VALUES (1410, 'Pack', 21398, 21198, '2025-08-11 05:22:22.654669', '2025-08-11 07:22:22.654669');
INSERT INTO Loading (Truck_Type, Cylinder_Type, Gatepass_No) VALUES ('Pack', '14kg', 1410);
INSERT INTO Unloading (Vehicle_Number, Truck_Type, Cylinder_Type, Capsule1_MT, Capsule2_MT, Capsule3_MT, Gatepass_No) VALUES ('PB23PN7599', 'Pack', '14kg', NULL, NULL, NULL, 1410);
INSERT INTO Filling_Center (Cylinder_Type, Leakage_Test, Cap_Check, Manual_Test, Gatepass_No) VALUES ('14.5kg', 0, 0, 0, 1410);
INSERT INTO Security_In VALUES (1411, '2025-09-13', 'WB37QB2032', 'Viraj Kulkarni', '8082778837', 'Bullet', 7488);
INSERT INTO Security_Out VALUES (1411, '2025-09-13', 'WB37QB2032', 'Handa-Chhabra', 'Viraj Kulkarni', '8082778837', 'Bullet', 7488);
INSERT INTO Weighbridge (Gatepass_No, Truck_Type, Weight_In, Weight_Out, In_Time, Out_Time) VALUES (1411, 'Bullet', 11396, 11192, '2025-09-13 13:16:27.913448', '2025-09-13 16:16:27.913448');
INSERT INTO Unloading (Vehicle_Number, Truck_Type, Cylinder_Type, Capsule1_MT, Capsule2_MT, Capsule3_MT, Gatepass_No) VALUES ('WB37QB2032', 'Bullet', NULL, 6.38, 5.57, 6.21, 1411);
INSERT INTO Filling_Center (Cylinder_Type, Leakage_Test, Cap_Check, Manual_Test, Gatepass_No) VALUES ('14.5kg', 1, 0, 0, 1411);
INSERT INTO Security_In VALUES (1412, '2025-07-20', 'WB43NS6886', 'Rajeshri Grover', '1539567900', 'Pack', 19741);
INSERT INTO Security_Out VALUES (1412, '2025-07-20', 'WB43NS6886', 'Soman-Babu', 'Rajeshri Grover', '1539567900', 'Pack', 19741);
INSERT INTO Weighbridge (Gatepass_No, Truck_Type, Weight_In, Weight_Out, In_Time, Out_Time) VALUES (1412, 'Pack', 23115, 22681, '2025-08-25 08:47:08.173690', '2025-08-25 13:47:08.173690');
INSERT INTO Loading (Truck_Type, Cylinder_Type, Gatepass_No) VALUES ('Pack', '47kg', 1412);
INSERT INTO Unloading (Vehicle_Number, Truck_Type, Cylinder_Type, Capsule1_MT, Capsule2_MT, Capsule3_MT, Gatepass_No) VALUES ('WB43NS6886', 'Pack', '47kg', NULL, NULL, NULL, 1412);
INSERT INTO Filling_Center (Cylinder_Type, Leakage_Test, Cap_Check, Manual_Test, Gatepass_No) VALUES ('19kg', 0, 1, 1, 1412);
INSERT INTO Security_In VALUES (1413, '2025-08-23', 'PB99LW3563', 'Chanchal Ben', '6062104670', 'Pack', 12686);
INSERT INTO Security_Out VALUES (1413, '2025-08-23', 'PB99LW3563', 'Walla-Krishnamurthy', 'Chanchal Ben', '6062104670', 'Pack', 12686);
INSERT INTO Weighbridge (Gatepass_No, Truck_Type, Weight_In, Weight_Out, In_Time, Out_Time) VALUES (1413, 'Pack', 17630, 17139, '2025-07-17 12:09:17.284831', '2025-07-17 16:09:17.284831');
INSERT INTO Loading (Truck_Type, Cylinder_Type, Gatepass_No) VALUES ('Pack', '47kg', 1413);
INSERT INTO Unloading (Vehicle_Number, Truck_Type, Cylinder_Type, Capsule1_MT, Capsule2_MT, Capsule3_MT, Gatepass_No) VALUES ('PB99LW3563', 'Pack', '47kg', NULL, NULL, NULL, 1413);
INSERT INTO Filling_Center (Cylinder_Type, Leakage_Test, Cap_Check, Manual_Test, Gatepass_No) VALUES ('47kg', 1, 0, 1, 1413);
INSERT INTO Security_In VALUES (1414, '2025-08-11', 'UP65DF2995', 'Pooja Singh', '8171019274', 'Bullet', 7887);
INSERT INTO Security_Out VALUES (1414, '2025-08-11', 'UP65DF2995', 'Bakshi PLC', 'Pooja Singh', '8171019274', 'Bullet', 7887);
INSERT INTO Weighbridge (Gatepass_No, Truck_Type, Weight_In, Weight_Out, In_Time, Out_Time) VALUES (1414, 'Bullet', 12108, 11653, '2025-09-06 02:47:22.003206', '2025-09-06 07:47:22.003206');
INSERT INTO Unloading (Vehicle_Number, Truck_Type, Cylinder_Type, Capsule1_MT, Capsule2_MT, Capsule3_MT, Gatepass_No) VALUES ('UP65DF2995', 'Bullet', NULL, 9.69, 7.22, 7.76, 1414);
INSERT INTO Filling_Center (Cylinder_Type, Leakage_Test, Cap_Check, Manual_Test, Gatepass_No) VALUES ('5kg', 0, 0, 1, 1414);
INSERT INTO Security_In VALUES (1415, '2025-09-14', 'RJ58LL7273', 'Oviya Gopal', '4774213690', 'Pack', 8565);
INSERT INTO Security_Out VALUES (1415, '2025-09-14', 'RJ58LL7273', 'Dani, Cherian and Om', 'Oviya Gopal', '4774213690', 'Pack', 8565);
INSERT INTO Weighbridge (Gatepass_No, Truck_Type, Weight_In, Weight_Out, In_Time, Out_Time) VALUES (1415, 'Pack', 10674, 10505, '2025-07-23 14:01:57.397832', '2025-07-23 19:01:57.397832');
INSERT INTO Loading (Truck_Type, Cylinder_Type, Gatepass_No) VALUES ('Pack', '47kg', 1415);
INSERT INTO Unloading (Vehicle_Number, Truck_Type, Cylinder_Type, Capsule1_MT, Capsule2_MT, Capsule3_MT, Gatepass_No) VALUES ('RJ58LL7273', 'Pack', '47kg', NULL, NULL, NULL, 1415);
INSERT INTO Filling_Center (Cylinder_Type, Leakage_Test, Cap_Check, Manual_Test, Gatepass_No) VALUES ('19kg', 0, 1, 0, 1415);
INSERT INTO Security_In VALUES (1416, '2025-09-06', 'HR67HM9025', 'Tarak Saha', '9565495401', 'Bullet', 2651);
INSERT INTO Security_Out VALUES (1416, '2025-09-06', 'HR67HM9025', 'Buch-Anand', 'Tarak Saha', '9565495401', 'Bullet', 2651);
INSERT INTO Weighbridge (Gatepass_No, Truck_Type, Weight_In, Weight_Out, In_Time, Out_Time) VALUES (1416, 'Bullet', 7345, 6949, '2025-07-28 17:09:44.022039', '2025-07-28 18:09:44.022039');
INSERT INTO Unloading (Vehicle_Number, Truck_Type, Cylinder_Type, Capsule1_MT, Capsule2_MT, Capsule3_MT, Gatepass_No) VALUES ('HR67HM9025', 'Bullet', NULL, 5.57, 7.4, 9.15, 1416);
INSERT INTO Filling_Center (Cylinder_Type, Leakage_Test, Cap_Check, Manual_Test, Gatepass_No) VALUES ('14.5kg', 1, 0, 0, 1416);
INSERT INTO Security_In VALUES (1417, '2025-09-05', 'DL66OR8606', 'Urmi Shankar', '4709659614', 'Bullet', 3303);
INSERT INTO Security_Out VALUES (1417, '2025-09-05', 'DL66OR8606', 'Borah PLC', 'Urmi Shankar', '4709659614', 'Bullet', 3303);
INSERT INTO Weighbridge (Gatepass_No, Truck_Type, Weight_In, Weight_Out, In_Time, Out_Time) VALUES (1417, 'Bullet', 7645, 7342, '2025-08-15 15:31:01.106508', '2025-08-15 18:31:01.106508');
INSERT INTO Unloading (Vehicle_Number, Truck_Type, Cylinder_Type, Capsule1_MT, Capsule2_MT, Capsule3_MT, Gatepass_No) VALUES ('DL66OR8606', 'Bullet', NULL, 8.18, 6.42, 8.78, 1417);
INSERT INTO Filling_Center (Cylinder_Type, Leakage_Test, Cap_Check, Manual_Test, Gatepass_No) VALUES ('47kg', 0, 1, 1, 1417);
INSERT INTO Security_In VALUES (1418, '2025-08-23', 'GJ60GA3615', 'Orinder Mishra', '4892908143', 'Bullet', 2021);
INSERT INTO Security_Out VALUES (1418, '2025-08-23', 'GJ60GA3615', 'Bava Group', 'Orinder Mishra', '4892908143', 'Bullet', 2021);
INSERT INTO Weighbridge (Gatepass_No, Truck_Type, Weight_In, Weight_Out, In_Time, Out_Time) VALUES (1418, 'Bullet', 3219, 2865, '2025-07-23 10:29:27.854096', '2025-07-23 11:29:27.854096');
INSERT INTO Unloading (Vehicle_Number, Truck_Type, Cylinder_Type, Capsule1_MT, Capsule2_MT, Capsule3_MT, Gatepass_No) VALUES ('GJ60GA3615', 'Bullet', NULL, 6.39, 5.56, 9.59, 1418);
INSERT INTO Filling_Center (Cylinder_Type, Leakage_Test, Cap_Check, Manual_Test, Gatepass_No) VALUES ('14.5kg', 0, 0, 0, 1418);
INSERT INTO Security_In VALUES (1419, '2025-07-20', 'PB82JD6050', 'Aashi Chandran', '2109698256', 'Pack', 14187);
INSERT INTO Security_Out VALUES (1419, '2025-07-20', 'PB82JD6050', 'Mangal, Sachdeva and Vasa', 'Aashi Chandran', '2109698256', 'Pack', 14187);
INSERT INTO Weighbridge (Gatepass_No, Truck_Type, Weight_In, Weight_Out, In_Time, Out_Time) VALUES (1419, 'Pack', 16014, 15763, '2025-07-31 05:31:57.477361', '2025-07-31 07:31:57.477361');
INSERT INTO Loading (Truck_Type, Cylinder_Type, Gatepass_No) VALUES ('Pack', '19kg', 1419);
INSERT INTO Unloading (Vehicle_Number, Truck_Type, Cylinder_Type, Capsule1_MT, Capsule2_MT, Capsule3_MT, Gatepass_No) VALUES ('PB82JD6050', 'Pack', '19kg', NULL, NULL, NULL, 1419);
INSERT INTO Filling_Center (Cylinder_Type, Leakage_Test, Cap_Check, Manual_Test, Gatepass_No) VALUES ('14.5kg', 1, 1, 0, 1419);
INSERT INTO Security_In VALUES (1420, '2025-07-18', 'UP33SY7961', 'Anthony Bansal', '0579472526', 'Bullet', 18601);
INSERT INTO Security_Out VALUES (1420, '2025-07-18', 'UP33SY7961', 'Ramaswamy-Bahri', 'Anthony Bansal', '0579472526', 'Bullet', 18601);
INSERT INTO Weighbridge (Gatepass_No, Truck_Type, Weight_In, Weight_Out, In_Time, Out_Time) VALUES (1420, 'Bullet', 22086, 21787, '2025-08-04 16:26:22.975873', '2025-08-04 20:26:22.975873');
INSERT INTO Unloading (Vehicle_Number, Truck_Type, Cylinder_Type, Capsule1_MT, Capsule2_MT, Capsule3_MT, Gatepass_No) VALUES ('UP33SY7961', 'Bullet', NULL, 7.42, 6.31, 6.84, 1420);
INSERT INTO Filling_Center (Cylinder_Type, Leakage_Test, Cap_Check, Manual_Test, Gatepass_No) VALUES ('10kg', 1, 1, 0, 1420);
INSERT INTO Security_In VALUES (1421, '2025-08-26', 'GJ97TF4873', 'Samesh Ramesh', '8780711530', 'Pack', 17403);
INSERT INTO Security_Out VALUES (1421, '2025-08-26', 'GJ97TF4873', 'Sani LLC', 'Samesh Ramesh', '8780711530', 'Pack', 17403);
INSERT INTO Weighbridge (Gatepass_No, Truck_Type, Weight_In, Weight_Out, In_Time, Out_Time) VALUES (1421, 'Pack', 22031, 21769, '2025-09-14 04:06:06.919310', '2025-09-14 09:06:06.919310');
INSERT INTO Loading (Truck_Type, Cylinder_Type, Gatepass_No) VALUES ('Pack', '47kg', 1421);
INSERT INTO Unloading (Vehicle_Number, Truck_Type, Cylinder_Type, Capsule1_MT, Capsule2_MT, Capsule3_MT, Gatepass_No) VALUES ('GJ97TF4873', 'Pack', '47kg', NULL, NULL, NULL, 1421);
INSERT INTO Filling_Center (Cylinder_Type, Leakage_Test, Cap_Check, Manual_Test, Gatepass_No) VALUES ('14.5kg', 1, 0, 1, 1421);
INSERT INTO Security_In VALUES (1422, '2025-08-23', 'WB41BU5410', 'Azaan Choudhry', '7895015472', 'Pack', 1796);
INSERT INTO Security_Out VALUES (1422, '2025-08-23', 'WB41BU5410', 'Buch and Sons', 'Azaan Choudhry', '7895015472', 'Pack', 1796);
INSERT INTO Weighbridge (Gatepass_No, Truck_Type, Weight_In, Weight_Out, In_Time, Out_Time) VALUES (1422, 'Pack', 3348, 2919, '2025-09-14 18:50:38.073031', '2025-09-14 21:50:38.073031');
INSERT INTO Loading (Truck_Type, Cylinder_Type, Gatepass_No) VALUES ('Pack', '14kg', 1422);
INSERT INTO Unloading (Vehicle_Number, Truck_Type, Cylinder_Type, Capsule1_MT, Capsule2_MT, Capsule3_MT, Gatepass_No) VALUES ('WB41BU5410', 'Pack', '14kg', NULL, NULL, NULL, 1422);
INSERT INTO Filling_Center (Cylinder_Type, Leakage_Test, Cap_Check, Manual_Test, Gatepass_No) VALUES ('47kg', 1, 1, 1, 1422);
INSERT INTO Security_In VALUES (1423, '2025-08-29', 'UP63JR3286', 'Raghav Rai', '6833065129', 'Pack', 1294);
INSERT INTO Security_Out VALUES (1423, '2025-08-29', 'UP63JR3286', 'Sastry, Venkatesh and Singhal', 'Raghav Rai', '6833065129', 'Pack', 1294);
INSERT INTO Weighbridge (Gatepass_No, Truck_Type, Weight_In, Weight_Out, In_Time, Out_Time) VALUES (1423, 'Pack', 4619, 4513, '2025-07-19 18:02:43.072871', '2025-07-19 19:02:43.072871');
INSERT INTO Loading (Truck_Type, Cylinder_Type, Gatepass_No) VALUES ('Pack', '47kg', 1423);
INSERT INTO Unloading (Vehicle_Number, Truck_Type, Cylinder_Type, Capsule1_MT, Capsule2_MT, Capsule3_MT, Gatepass_No) VALUES ('UP63JR3286', 'Pack', '47kg', NULL, NULL, NULL, 1423);
INSERT INTO Filling_Center (Cylinder_Type, Leakage_Test, Cap_Check, Manual_Test, Gatepass_No) VALUES ('5kg', 1, 1, 1, 1423);
INSERT INTO Security_In VALUES (1424, '2025-07-20', 'KA65RX1826', 'Sai Rege', '7322394698', 'Pack', 2095);
INSERT INTO Security_Out VALUES (1424, '2025-07-20', 'KA65RX1826', 'Chakraborty Ltd', 'Sai Rege', '7322394698', 'Pack', 2095);
INSERT INTO Weighbridge (Gatepass_No, Truck_Type, Weight_In, Weight_Out, In_Time, Out_Time) VALUES (1424, 'Pack', 3450, 3045, '2025-08-01 17:39:56.011290', '2025-08-01 19:39:56.011290');
INSERT INTO Loading (Truck_Type, Cylinder_Type, Gatepass_No) VALUES ('Pack', '47kg', 1424);
INSERT INTO Unloading (Vehicle_Number, Truck_Type, Cylinder_Type, Capsule1_MT, Capsule2_MT, Capsule3_MT, Gatepass_No) VALUES ('KA65RX1826', 'Pack', '47kg', NULL, NULL, NULL, 1424);
INSERT INTO Filling_Center (Cylinder_Type, Leakage_Test, Cap_Check, Manual_Test, Gatepass_No) VALUES ('19kg', 1, 0, 1, 1424);
INSERT INTO Security_In VALUES (1425, '2025-08-13', 'TN57VO6291', 'Vasana Mannan', '9323323082', 'Bullet', 11747);
INSERT INTO Security_Out VALUES (1425, '2025-08-13', 'TN57VO6291', 'Pingle-Hayer', 'Vasana Mannan', '9323323082', 'Bullet', 11747);
INSERT INTO Weighbridge (Gatepass_No, Truck_Type, Weight_In, Weight_Out, In_Time, Out_Time) VALUES (1425, 'Bullet', 15622, 15256, '2025-07-26 11:46:27.830676', '2025-07-26 14:46:27.830676');
INSERT INTO Unloading (Vehicle_Number, Truck_Type, Cylinder_Type, Capsule1_MT, Capsule2_MT, Capsule3_MT, Gatepass_No) VALUES ('TN57VO6291', 'Bullet', NULL, 5.17, 8.49, 5.62, 1425);
INSERT INTO Filling_Center (Cylinder_Type, Leakage_Test, Cap_Check, Manual_Test, Gatepass_No) VALUES ('5kg', 0, 0, 0, 1425);
INSERT INTO Security_In VALUES (1426, '2025-08-07', 'WB28HQ5260', 'Janani Parekh', '0525152598', 'Bullet', 4475);
INSERT INTO Security_Out VALUES (1426, '2025-08-07', 'WB28HQ5260', 'Pathak, Kale and Sahni', 'Janani Parekh', '0525152598', 'Bullet', 4475);
INSERT INTO Weighbridge (Gatepass_No, Truck_Type, Weight_In, Weight_Out, In_Time, Out_Time) VALUES (1426, 'Bullet', 6209, 6096, '2025-08-04 06:04:42.037098', '2025-08-04 08:04:42.037098');
INSERT INTO Unloading (Vehicle_Number, Truck_Type, Cylinder_Type, Capsule1_MT, Capsule2_MT, Capsule3_MT, Gatepass_No) VALUES ('WB28HQ5260', 'Bullet', NULL, 5.87, 7.6, 6.95, 1426);
INSERT INTO Filling_Center (Cylinder_Type, Leakage_Test, Cap_Check, Manual_Test, Gatepass_No) VALUES ('14.5kg', 0, 1, 0, 1426);
INSERT INTO Security_In VALUES (1427, '2025-08-16', 'HR77TO9112', 'Sudiksha Ghose', '6734734829', 'Pack', 15607);
INSERT INTO Security_Out VALUES (1427, '2025-08-16', 'HR77TO9112', 'Bobal-Jain', 'Sudiksha Ghose', '6734734829', 'Pack', 15607);
INSERT INTO Weighbridge (Gatepass_No, Truck_Type, Weight_In, Weight_Out, In_Time, Out_Time) VALUES (1427, 'Pack', 17715, 17284, '2025-09-04 03:37:15.959623', '2025-09-04 06:37:15.959623');
INSERT INTO Loading (Truck_Type, Cylinder_Type, Gatepass_No) VALUES ('Pack', '14kg', 1427);
INSERT INTO Unloading (Vehicle_Number, Truck_Type, Cylinder_Type, Capsule1_MT, Capsule2_MT, Capsule3_MT, Gatepass_No) VALUES ('HR77TO9112', 'Pack', '14kg', NULL, NULL, NULL, 1427);
INSERT INTO Filling_Center (Cylinder_Type, Leakage_Test, Cap_Check, Manual_Test, Gatepass_No) VALUES ('5kg', 0, 0, 1, 1427);
INSERT INTO Security_In VALUES (1428, '2025-08-22', 'WB43NR2507', 'Krishna Bhavsar', '4230385619', 'Pack', 4955);
INSERT INTO Security_Out VALUES (1428, '2025-08-22', 'WB43NR2507', 'Bora LLC', 'Krishna Bhavsar', '4230385619', 'Pack', 4955);
INSERT INTO Weighbridge (Gatepass_No, Truck_Type, Weight_In, Weight_Out, In_Time, Out_Time) VALUES (1428, 'Pack', 7565, 7453, '2025-08-16 05:49:40.236598', '2025-08-16 09:49:40.236598');
INSERT INTO Loading (Truck_Type, Cylinder_Type, Gatepass_No) VALUES ('Pack', '19kg', 1428);
INSERT INTO Unloading (Vehicle_Number, Truck_Type, Cylinder_Type, Capsule1_MT, Capsule2_MT, Capsule3_MT, Gatepass_No) VALUES ('WB43NR2507', 'Pack', '19kg', NULL, NULL, NULL, 1428);
INSERT INTO Filling_Center (Cylinder_Type, Leakage_Test, Cap_Check, Manual_Test, Gatepass_No) VALUES ('5kg', 1, 1, 0, 1428);
INSERT INTO Security_In VALUES (1429, '2025-08-19', 'RJ34QI3464', 'Chandresh Sehgal', '2125830681', 'Pack', 686);
INSERT INTO Security_Out VALUES (1429, '2025-08-19', 'RJ34QI3464', 'Tella, Suresh and Natt', 'Chandresh Sehgal', '2125830681', 'Pack', 686);
INSERT INTO Weighbridge (Gatepass_No, Truck_Type, Weight_In, Weight_Out, In_Time, Out_Time) VALUES (1429, 'Pack', 5460, 5096, '2025-09-05 22:25:32.045382', '2025-09-06 03:25:32.045382');
INSERT INTO Loading (Truck_Type, Cylinder_Type, Gatepass_No) VALUES ('Pack', '14kg', 1429);
INSERT INTO Unloading (Vehicle_Number, Truck_Type, Cylinder_Type, Capsule1_MT, Capsule2_MT, Capsule3_MT, Gatepass_No) VALUES ('RJ34QI3464', 'Pack', '14kg', NULL, NULL, NULL, 1429);
INSERT INTO Filling_Center (Cylinder_Type, Leakage_Test, Cap_Check, Manual_Test, Gatepass_No) VALUES ('19kg', 1, 1, 0, 1429);
INSERT INTO Security_In VALUES (1430, '2025-07-18', 'GJ70EJ2343', 'Ekiya Saran', '9808064929', 'Bullet', 6513);
INSERT INTO Security_Out VALUES (1430, '2025-07-18', 'GJ70EJ2343', 'Issac, Ramaswamy and Ghosh', 'Ekiya Saran', '9808064929', 'Bullet', 6513);
INSERT INTO Weighbridge (Gatepass_No, Truck_Type, Weight_In, Weight_Out, In_Time, Out_Time) VALUES (1430, 'Bullet', 8335, 7921, '2025-07-25 05:06:22.023890', '2025-07-25 10:06:22.023890');
INSERT INTO Unloading (Vehicle_Number, Truck_Type, Cylinder_Type, Capsule1_MT, Capsule2_MT, Capsule3_MT, Gatepass_No) VALUES ('GJ70EJ2343', 'Bullet', NULL, 6.56, 8.33, 9.69, 1430);
INSERT INTO Filling_Center (Cylinder_Type, Leakage_Test, Cap_Check, Manual_Test, Gatepass_No) VALUES ('10kg', 0, 0, 0, 1430);
INSERT INTO Security_In VALUES (1431, '2025-09-09', 'PB31FQ3445', 'Ijaya Gala', '1872994229', 'Pack', 12647);
INSERT INTO Security_Out VALUES (1431, '2025-09-09', 'PB31FQ3445', 'Chacko-Mani', 'Ijaya Gala', '1872994229', 'Pack', 12647);
INSERT INTO Weighbridge (Gatepass_No, Truck_Type, Weight_In, Weight_Out, In_Time, Out_Time) VALUES (1431, 'Pack', 14487, 14267, '2025-09-13 20:23:07.434575', '2025-09-14 00:23:07.434575');
INSERT INTO Loading (Truck_Type, Cylinder_Type, Gatepass_No) VALUES ('Pack', '47kg', 1431);
INSERT INTO Unloading (Vehicle_Number, Truck_Type, Cylinder_Type, Capsule1_MT, Capsule2_MT, Capsule3_MT, Gatepass_No) VALUES ('PB31FQ3445', 'Pack', '47kg', NULL, NULL, NULL, 1431);
INSERT INTO Filling_Center (Cylinder_Type, Leakage_Test, Cap_Check, Manual_Test, Gatepass_No) VALUES ('47kg', 0, 1, 1, 1431);
INSERT INTO Security_In VALUES (1432, '2025-08-30', 'GJ61BZ3568', 'Aarna Garde', '7572780202', 'Bullet', 8819);
INSERT INTO Security_Out VALUES (1432, '2025-08-30', 'GJ61BZ3568', 'Nair, Keer and Subramanian', 'Aarna Garde', '7572780202', 'Bullet', 8819);
INSERT INTO Weighbridge (Gatepass_No, Truck_Type, Weight_In, Weight_Out, In_Time, Out_Time) VALUES (1432, 'Bullet', 11959, 11491, '2025-09-08 13:53:52.917985', '2025-09-08 14:53:52.917985');
INSERT INTO Unloading (Vehicle_Number, Truck_Type, Cylinder_Type, Capsule1_MT, Capsule2_MT, Capsule3_MT, Gatepass_No) VALUES ('GJ61BZ3568', 'Bullet', NULL, 7.43, 5.14, 7.66, 1432);
INSERT INTO Filling_Center (Cylinder_Type, Leakage_Test, Cap_Check, Manual_Test, Gatepass_No) VALUES ('47kg', 1, 0, 0, 1432);
INSERT INTO Security_In VALUES (1433, '2025-08-19', 'GJ58GX8797', 'Kalpit Kala', '9860802368', 'Bullet', 1147);
INSERT INTO Security_Out VALUES (1433, '2025-08-19', 'GJ58GX8797', 'Dyal LLC', 'Kalpit Kala', '9860802368', 'Bullet', 1147);
INSERT INTO Weighbridge (Gatepass_No, Truck_Type, Weight_In, Weight_Out, In_Time, Out_Time) VALUES (1433, 'Bullet', 5504, 5010, '2025-08-09 19:12:09.939270', '2025-08-09 23:12:09.939270');
INSERT INTO Unloading (Vehicle_Number, Truck_Type, Cylinder_Type, Capsule1_MT, Capsule2_MT, Capsule3_MT, Gatepass_No) VALUES ('GJ58GX8797', 'Bullet', NULL, 6.22, 5.3, 8.93, 1433);
INSERT INTO Filling_Center (Cylinder_Type, Leakage_Test, Cap_Check, Manual_Test, Gatepass_No) VALUES ('14.5kg', 0, 0, 1, 1433);
INSERT INTO Security_In VALUES (1434, '2025-09-10', 'UP26KE2977', 'Mitesh Walia', '6524649738', 'Pack', 16763);
INSERT INTO Security_Out VALUES (1434, '2025-09-10', 'UP26KE2977', 'Kaul-Kadakia', 'Mitesh Walia', '6524649738', 'Pack', 16763);
INSERT INTO Weighbridge (Gatepass_No, Truck_Type, Weight_In, Weight_Out, In_Time, Out_Time) VALUES (1434, 'Pack', 20791, 20664, '2025-08-25 10:39:36.111559', '2025-08-25 13:39:36.111559');
INSERT INTO Loading (Truck_Type, Cylinder_Type, Gatepass_No) VALUES ('Pack', '14kg', 1434);
INSERT INTO Unloading (Vehicle_Number, Truck_Type, Cylinder_Type, Capsule1_MT, Capsule2_MT, Capsule3_MT, Gatepass_No) VALUES ('UP26KE2977', 'Pack', '14kg', NULL, NULL, NULL, 1434);
INSERT INTO Filling_Center (Cylinder_Type, Leakage_Test, Cap_Check, Manual_Test, Gatepass_No) VALUES ('5kg', 1, 1, 0, 1434);
INSERT INTO Security_In VALUES (1435, '2025-08-28', 'DL82EE7980', 'Kamala Dixit', '2433774419', 'Bullet', 10525);
INSERT INTO Security_Out VALUES (1435, '2025-08-28', 'DL82EE7980', 'Rama PLC', 'Kamala Dixit', '2433774419', 'Bullet', 10525);
INSERT INTO Weighbridge (Gatepass_No, Truck_Type, Weight_In, Weight_Out, In_Time, Out_Time) VALUES (1435, 'Bullet', 12497, 12203, '2025-08-19 09:08:18.599444', '2025-08-19 13:08:18.599444');
INSERT INTO Unloading (Vehicle_Number, Truck_Type, Cylinder_Type, Capsule1_MT, Capsule2_MT, Capsule3_MT, Gatepass_No) VALUES ('DL82EE7980', 'Bullet', NULL, 8.44, 9.81, 5.09, 1435);
INSERT INTO Filling_Center (Cylinder_Type, Leakage_Test, Cap_Check, Manual_Test, Gatepass_No) VALUES ('5kg', 1, 0, 1, 1435);
INSERT INTO Security_In VALUES (1436, '2025-07-24', 'KA80QS6839', 'Bhavna Bir', '3730147975', 'Bullet', 13225);
INSERT INTO Security_Out VALUES (1436, '2025-07-24', 'KA80QS6839', 'Raja, Tandon and Tiwari', 'Bhavna Bir', '3730147975', 'Bullet', 13225);
INSERT INTO Weighbridge (Gatepass_No, Truck_Type, Weight_In, Weight_Out, In_Time, Out_Time) VALUES (1436, 'Bullet', 18040, 17609, '2025-08-30 16:20:19.451659', '2025-08-30 20:20:19.451659');
INSERT INTO Unloading (Vehicle_Number, Truck_Type, Cylinder_Type, Capsule1_MT, Capsule2_MT, Capsule3_MT, Gatepass_No) VALUES ('KA80QS6839', 'Bullet', NULL, 7.17, 7.26, 6.12, 1436);
INSERT INTO Filling_Center (Cylinder_Type, Leakage_Test, Cap_Check, Manual_Test, Gatepass_No) VALUES ('19kg', 1, 0, 1, 1436);
INSERT INTO Security_In VALUES (1437, '2025-08-01', 'WB70FI9346', 'Unnati Shah', '2517983242', 'Bullet', 18741);
INSERT INTO Security_Out VALUES (1437, '2025-08-01', 'WB70FI9346', 'Dyal, Nazareth and Ray', 'Unnati Shah', '2517983242', 'Bullet', 18741);
INSERT INTO Weighbridge (Gatepass_No, Truck_Type, Weight_In, Weight_Out, In_Time, Out_Time) VALUES (1437, 'Bullet', 20668, 20247, '2025-08-05 18:20:26.803385', '2025-08-05 20:20:26.803385');
INSERT INTO Unloading (Vehicle_Number, Truck_Type, Cylinder_Type, Capsule1_MT, Capsule2_MT, Capsule3_MT, Gatepass_No) VALUES ('WB70FI9346', 'Bullet', NULL, 7.09, 9.43, 5.49, 1437);
INSERT INTO Filling_Center (Cylinder_Type, Leakage_Test, Cap_Check, Manual_Test, Gatepass_No) VALUES ('5kg', 0, 0, 1, 1437);
INSERT INTO Security_In VALUES (1438, '2025-09-12', 'UP77KG4320', 'Jatin Majumdar', '9993650030', 'Bullet', 6280);
INSERT INTO Security_Out VALUES (1438, '2025-09-12', 'UP77KG4320', 'Sur-Gokhale', 'Jatin Majumdar', '9993650030', 'Bullet', 6280);
INSERT INTO Weighbridge (Gatepass_No, Truck_Type, Weight_In, Weight_Out, In_Time, Out_Time) VALUES (1438, 'Bullet', 9122, 8824, '2025-08-04 18:30:20.360315', '2025-08-04 21:30:20.360315');
INSERT INTO Unloading (Vehicle_Number, Truck_Type, Cylinder_Type, Capsule1_MT, Capsule2_MT, Capsule3_MT, Gatepass_No) VALUES ('UP77KG4320', 'Bullet', NULL, 9.44, 9.28, 6.68, 1438);
INSERT INTO Filling_Center (Cylinder_Type, Leakage_Test, Cap_Check, Manual_Test, Gatepass_No) VALUES ('47kg', 0, 0, 0, 1438);
INSERT INTO Security_In VALUES (1439, '2025-09-02', 'DL59KJ4523', 'Lopa Tata', '1650056104', 'Bullet', 19177);
INSERT INTO Security_Out VALUES (1439, '2025-09-02', 'DL59KJ4523', 'Mani, Aurora and Dayal', 'Lopa Tata', '1650056104', 'Bullet', 19177);
INSERT INTO Weighbridge (Gatepass_No, Truck_Type, Weight_In, Weight_Out, In_Time, Out_Time) VALUES (1439, 'Bullet', 22009, 21693, '2025-09-15 03:04:15.807467', '2025-09-15 08:04:15.807467');
INSERT INTO Unloading (Vehicle_Number, Truck_Type, Cylinder_Type, Capsule1_MT, Capsule2_MT, Capsule3_MT, Gatepass_No) VALUES ('DL59KJ4523', 'Bullet', NULL, 8.65, 8.14, 9.98, 1439);
INSERT INTO Filling_Center (Cylinder_Type, Leakage_Test, Cap_Check, Manual_Test, Gatepass_No) VALUES ('5kg', 1, 1, 1, 1439);
INSERT INTO Security_In VALUES (1440, '2025-09-11', 'KA50OT3853', 'Aarini Chopra', '9729189292', 'Bullet', 16669);
INSERT INTO Security_Out VALUES (1440, '2025-09-11', 'KA50OT3853', 'Sahni-Apte', 'Aarini Chopra', '9729189292', 'Bullet', 16669);
INSERT INTO Weighbridge (Gatepass_No, Truck_Type, Weight_In, Weight_Out, In_Time, Out_Time) VALUES (1440, 'Bullet', 18128, 18004, '2025-08-28 09:01:07.269525', '2025-08-28 12:01:07.269525');
INSERT INTO Unloading (Vehicle_Number, Truck_Type, Cylinder_Type, Capsule1_MT, Capsule2_MT, Capsule3_MT, Gatepass_No) VALUES ('KA50OT3853', 'Bullet', NULL, 5.45, 6.81, 9.14, 1440);
INSERT INTO Filling_Center (Cylinder_Type, Leakage_Test, Cap_Check, Manual_Test, Gatepass_No) VALUES ('10kg', 0, 0, 0, 1440);
INSERT INTO Security_In VALUES (1441, '2025-08-28', 'KA99XE9678', 'Jonathan Morar', '8950082417', 'Pack', 14530);
INSERT INTO Security_Out VALUES (1441, '2025-08-28', 'KA99XE9678', 'Hegde, Kar and Lalla', 'Jonathan Morar', '8950082417', 'Pack', 14530);
INSERT INTO Weighbridge (Gatepass_No, Truck_Type, Weight_In, Weight_Out, In_Time, Out_Time) VALUES (1441, 'Pack', 18901, 18460, '2025-08-31 04:23:03.243511', '2025-08-31 05:23:03.243511');
INSERT INTO Loading (Truck_Type, Cylinder_Type, Gatepass_No) VALUES ('Pack', '14kg', 1441);
INSERT INTO Unloading (Vehicle_Number, Truck_Type, Cylinder_Type, Capsule1_MT, Capsule2_MT, Capsule3_MT, Gatepass_No) VALUES ('KA99XE9678', 'Pack', '14kg', NULL, NULL, NULL, 1441);
INSERT INTO Filling_Center (Cylinder_Type, Leakage_Test, Cap_Check, Manual_Test, Gatepass_No) VALUES ('5kg', 0, 1, 0, 1441);
INSERT INTO Security_In VALUES (1442, '2025-08-22', 'KA47EQ2092', 'Girik Srivastava', '6980018544', 'Bullet', 4021);
INSERT INTO Security_Out VALUES (1442, '2025-08-22', 'KA47EQ2092', 'Yogi, Walia and Reddy', 'Girik Srivastava', '6980018544', 'Bullet', 4021);
INSERT INTO Weighbridge (Gatepass_No, Truck_Type, Weight_In, Weight_Out, In_Time, Out_Time) VALUES (1442, 'Bullet', 6182, 5709, '2025-07-24 21:51:21.071841', '2025-07-24 22:51:21.071841');
INSERT INTO Unloading (Vehicle_Number, Truck_Type, Cylinder_Type, Capsule1_MT, Capsule2_MT, Capsule3_MT, Gatepass_No) VALUES ('KA47EQ2092', 'Bullet', NULL, 7.16, 5.04, 7.23, 1442);
INSERT INTO Filling_Center (Cylinder_Type, Leakage_Test, Cap_Check, Manual_Test, Gatepass_No) VALUES ('47kg', 1, 1, 0, 1442);
INSERT INTO Security_In VALUES (1443, '2025-08-12', 'DL53KK2612', 'Rishi Merchant', '1406262206', 'Pack', 14275);
INSERT INTO Security_Out VALUES (1443, '2025-08-12', 'DL53KK2612', 'Goyal, Gopal and Dhawan', 'Rishi Merchant', '1406262206', 'Pack', 14275);
INSERT INTO Weighbridge (Gatepass_No, Truck_Type, Weight_In, Weight_Out, In_Time, Out_Time) VALUES (1443, 'Pack', 18434, 17990, '2025-07-24 23:44:58.952072', '2025-07-25 00:44:58.952072');
INSERT INTO Loading (Truck_Type, Cylinder_Type, Gatepass_No) VALUES ('Pack', '19kg', 1443);
INSERT INTO Unloading (Vehicle_Number, Truck_Type, Cylinder_Type, Capsule1_MT, Capsule2_MT, Capsule3_MT, Gatepass_No) VALUES ('DL53KK2612', 'Pack', '19kg', NULL, NULL, NULL, 1443);
INSERT INTO Filling_Center (Cylinder_Type, Leakage_Test, Cap_Check, Manual_Test, Gatepass_No) VALUES ('5kg', 1, 1, 0, 1443);
INSERT INTO Security_In VALUES (1444, '2025-08-01', 'UP87PA2140', 'Aarnav Kalla', '4678092408', 'Bullet', 3604);
INSERT INTO Security_Out VALUES (1444, '2025-08-01', 'UP87PA2140', 'Muni, Jaggi and Gulati', 'Aarnav Kalla', '4678092408', 'Bullet', 3604);
INSERT INTO Weighbridge (Gatepass_No, Truck_Type, Weight_In, Weight_Out, In_Time, Out_Time) VALUES (1444, 'Bullet', 5391, 5266, '2025-09-01 05:58:22.553499', '2025-09-01 09:58:22.553499');
INSERT INTO Unloading (Vehicle_Number, Truck_Type, Cylinder_Type, Capsule1_MT, Capsule2_MT, Capsule3_MT, Gatepass_No) VALUES ('UP87PA2140', 'Bullet', NULL, 5.75, 8.95, 5.11, 1444);
INSERT INTO Filling_Center (Cylinder_Type, Leakage_Test, Cap_Check, Manual_Test, Gatepass_No) VALUES ('5kg', 1, 1, 0, 1444);
INSERT INTO Security_In VALUES (1445, '2025-08-11', 'WB40KQ7020', 'Jagat Dey', '1276527363', 'Pack', 19448);
INSERT INTO Security_Out VALUES (1445, '2025-08-11', 'WB40KQ7020', 'Sanghvi-Nagarajan', 'Jagat Dey', '1276527363', 'Pack', 19448);
INSERT INTO Weighbridge (Gatepass_No, Truck_Type, Weight_In, Weight_Out, In_Time, Out_Time) VALUES (1445, 'Pack', 22401, 22224, '2025-08-06 11:11:25.004897', '2025-08-06 12:11:25.004897');
INSERT INTO Loading (Truck_Type, Cylinder_Type, Gatepass_No) VALUES ('Pack', '14kg', 1445);
INSERT INTO Unloading (Vehicle_Number, Truck_Type, Cylinder_Type, Capsule1_MT, Capsule2_MT, Capsule3_MT, Gatepass_No) VALUES ('WB40KQ7020', 'Pack', '14kg', NULL, NULL, NULL, 1445);
INSERT INTO Filling_Center (Cylinder_Type, Leakage_Test, Cap_Check, Manual_Test, Gatepass_No) VALUES ('14.5kg', 1, 0, 1, 1445);
INSERT INTO Security_In VALUES (1446, '2025-07-30', 'KA91MK6963', 'Aahana Ramakrishnan', '5875106853', 'Pack', 2830);
INSERT INTO Security_Out VALUES (1446, '2025-07-30', 'KA91MK6963', 'Mahajan Inc', 'Aahana Ramakrishnan', '5875106853', 'Pack', 2830);
INSERT INTO Weighbridge (Gatepass_No, Truck_Type, Weight_In, Weight_Out, In_Time, Out_Time) VALUES (1446, 'Pack', 6606, 6471, '2025-08-22 19:59:52.879370', '2025-08-23 00:59:52.879370');
INSERT INTO Loading (Truck_Type, Cylinder_Type, Gatepass_No) VALUES ('Pack', '14kg', 1446);
INSERT INTO Unloading (Vehicle_Number, Truck_Type, Cylinder_Type, Capsule1_MT, Capsule2_MT, Capsule3_MT, Gatepass_No) VALUES ('KA91MK6963', 'Pack', '14kg', NULL, NULL, NULL, 1446);
INSERT INTO Filling_Center (Cylinder_Type, Leakage_Test, Cap_Check, Manual_Test, Gatepass_No) VALUES ('10kg', 1, 0, 0, 1446);
INSERT INTO Security_In VALUES (1447, '2025-08-20', 'HR81IY5554', 'Bakhshi Setty', '6322295342', 'Bullet', 19793);
INSERT INTO Security_Out VALUES (1447, '2025-08-20', 'HR81IY5554', 'Narain and Sons', 'Bakhshi Setty', '6322295342', 'Bullet', 19793);
INSERT INTO Weighbridge (Gatepass_No, Truck_Type, Weight_In, Weight_Out, In_Time, Out_Time) VALUES (1447, 'Bullet', 20842, 20721, '2025-07-21 06:07:44.611331', '2025-07-21 09:07:44.611331');
INSERT INTO Unloading (Vehicle_Number, Truck_Type, Cylinder_Type, Capsule1_MT, Capsule2_MT, Capsule3_MT, Gatepass_No) VALUES ('HR81IY5554', 'Bullet', NULL, 6.38, 7.76, 6.61, 1447);
INSERT INTO Filling_Center (Cylinder_Type, Leakage_Test, Cap_Check, Manual_Test, Gatepass_No) VALUES ('10kg', 1, 1, 0, 1447);
INSERT INTO Security_In VALUES (1448, '2025-08-24', 'PB77YO3644', 'Arjun Sami', '1315562006', 'Bullet', 3434);
INSERT INTO Security_Out VALUES (1448, '2025-08-24', 'PB77YO3644', 'Handa Group', 'Arjun Sami', '1315562006', 'Bullet', 3434);
INSERT INTO Weighbridge (Gatepass_No, Truck_Type, Weight_In, Weight_Out, In_Time, Out_Time) VALUES (1448, 'Bullet', 7865, 7614, '2025-07-19 03:02:59.139624', '2025-07-19 07:02:59.139624');
INSERT INTO Unloading (Vehicle_Number, Truck_Type, Cylinder_Type, Capsule1_MT, Capsule2_MT, Capsule3_MT, Gatepass_No) VALUES ('PB77YO3644', 'Bullet', NULL, 7.51, 7.45, 7.43, 1448);
INSERT INTO Filling_Center (Cylinder_Type, Leakage_Test, Cap_Check, Manual_Test, Gatepass_No) VALUES ('5kg', 1, 1, 0, 1448);
INSERT INTO Security_In VALUES (1449, '2025-09-04', 'KA43CP9282', 'Arya Sastry', '2684476470', 'Pack', 4536);
INSERT INTO Security_Out VALUES (1449, '2025-09-04', 'KA43CP9282', 'Tak Group', 'Arya Sastry', '2684476470', 'Pack', 4536);
INSERT INTO Weighbridge (Gatepass_No, Truck_Type, Weight_In, Weight_Out, In_Time, Out_Time) VALUES (1449, 'Pack', 6957, 6610, '2025-07-18 10:05:12.902149', '2025-07-18 11:05:12.902149');
INSERT INTO Loading (Truck_Type, Cylinder_Type, Gatepass_No) VALUES ('Pack', '14kg', 1449);
INSERT INTO Unloading (Vehicle_Number, Truck_Type, Cylinder_Type, Capsule1_MT, Capsule2_MT, Capsule3_MT, Gatepass_No) VALUES ('KA43CP9282', 'Pack', '14kg', NULL, NULL, NULL, 1449);
INSERT INTO Filling_Center (Cylinder_Type, Leakage_Test, Cap_Check, Manual_Test, Gatepass_No) VALUES ('19kg', 1, 0, 0, 1449);
INSERT INTO Security_In VALUES (1450, '2025-08-24', 'DL67DK9696', 'Amruta Amble', '3837989335', 'Bullet', 16536);
INSERT INTO Security_Out VALUES (1450, '2025-08-24', 'DL67DK9696', 'Reddy-Deo', 'Amruta Amble', '3837989335', 'Bullet', 16536);
INSERT INTO Weighbridge (Gatepass_No, Truck_Type, Weight_In, Weight_Out, In_Time, Out_Time) VALUES (1450, 'Bullet', 18383, 18239, '2025-08-18 08:09:28.768895', '2025-08-18 11:09:28.768895');
INSERT INTO Unloading (Vehicle_Number, Truck_Type, Cylinder_Type, Capsule1_MT, Capsule2_MT, Capsule3_MT, Gatepass_No) VALUES ('DL67DK9696', 'Bullet', NULL, 7.06, 9.98, 6.47, 1450);
INSERT INTO Filling_Center (Cylinder_Type, Leakage_Test, Cap_Check, Manual_Test, Gatepass_No) VALUES ('5kg', 0, 0, 0, 1450);
INSERT INTO Security_In VALUES (1451, '2025-08-31', 'UP55BL1522', 'George Taneja', '6370130587', 'Pack', 9476);
INSERT INTO Security_Out VALUES (1451, '2025-08-31', 'UP55BL1522', 'Hegde, Muni and Amble', 'George Taneja', '6370130587', 'Pack', 9476);
INSERT INTO Weighbridge (Gatepass_No, Truck_Type, Weight_In, Weight_Out, In_Time, Out_Time) VALUES (1451, 'Pack', 11932, 11513, '2025-09-04 12:46:02.557047', '2025-09-04 16:46:02.557047');
INSERT INTO Loading (Truck_Type, Cylinder_Type, Gatepass_No) VALUES ('Pack', '47kg', 1451);
INSERT INTO Unloading (Vehicle_Number, Truck_Type, Cylinder_Type, Capsule1_MT, Capsule2_MT, Capsule3_MT, Gatepass_No) VALUES ('UP55BL1522', 'Pack', '47kg', NULL, NULL, NULL, 1451);
INSERT INTO Filling_Center (Cylinder_Type, Leakage_Test, Cap_Check, Manual_Test, Gatepass_No) VALUES ('14.5kg', 0, 0, 0, 1451);
INSERT INTO Security_In VALUES (1452, '2025-08-27', 'WB42UT3217', 'Frederick Gera', '3961225706', 'Bullet', 17250);
INSERT INTO Security_Out VALUES (1452, '2025-08-27', 'WB42UT3217', 'Shetty, Manda and Chokshi', 'Frederick Gera', '3961225706', 'Bullet', 17250);
INSERT INTO Weighbridge (Gatepass_No, Truck_Type, Weight_In, Weight_Out, In_Time, Out_Time) VALUES (1452, 'Bullet', 18617, 18348, '2025-08-05 20:07:54.239398', '2025-08-05 21:07:54.239398');
INSERT INTO Unloading (Vehicle_Number, Truck_Type, Cylinder_Type, Capsule1_MT, Capsule2_MT, Capsule3_MT, Gatepass_No) VALUES ('WB42UT3217', 'Bullet', NULL, 6.26, 8.73, 5.06, 1452);
INSERT INTO Filling_Center (Cylinder_Type, Leakage_Test, Cap_Check, Manual_Test, Gatepass_No) VALUES ('10kg', 1, 1, 1, 1452);
INSERT INTO Security_In VALUES (1453, '2025-07-22', 'MH26EQ9881', 'Hritik Narang', '6575731250', 'Pack', 11869);
INSERT INTO Security_Out VALUES (1453, '2025-07-22', 'MH26EQ9881', 'Viswanathan, Kata and Gill', 'Hritik Narang', '6575731250', 'Pack', 11869);
INSERT INTO Weighbridge (Gatepass_No, Truck_Type, Weight_In, Weight_Out, In_Time, Out_Time) VALUES (1453, 'Pack', 15482, 15229, '2025-08-16 11:23:26.325039', '2025-08-16 13:23:26.325039');
INSERT INTO Loading (Truck_Type, Cylinder_Type, Gatepass_No) VALUES ('Pack', '19kg', 1453);
INSERT INTO Unloading (Vehicle_Number, Truck_Type, Cylinder_Type, Capsule1_MT, Capsule2_MT, Capsule3_MT, Gatepass_No) VALUES ('MH26EQ9881', 'Pack', '19kg', NULL, NULL, NULL, 1453);
INSERT INTO Filling_Center (Cylinder_Type, Leakage_Test, Cap_Check, Manual_Test, Gatepass_No) VALUES ('47kg', 1, 1, 1, 1453);
INSERT INTO Security_In VALUES (1454, '2025-08-26', 'PB28ZF8374', 'Rudra Narayan', '9963382301', 'Pack', 6158);
INSERT INTO Security_Out VALUES (1454, '2025-08-26', 'PB28ZF8374', 'Sarkar and Sons', 'Rudra Narayan', '9963382301', 'Pack', 6158);
INSERT INTO Weighbridge (Gatepass_No, Truck_Type, Weight_In, Weight_Out, In_Time, Out_Time) VALUES (1454, 'Pack', 7945, 7628, '2025-09-09 13:22:54.290584', '2025-09-09 16:22:54.290584');
INSERT INTO Loading (Truck_Type, Cylinder_Type, Gatepass_No) VALUES ('Pack', '19kg', 1454);
INSERT INTO Unloading (Vehicle_Number, Truck_Type, Cylinder_Type, Capsule1_MT, Capsule2_MT, Capsule3_MT, Gatepass_No) VALUES ('PB28ZF8374', 'Pack', '19kg', NULL, NULL, NULL, 1454);
INSERT INTO Filling_Center (Cylinder_Type, Leakage_Test, Cap_Check, Manual_Test, Gatepass_No) VALUES ('14.5kg', 0, 0, 1, 1454);
INSERT INTO Security_In VALUES (1455, '2025-08-24', 'WB87GB7173', 'Oscar Mand', '9039916055', 'Pack', 5178);
INSERT INTO Security_Out VALUES (1455, '2025-08-24', 'WB87GB7173', 'Bora Group', 'Oscar Mand', '9039916055', 'Pack', 5178);
INSERT INTO Weighbridge (Gatepass_No, Truck_Type, Weight_In, Weight_Out, In_Time, Out_Time) VALUES (1455, 'Pack', 6279, 6083, '2025-08-20 12:23:48.496905', '2025-08-20 14:23:48.496905');
INSERT INTO Loading (Truck_Type, Cylinder_Type, Gatepass_No) VALUES ('Pack', '19kg', 1455);
INSERT INTO Unloading (Vehicle_Number, Truck_Type, Cylinder_Type, Capsule1_MT, Capsule2_MT, Capsule3_MT, Gatepass_No) VALUES ('WB87GB7173', 'Pack', '19kg', NULL, NULL, NULL, 1455);
INSERT INTO Filling_Center (Cylinder_Type, Leakage_Test, Cap_Check, Manual_Test, Gatepass_No) VALUES ('10kg', 0, 0, 1, 1455);
INSERT INTO Security_In VALUES (1456, '2025-08-13', 'PB20VF6779', 'Turvi Savant', '7983001420', 'Pack', 8772);
INSERT INTO Security_Out VALUES (1456, '2025-08-13', 'PB20VF6779', 'Gandhi, Kala and Mani', 'Turvi Savant', '7983001420', 'Pack', 8772);
INSERT INTO Weighbridge (Gatepass_No, Truck_Type, Weight_In, Weight_Out, In_Time, Out_Time) VALUES (1456, 'Pack', 13514, 13051, '2025-07-21 22:00:53.575404', '2025-07-21 23:00:53.575404');
INSERT INTO Loading (Truck_Type, Cylinder_Type, Gatepass_No) VALUES ('Pack', '19kg', 1456);
INSERT INTO Unloading (Vehicle_Number, Truck_Type, Cylinder_Type, Capsule1_MT, Capsule2_MT, Capsule3_MT, Gatepass_No) VALUES ('PB20VF6779', 'Pack', '19kg', NULL, NULL, NULL, 1456);
INSERT INTO Filling_Center (Cylinder_Type, Leakage_Test, Cap_Check, Manual_Test, Gatepass_No) VALUES ('10kg', 1, 0, 1, 1456);
INSERT INTO Security_In VALUES (1457, '2025-09-06', 'KA90ZC1728', 'Vasana Puri', '6932097122', 'Bullet', 5680);
INSERT INTO Security_Out VALUES (1457, '2025-09-06', 'KA90ZC1728', 'Dewan Group', 'Vasana Puri', '6932097122', 'Bullet', 5680);
INSERT INTO Weighbridge (Gatepass_No, Truck_Type, Weight_In, Weight_Out, In_Time, Out_Time) VALUES (1457, 'Bullet', 7008, 6670, '2025-09-02 19:51:03.119874', '2025-09-02 23:51:03.119874');
INSERT INTO Unloading (Vehicle_Number, Truck_Type, Cylinder_Type, Capsule1_MT, Capsule2_MT, Capsule3_MT, Gatepass_No) VALUES ('KA90ZC1728', 'Bullet', NULL, 8.6, 8.17, 7.36, 1457);
INSERT INTO Filling_Center (Cylinder_Type, Leakage_Test, Cap_Check, Manual_Test, Gatepass_No) VALUES ('5kg', 0, 0, 1, 1457);
INSERT INTO Security_In VALUES (1458, '2025-07-25', 'DL38CV3519', 'Wyatt Karnik', '2530448786', 'Bullet', 14862);
INSERT INTO Security_Out VALUES (1458, '2025-07-25', 'DL38CV3519', 'Pradhan Group', 'Wyatt Karnik', '2530448786', 'Bullet', 14862);
INSERT INTO Weighbridge (Gatepass_No, Truck_Type, Weight_In, Weight_Out, In_Time, Out_Time) VALUES (1458, 'Bullet', 15910, 15590, '2025-08-06 00:22:15.702307', '2025-08-06 01:22:15.702307');
INSERT INTO Unloading (Vehicle_Number, Truck_Type, Cylinder_Type, Capsule1_MT, Capsule2_MT, Capsule3_MT, Gatepass_No) VALUES ('DL38CV3519', 'Bullet', NULL, 6.16, 9.68, 9.13, 1458);
INSERT INTO Filling_Center (Cylinder_Type, Leakage_Test, Cap_Check, Manual_Test, Gatepass_No) VALUES ('19kg', 1, 1, 1, 1458);
INSERT INTO Security_In VALUES (1459, '2025-08-20', 'PB29OW9178', 'Faqid Chauhan', '8478353377', 'Pack', 2991);
INSERT INTO Security_Out VALUES (1459, '2025-08-20', 'PB29OW9178', 'Karnik, Aggarwal and Dugar', 'Faqid Chauhan', '8478353377', 'Pack', 2991);
INSERT INTO Weighbridge (Gatepass_No, Truck_Type, Weight_In, Weight_Out, In_Time, Out_Time) VALUES (1459, 'Pack', 5839, 5579, '2025-08-13 22:42:46.847793', '2025-08-14 03:42:46.847793');
INSERT INTO Loading (Truck_Type, Cylinder_Type, Gatepass_No) VALUES ('Pack', '19kg', 1459);
INSERT INTO Unloading (Vehicle_Number, Truck_Type, Cylinder_Type, Capsule1_MT, Capsule2_MT, Capsule3_MT, Gatepass_No) VALUES ('PB29OW9178', 'Pack', '19kg', NULL, NULL, NULL, 1459);
INSERT INTO Filling_Center (Cylinder_Type, Leakage_Test, Cap_Check, Manual_Test, Gatepass_No) VALUES ('47kg', 1, 0, 0, 1459);
INSERT INTO Security_In VALUES (1460, '2025-09-01', 'TN25TK2058', 'Udant Jayaraman', '8086019927', 'Bullet', 14479);
INSERT INTO Security_Out VALUES (1460, '2025-09-01', 'TN25TK2058', 'Mahal-Edwin', 'Udant Jayaraman', '8086019927', 'Bullet', 14479);
INSERT INTO Weighbridge (Gatepass_No, Truck_Type, Weight_In, Weight_Out, In_Time, Out_Time) VALUES (1460, 'Bullet', 18517, 18190, '2025-07-19 19:55:08.378410', '2025-07-19 20:55:08.378410');
INSERT INTO Unloading (Vehicle_Number, Truck_Type, Cylinder_Type, Capsule1_MT, Capsule2_MT, Capsule3_MT, Gatepass_No) VALUES ('TN25TK2058', 'Bullet', NULL, 5.43, 5.59, 7.08, 1460);
INSERT INTO Filling_Center (Cylinder_Type, Leakage_Test, Cap_Check, Manual_Test, Gatepass_No) VALUES ('10kg', 0, 0, 1, 1460);
INSERT INTO Security_In VALUES (1461, '2025-08-28', 'WB98WK6447', 'Dakshesh Bahl', '8581624727', 'Bullet', 3372);
INSERT INTO Security_Out VALUES (1461, '2025-08-28', 'WB98WK6447', 'Jhaveri PLC', 'Dakshesh Bahl', '8581624727', 'Bullet', 3372);
INSERT INTO Weighbridge (Gatepass_No, Truck_Type, Weight_In, Weight_Out, In_Time, Out_Time) VALUES (1461, 'Bullet', 6435, 6227, '2025-09-09 02:55:36.128391', '2025-09-09 03:55:36.128391');
INSERT INTO Unloading (Vehicle_Number, Truck_Type, Cylinder_Type, Capsule1_MT, Capsule2_MT, Capsule3_MT, Gatepass_No) VALUES ('WB98WK6447', 'Bullet', NULL, 5.16, 6.74, 7.46, 1461);
INSERT INTO Filling_Center (Cylinder_Type, Leakage_Test, Cap_Check, Manual_Test, Gatepass_No) VALUES ('14.5kg', 0, 0, 0, 1461);
INSERT INTO Security_In VALUES (1462, '2025-09-06', 'RJ50AM3787', 'Anthony Walia', '8726940801', 'Pack', 3551);
INSERT INTO Security_Out VALUES (1462, '2025-09-06', 'RJ50AM3787', 'Narula, Muni and Deshmukh', 'Anthony Walia', '8726940801', 'Pack', 3551);
INSERT INTO Weighbridge (Gatepass_No, Truck_Type, Weight_In, Weight_Out, In_Time, Out_Time) VALUES (1462, 'Pack', 6206, 5876, '2025-07-22 14:42:16.736280', '2025-07-22 18:42:16.736280');
INSERT INTO Loading (Truck_Type, Cylinder_Type, Gatepass_No) VALUES ('Pack', '19kg', 1462);
INSERT INTO Unloading (Vehicle_Number, Truck_Type, Cylinder_Type, Capsule1_MT, Capsule2_MT, Capsule3_MT, Gatepass_No) VALUES ('RJ50AM3787', 'Pack', '19kg', NULL, NULL, NULL, 1462);
INSERT INTO Filling_Center (Cylinder_Type, Leakage_Test, Cap_Check, Manual_Test, Gatepass_No) VALUES ('19kg', 1, 1, 1, 1462);
INSERT INTO Security_In VALUES (1463, '2025-09-08', 'GJ29PX4557', 'Luke Barman', '0610564261', 'Bullet', 6605);
INSERT INTO Security_Out VALUES (1463, '2025-09-08', 'GJ29PX4557', 'Krish, Babu and Dutta', 'Luke Barman', '0610564261', 'Bullet', 6605);
INSERT INTO Weighbridge (Gatepass_No, Truck_Type, Weight_In, Weight_Out, In_Time, Out_Time) VALUES (1463, 'Bullet', 9114, 9010, '2025-08-06 19:35:44.240787', '2025-08-07 00:35:44.240787');
INSERT INTO Unloading (Vehicle_Number, Truck_Type, Cylinder_Type, Capsule1_MT, Capsule2_MT, Capsule3_MT, Gatepass_No) VALUES ('GJ29PX4557', 'Bullet', NULL, 9.84, 8.5, 5.15, 1463);
INSERT INTO Filling_Center (Cylinder_Type, Leakage_Test, Cap_Check, Manual_Test, Gatepass_No) VALUES ('47kg', 1, 1, 0, 1463);
INSERT INTO Security_In VALUES (1464, '2025-07-24', 'PB76WC8830', 'Tripti Kurian', '2078805929', 'Pack', 11914);
INSERT INTO Security_Out VALUES (1464, '2025-07-24', 'PB76WC8830', 'Shan-Thakur', 'Tripti Kurian', '2078805929', 'Pack', 11914);
INSERT INTO Weighbridge (Gatepass_No, Truck_Type, Weight_In, Weight_Out, In_Time, Out_Time) VALUES (1464, 'Pack', 14723, 14283, '2025-09-08 04:27:19.411169', '2025-09-08 05:27:19.411169');
INSERT INTO Loading (Truck_Type, Cylinder_Type, Gatepass_No) VALUES ('Pack', '47kg', 1464);
INSERT INTO Unloading (Vehicle_Number, Truck_Type, Cylinder_Type, Capsule1_MT, Capsule2_MT, Capsule3_MT, Gatepass_No) VALUES ('PB76WC8830', 'Pack', '47kg', NULL, NULL, NULL, 1464);
INSERT INTO Filling_Center (Cylinder_Type, Leakage_Test, Cap_Check, Manual_Test, Gatepass_No) VALUES ('19kg', 1, 0, 0, 1464);
INSERT INTO Security_In VALUES (1465, '2025-09-12', 'TN37HE1577', 'Ronith Nazareth', '3867034821', 'Bullet', 13480);
INSERT INTO Security_Out VALUES (1465, '2025-09-12', 'TN37HE1577', 'Padmanabhan and Sons', 'Ronith Nazareth', '3867034821', 'Bullet', 13480);
INSERT INTO Weighbridge (Gatepass_No, Truck_Type, Weight_In, Weight_Out, In_Time, Out_Time) VALUES (1465, 'Bullet', 16876, 16582, '2025-07-23 10:03:57.658233', '2025-07-23 13:03:57.658233');
INSERT INTO Unloading (Vehicle_Number, Truck_Type, Cylinder_Type, Capsule1_MT, Capsule2_MT, Capsule3_MT, Gatepass_No) VALUES ('TN37HE1577', 'Bullet', NULL, 5.27, 7.58, 9.61, 1465);
INSERT INTO Filling_Center (Cylinder_Type, Leakage_Test, Cap_Check, Manual_Test, Gatepass_No) VALUES ('47kg', 1, 1, 0, 1465);
INSERT INTO Security_In VALUES (1466, '2025-07-22', 'PB61VL9874', 'Vidhi Sahota', '1387505978', 'Pack', 15531);
INSERT INTO Security_Out VALUES (1466, '2025-07-22', 'PB61VL9874', 'Char PLC', 'Vidhi Sahota', '1387505978', 'Pack', 15531);
INSERT INTO Weighbridge (Gatepass_No, Truck_Type, Weight_In, Weight_Out, In_Time, Out_Time) VALUES (1466, 'Pack', 17318, 17073, '2025-09-04 18:14:33.479638', '2025-09-04 21:14:33.479638');
INSERT INTO Loading (Truck_Type, Cylinder_Type, Gatepass_No) VALUES ('Pack', '47kg', 1466);
INSERT INTO Unloading (Vehicle_Number, Truck_Type, Cylinder_Type, Capsule1_MT, Capsule2_MT, Capsule3_MT, Gatepass_No) VALUES ('PB61VL9874', 'Pack', '47kg', NULL, NULL, NULL, 1466);
INSERT INTO Filling_Center (Cylinder_Type, Leakage_Test, Cap_Check, Manual_Test, Gatepass_No) VALUES ('47kg', 0, 0, 1, 1466);
INSERT INTO Security_In VALUES (1467, '2025-09-02', 'RJ88CE4642', 'Diya Ganesh', '0977419119', 'Pack', 7394);
INSERT INTO Security_Out VALUES (1467, '2025-09-02', 'RJ88CE4642', 'Gopal Ltd', 'Diya Ganesh', '0977419119', 'Pack', 7394);
INSERT INTO Weighbridge (Gatepass_No, Truck_Type, Weight_In, Weight_Out, In_Time, Out_Time) VALUES (1467, 'Pack', 10979, 10618, '2025-07-24 09:14:47.526758', '2025-07-24 13:14:47.526758');
INSERT INTO Loading (Truck_Type, Cylinder_Type, Gatepass_No) VALUES ('Pack', '14kg', 1467);
INSERT INTO Unloading (Vehicle_Number, Truck_Type, Cylinder_Type, Capsule1_MT, Capsule2_MT, Capsule3_MT, Gatepass_No) VALUES ('RJ88CE4642', 'Pack', '14kg', NULL, NULL, NULL, 1467);
INSERT INTO Filling_Center (Cylinder_Type, Leakage_Test, Cap_Check, Manual_Test, Gatepass_No) VALUES ('14.5kg', 1, 0, 1, 1467);
INSERT INTO Security_In VALUES (1468, '2025-08-12', 'RJ35MC8455', 'Gautami Bhatia', '2934129349', 'Bullet', 9099);
INSERT INTO Security_Out VALUES (1468, '2025-08-12', 'RJ35MC8455', 'Chandran-Tank', 'Gautami Bhatia', '2934129349', 'Bullet', 9099);
INSERT INTO Weighbridge (Gatepass_No, Truck_Type, Weight_In, Weight_Out, In_Time, Out_Time) VALUES (1468, 'Bullet', 12355, 12090, '2025-09-06 07:04:52.584125', '2025-09-06 08:04:52.584125');
INSERT INTO Unloading (Vehicle_Number, Truck_Type, Cylinder_Type, Capsule1_MT, Capsule2_MT, Capsule3_MT, Gatepass_No) VALUES ('RJ35MC8455', 'Bullet', NULL, 7.8, 7.32, 9.11, 1468);
INSERT INTO Filling_Center (Cylinder_Type, Leakage_Test, Cap_Check, Manual_Test, Gatepass_No) VALUES ('10kg', 0, 1, 0, 1468);
INSERT INTO Security_In VALUES (1469, '2025-07-18', 'HR73EV7313', 'Vasana Kalita', '2873710107', 'Pack', 18721);
INSERT INTO Security_Out VALUES (1469, '2025-07-18', 'HR73EV7313', 'Nagarajan-Pai', 'Vasana Kalita', '2873710107', 'Pack', 18721);
INSERT INTO Weighbridge (Gatepass_No, Truck_Type, Weight_In, Weight_Out, In_Time, Out_Time) VALUES (1469, 'Pack', 21215, 21060, '2025-09-12 20:19:19.665738', '2025-09-13 01:19:19.665738');
INSERT INTO Loading (Truck_Type, Cylinder_Type, Gatepass_No) VALUES ('Pack', '47kg', 1469);
INSERT INTO Unloading (Vehicle_Number, Truck_Type, Cylinder_Type, Capsule1_MT, Capsule2_MT, Capsule3_MT, Gatepass_No) VALUES ('HR73EV7313', 'Pack', '47kg', NULL, NULL, NULL, 1469);
INSERT INTO Filling_Center (Cylinder_Type, Leakage_Test, Cap_Check, Manual_Test, Gatepass_No) VALUES ('47kg', 1, 0, 0, 1469);
INSERT INTO Security_In VALUES (1470, '2025-08-10', 'GJ31AP8729', 'Yadavi Kamdar', '2743526200', 'Bullet', 8807);
INSERT INTO Security_Out VALUES (1470, '2025-08-10', 'GJ31AP8729', 'Sen Group', 'Yadavi Kamdar', '2743526200', 'Bullet', 8807);
INSERT INTO Weighbridge (Gatepass_No, Truck_Type, Weight_In, Weight_Out, In_Time, Out_Time) VALUES (1470, 'Bullet', 9869, 9596, '2025-08-09 18:58:30.871410', '2025-08-09 19:58:30.871410');
INSERT INTO Unloading (Vehicle_Number, Truck_Type, Cylinder_Type, Capsule1_MT, Capsule2_MT, Capsule3_MT, Gatepass_No) VALUES ('GJ31AP8729', 'Bullet', NULL, 9.83, 8.01, 5.01, 1470);
INSERT INTO Filling_Center (Cylinder_Type, Leakage_Test, Cap_Check, Manual_Test, Gatepass_No) VALUES ('14.5kg', 1, 1, 1, 1470);
INSERT INTO Security_In VALUES (1471, '2025-07-22', 'KA75EZ6457', 'Varsha Rai', '4056023642', 'Pack', 17010);
INSERT INTO Security_Out VALUES (1471, '2025-07-22', 'KA75EZ6457', 'Lad, Hayer and Dara', 'Varsha Rai', '4056023642', 'Pack', 17010);
INSERT INTO Weighbridge (Gatepass_No, Truck_Type, Weight_In, Weight_Out, In_Time, Out_Time) VALUES (1471, 'Pack', 18190, 17853, '2025-08-27 20:45:20.994270', '2025-08-28 01:45:20.994270');
INSERT INTO Loading (Truck_Type, Cylinder_Type, Gatepass_No) VALUES ('Pack', '19kg', 1471);
INSERT INTO Unloading (Vehicle_Number, Truck_Type, Cylinder_Type, Capsule1_MT, Capsule2_MT, Capsule3_MT, Gatepass_No) VALUES ('KA75EZ6457', 'Pack', '19kg', NULL, NULL, NULL, 1471);
INSERT INTO Filling_Center (Cylinder_Type, Leakage_Test, Cap_Check, Manual_Test, Gatepass_No) VALUES ('47kg', 1, 1, 1, 1471);
INSERT INTO Security_In VALUES (1472, '2025-08-06', 'UP43XW9457', 'Ojasvi Lall', '6660432654', 'Pack', 2854);
INSERT INTO Security_Out VALUES (1472, '2025-08-06', 'UP43XW9457', 'Gara and Sons', 'Ojasvi Lall', '6660432654', 'Pack', 2854);
INSERT INTO Weighbridge (Gatepass_No, Truck_Type, Weight_In, Weight_Out, In_Time, Out_Time) VALUES (1472, 'Pack', 5411, 5284, '2025-08-31 06:04:12.811319', '2025-08-31 10:04:12.811319');
INSERT INTO Loading (Truck_Type, Cylinder_Type, Gatepass_No) VALUES ('Pack', '14kg', 1472);
INSERT INTO Unloading (Vehicle_Number, Truck_Type, Cylinder_Type, Capsule1_MT, Capsule2_MT, Capsule3_MT, Gatepass_No) VALUES ('UP43XW9457', 'Pack', '14kg', NULL, NULL, NULL, 1472);
INSERT INTO Filling_Center (Cylinder_Type, Leakage_Test, Cap_Check, Manual_Test, Gatepass_No) VALUES ('10kg', 0, 1, 0, 1472);
INSERT INTO Security_In VALUES (1473, '2025-08-10', 'UP55SL6703', 'Akshay Sawhney', '0196850580', 'Pack', 7283);
INSERT INTO Security_Out VALUES (1473, '2025-08-10', 'UP55SL6703', 'Saraf Ltd', 'Akshay Sawhney', '0196850580', 'Pack', 7283);
INSERT INTO Weighbridge (Gatepass_No, Truck_Type, Weight_In, Weight_Out, In_Time, Out_Time) VALUES (1473, 'Pack', 8475, 8349, '2025-08-18 07:50:02.802893', '2025-08-18 11:50:02.802893');
INSERT INTO Loading (Truck_Type, Cylinder_Type, Gatepass_No) VALUES ('Pack', '47kg', 1473);
INSERT INTO Unloading (Vehicle_Number, Truck_Type, Cylinder_Type, Capsule1_MT, Capsule2_MT, Capsule3_MT, Gatepass_No) VALUES ('UP55SL6703', 'Pack', '47kg', NULL, NULL, NULL, 1473);
INSERT INTO Filling_Center (Cylinder_Type, Leakage_Test, Cap_Check, Manual_Test, Gatepass_No) VALUES ('14.5kg', 1, 1, 0, 1473);
INSERT INTO Security_In VALUES (1474, '2025-09-14', 'RJ53RS6277', 'Vrishti Narayan', '6065972071', 'Pack', 17091);
INSERT INTO Security_Out VALUES (1474, '2025-09-14', 'RJ53RS6277', 'Arya, Narula and Aurora', 'Vrishti Narayan', '6065972071', 'Pack', 17091);
INSERT INTO Weighbridge (Gatepass_No, Truck_Type, Weight_In, Weight_Out, In_Time, Out_Time) VALUES (1474, 'Pack', 19622, 19396, '2025-08-10 17:20:52.649520', '2025-08-10 22:20:52.649520');
INSERT INTO Loading (Truck_Type, Cylinder_Type, Gatepass_No) VALUES ('Pack', '19kg', 1474);
INSERT INTO Unloading (Vehicle_Number, Truck_Type, Cylinder_Type, Capsule1_MT, Capsule2_MT, Capsule3_MT, Gatepass_No) VALUES ('RJ53RS6277', 'Pack', '19kg', NULL, NULL, NULL, 1474);
INSERT INTO Filling_Center (Cylinder_Type, Leakage_Test, Cap_Check, Manual_Test, Gatepass_No) VALUES ('14.5kg', 1, 1, 0, 1474);
INSERT INTO Security_In VALUES (1475, '2025-08-18', 'TN69VV3314', 'Harrison Hayre', '0265486844', 'Bullet', 14133);
INSERT INTO Security_Out VALUES (1475, '2025-08-18', 'TN69VV3314', 'Bajaj-Misra', 'Harrison Hayre', '0265486844', 'Bullet', 14133);
INSERT INTO Weighbridge (Gatepass_No, Truck_Type, Weight_In, Weight_Out, In_Time, Out_Time) VALUES (1475, 'Bullet', 15645, 15262, '2025-08-19 06:45:16.699577', '2025-08-19 09:45:16.699577');
INSERT INTO Unloading (Vehicle_Number, Truck_Type, Cylinder_Type, Capsule1_MT, Capsule2_MT, Capsule3_MT, Gatepass_No) VALUES ('TN69VV3314', 'Bullet', NULL, 8.14, 9.35, 5.44, 1475);
INSERT INTO Filling_Center (Cylinder_Type, Leakage_Test, Cap_Check, Manual_Test, Gatepass_No) VALUES ('19kg', 1, 0, 1, 1475);
INSERT INTO Security_In VALUES (1476, '2025-08-10', 'RJ31JG2500', 'Nathaniel Mistry', '8591858666', 'Pack', 6778);
INSERT INTO Security_Out VALUES (1476, '2025-08-10', 'RJ31JG2500', 'Nayak, Solanki and Gole', 'Nathaniel Mistry', '8591858666', 'Pack', 6778);
INSERT INTO Weighbridge (Gatepass_No, Truck_Type, Weight_In, Weight_Out, In_Time, Out_Time) VALUES (1476, 'Pack', 8396, 7904, '2025-08-31 03:28:17.952855', '2025-08-31 04:28:17.952855');
INSERT INTO Loading (Truck_Type, Cylinder_Type, Gatepass_No) VALUES ('Pack', '47kg', 1476);
INSERT INTO Unloading (Vehicle_Number, Truck_Type, Cylinder_Type, Capsule1_MT, Capsule2_MT, Capsule3_MT, Gatepass_No) VALUES ('RJ31JG2500', 'Pack', '47kg', NULL, NULL, NULL, 1476);
INSERT INTO Filling_Center (Cylinder_Type, Leakage_Test, Cap_Check, Manual_Test, Gatepass_No) VALUES ('5kg', 1, 0, 1, 1476);
INSERT INTO Security_In VALUES (1477, '2025-09-13', 'PB17DU8052', 'Maya Sabharwal', '3289817851', 'Bullet', 12733);
INSERT INTO Security_Out VALUES (1477, '2025-09-13', 'PB17DU8052', 'Saini, Dey and Ramanathan', 'Maya Sabharwal', '3289817851', 'Bullet', 12733);
INSERT INTO Weighbridge (Gatepass_No, Truck_Type, Weight_In, Weight_Out, In_Time, Out_Time) VALUES (1477, 'Bullet', 16378, 16240, '2025-08-03 22:21:28.345174', '2025-08-04 01:21:28.345174');
INSERT INTO Unloading (Vehicle_Number, Truck_Type, Cylinder_Type, Capsule1_MT, Capsule2_MT, Capsule3_MT, Gatepass_No) VALUES ('PB17DU8052', 'Bullet', NULL, 6.59, 9.33, 7.76, 1477);
INSERT INTO Filling_Center (Cylinder_Type, Leakage_Test, Cap_Check, Manual_Test, Gatepass_No) VALUES ('14.5kg', 1, 0, 0, 1477);
INSERT INTO Security_In VALUES (1478, '2025-07-28', 'WB37RW7120', 'Oni Solanki', '4214416959', 'Pack', 19756);
INSERT INTO Security_Out VALUES (1478, '2025-07-28', 'WB37RW7120', 'Mohanty-Bhakta', 'Oni Solanki', '4214416959', 'Pack', 19756);
INSERT INTO Weighbridge (Gatepass_No, Truck_Type, Weight_In, Weight_Out, In_Time, Out_Time) VALUES (1478, 'Pack', 24049, 23773, '2025-07-22 08:31:47.360103', '2025-07-22 09:31:47.360103');
INSERT INTO Loading (Truck_Type, Cylinder_Type, Gatepass_No) VALUES ('Pack', '14kg', 1478);
INSERT INTO Unloading (Vehicle_Number, Truck_Type, Cylinder_Type, Capsule1_MT, Capsule2_MT, Capsule3_MT, Gatepass_No) VALUES ('WB37RW7120', 'Pack', '14kg', NULL, NULL, NULL, 1478);
INSERT INTO Filling_Center (Cylinder_Type, Leakage_Test, Cap_Check, Manual_Test, Gatepass_No) VALUES ('5kg', 1, 1, 1, 1478);
INSERT INTO Security_In VALUES (1479, '2025-08-31', 'TN65CR6995', 'Harsh Rao', '7238061548', 'Pack', 2414);
INSERT INTO Security_Out VALUES (1479, '2025-08-31', 'TN65CR6995', 'Balasubramanian LLC', 'Harsh Rao', '7238061548', 'Pack', 2414);
INSERT INTO Weighbridge (Gatepass_No, Truck_Type, Weight_In, Weight_Out, In_Time, Out_Time) VALUES (1479, 'Pack', 4618, 4412, '2025-08-08 22:36:00.593335', '2025-08-09 03:36:00.593335');
INSERT INTO Loading (Truck_Type, Cylinder_Type, Gatepass_No) VALUES ('Pack', '19kg', 1479);
INSERT INTO Unloading (Vehicle_Number, Truck_Type, Cylinder_Type, Capsule1_MT, Capsule2_MT, Capsule3_MT, Gatepass_No) VALUES ('TN65CR6995', 'Pack', '19kg', NULL, NULL, NULL, 1479);
INSERT INTO Filling_Center (Cylinder_Type, Leakage_Test, Cap_Check, Manual_Test, Gatepass_No) VALUES ('47kg', 0, 1, 1, 1479);
INSERT INTO Security_In VALUES (1480, '2025-08-04', 'WB16AJ5591', 'Jai Hans', '9173318918', 'Pack', 6429);
INSERT INTO Security_Out VALUES (1480, '2025-08-04', 'WB16AJ5591', 'Gara, Chandran and Joshi', 'Jai Hans', '9173318918', 'Pack', 6429);
INSERT INTO Weighbridge (Gatepass_No, Truck_Type, Weight_In, Weight_Out, In_Time, Out_Time) VALUES (1480, 'Pack', 10639, 10212, '2025-07-27 02:46:42.665296', '2025-07-27 03:46:42.665296');
INSERT INTO Loading (Truck_Type, Cylinder_Type, Gatepass_No) VALUES ('Pack', '19kg', 1480);
INSERT INTO Unloading (Vehicle_Number, Truck_Type, Cylinder_Type, Capsule1_MT, Capsule2_MT, Capsule3_MT, Gatepass_No) VALUES ('WB16AJ5591', 'Pack', '19kg', NULL, NULL, NULL, 1480);
INSERT INTO Filling_Center (Cylinder_Type, Leakage_Test, Cap_Check, Manual_Test, Gatepass_No) VALUES ('5kg', 1, 1, 1, 1480);
INSERT INTO Security_In VALUES (1481, '2025-07-27', 'WB32AB5526', 'Girindra Bhatt', '6508603797', 'Bullet', 14439);
INSERT INTO Security_Out VALUES (1481, '2025-07-27', 'WB32AB5526', 'Nath Group', 'Girindra Bhatt', '6508603797', 'Bullet', 14439);
INSERT INTO Weighbridge (Gatepass_No, Truck_Type, Weight_In, Weight_Out, In_Time, Out_Time) VALUES (1481, 'Bullet', 19265, 19095, '2025-07-29 22:44:37.469684', '2025-07-30 00:44:37.469684');
INSERT INTO Unloading (Vehicle_Number, Truck_Type, Cylinder_Type, Capsule1_MT, Capsule2_MT, Capsule3_MT, Gatepass_No) VALUES ('WB32AB5526', 'Bullet', NULL, 9.85, 5.52, 6.45, 1481);
INSERT INTO Filling_Center (Cylinder_Type, Leakage_Test, Cap_Check, Manual_Test, Gatepass_No) VALUES ('5kg', 1, 1, 0, 1481);
INSERT INTO Security_In VALUES (1482, '2025-09-09', 'KA96GS3484', 'Saanvi Warrior', '1904892594', 'Bullet', 15265);
INSERT INTO Security_Out VALUES (1482, '2025-09-09', 'KA96GS3484', 'Sodhi, Gola and Deol', 'Saanvi Warrior', '1904892594', 'Bullet', 15265);
INSERT INTO Weighbridge (Gatepass_No, Truck_Type, Weight_In, Weight_Out, In_Time, Out_Time) VALUES (1482, 'Bullet', 16591, 16407, '2025-09-09 07:01:57.666468', '2025-09-09 10:01:57.666468');
INSERT INTO Unloading (Vehicle_Number, Truck_Type, Cylinder_Type, Capsule1_MT, Capsule2_MT, Capsule3_MT, Gatepass_No) VALUES ('KA96GS3484', 'Bullet', NULL, 9.18, 9.61, 8.94, 1482);
INSERT INTO Filling_Center (Cylinder_Type, Leakage_Test, Cap_Check, Manual_Test, Gatepass_No) VALUES ('14.5kg', 0, 1, 0, 1482);
INSERT INTO Security_In VALUES (1483, '2025-09-04', 'RJ47UR8931', 'Girindra Srivastava', '8864441878', 'Bullet', 4479);
INSERT INTO Security_Out VALUES (1483, '2025-09-04', 'RJ47UR8931', 'Saraf, Kumer and Bansal', 'Girindra Srivastava', '8864441878', 'Bullet', 4479);
INSERT INTO Weighbridge (Gatepass_No, Truck_Type, Weight_In, Weight_Out, In_Time, Out_Time) VALUES (1483, 'Bullet', 8910, 8560, '2025-07-19 07:00:47.691192', '2025-07-19 10:00:47.691192');
INSERT INTO Unloading (Vehicle_Number, Truck_Type, Cylinder_Type, Capsule1_MT, Capsule2_MT, Capsule3_MT, Gatepass_No) VALUES ('RJ47UR8931', 'Bullet', NULL, 9.13, 8.08, 8.27, 1483);
INSERT INTO Filling_Center (Cylinder_Type, Leakage_Test, Cap_Check, Manual_Test, Gatepass_No) VALUES ('14.5kg', 0, 1, 1, 1483);
INSERT INTO Security_In VALUES (1484, '2025-07-20', 'HR94ED9142', 'Vinaya Majumdar', '2720039619', 'Pack', 14705);
INSERT INTO Security_Out VALUES (1484, '2025-07-20', 'HR94ED9142', 'Aurora Group', 'Vinaya Majumdar', '2720039619', 'Pack', 14705);
INSERT INTO Weighbridge (Gatepass_No, Truck_Type, Weight_In, Weight_Out, In_Time, Out_Time) VALUES (1484, 'Pack', 16282, 15944, '2025-08-01 16:26:38.925582', '2025-08-01 21:26:38.925582');
INSERT INTO Loading (Truck_Type, Cylinder_Type, Gatepass_No) VALUES ('Pack', '14kg', 1484);
INSERT INTO Unloading (Vehicle_Number, Truck_Type, Cylinder_Type, Capsule1_MT, Capsule2_MT, Capsule3_MT, Gatepass_No) VALUES ('HR94ED9142', 'Pack', '14kg', NULL, NULL, NULL, 1484);
INSERT INTO Filling_Center (Cylinder_Type, Leakage_Test, Cap_Check, Manual_Test, Gatepass_No) VALUES ('19kg', 0, 1, 0, 1484);
INSERT INTO Security_In VALUES (1485, '2025-08-25', 'WB96BP3356', 'Chakradev Chaudhari', '0137453269', 'Pack', 12674);
INSERT INTO Security_Out VALUES (1485, '2025-08-25', 'WB96BP3356', 'Khanna-Sane', 'Chakradev Chaudhari', '0137453269', 'Pack', 12674);
INSERT INTO Weighbridge (Gatepass_No, Truck_Type, Weight_In, Weight_Out, In_Time, Out_Time) VALUES (1485, 'Pack', 17477, 16979, '2025-08-11 22:49:54.019566', '2025-08-12 03:49:54.019566');
INSERT INTO Loading (Truck_Type, Cylinder_Type, Gatepass_No) VALUES ('Pack', '19kg', 1485);
INSERT INTO Unloading (Vehicle_Number, Truck_Type, Cylinder_Type, Capsule1_MT, Capsule2_MT, Capsule3_MT, Gatepass_No) VALUES ('WB96BP3356', 'Pack', '19kg', NULL, NULL, NULL, 1485);
INSERT INTO Filling_Center (Cylinder_Type, Leakage_Test, Cap_Check, Manual_Test, Gatepass_No) VALUES ('14.5kg', 0, 0, 0, 1485);
INSERT INTO Security_In VALUES (1486, '2025-08-01', 'RJ12CJ3489', 'Unni Oza', '9674629012', 'Bullet', 13860);
INSERT INTO Security_Out VALUES (1486, '2025-08-01', 'RJ12CJ3489', 'Narasimhan, Keer and Ramaswamy', 'Unni Oza', '9674629012', 'Bullet', 13860);
INSERT INTO Weighbridge (Gatepass_No, Truck_Type, Weight_In, Weight_Out, In_Time, Out_Time) VALUES (1486, 'Bullet', 18850, 18380, '2025-08-22 04:41:47.077011', '2025-08-22 09:41:47.077011');
INSERT INTO Unloading (Vehicle_Number, Truck_Type, Cylinder_Type, Capsule1_MT, Capsule2_MT, Capsule3_MT, Gatepass_No) VALUES ('RJ12CJ3489', 'Bullet', NULL, 6.82, 5.63, 5.77, 1486);
INSERT INTO Filling_Center (Cylinder_Type, Leakage_Test, Cap_Check, Manual_Test, Gatepass_No) VALUES ('14.5kg', 1, 1, 0, 1486);
INSERT INTO Security_In VALUES (1487, '2025-08-13', 'HR85VK9510', 'Ira Brar', '9812614517', 'Pack', 3649);
INSERT INTO Security_Out VALUES (1487, '2025-08-13', 'HR85VK9510', 'Sawhney, Kara and Dutt', 'Ira Brar', '9812614517', 'Pack', 3649);
INSERT INTO Weighbridge (Gatepass_No, Truck_Type, Weight_In, Weight_Out, In_Time, Out_Time) VALUES (1487, 'Pack', 6003, 5729, '2025-08-10 21:54:26.377913', '2025-08-11 02:54:26.377913');
INSERT INTO Loading (Truck_Type, Cylinder_Type, Gatepass_No) VALUES ('Pack', '14kg', 1487);
INSERT INTO Unloading (Vehicle_Number, Truck_Type, Cylinder_Type, Capsule1_MT, Capsule2_MT, Capsule3_MT, Gatepass_No) VALUES ('HR85VK9510', 'Pack', '14kg', NULL, NULL, NULL, 1487);
INSERT INTO Filling_Center (Cylinder_Type, Leakage_Test, Cap_Check, Manual_Test, Gatepass_No) VALUES ('5kg', 1, 1, 1, 1487);
INSERT INTO Security_In VALUES (1488, '2025-07-24', 'KA23GK8983', 'Rudra Narayan', '1320102506', 'Bullet', 2352);
INSERT INTO Security_Out VALUES (1488, '2025-07-24', 'KA23GK8983', 'Bhandari-Bakshi', 'Rudra Narayan', '1320102506', 'Bullet', 2352);
INSERT INTO Weighbridge (Gatepass_No, Truck_Type, Weight_In, Weight_Out, In_Time, Out_Time) VALUES (1488, 'Bullet', 6945, 6684, '2025-07-19 22:28:49.761498', '2025-07-20 02:28:49.761498');
INSERT INTO Unloading (Vehicle_Number, Truck_Type, Cylinder_Type, Capsule1_MT, Capsule2_MT, Capsule3_MT, Gatepass_No) VALUES ('KA23GK8983', 'Bullet', NULL, 7.55, 5.44, 6.79, 1488);
INSERT INTO Filling_Center (Cylinder_Type, Leakage_Test, Cap_Check, Manual_Test, Gatepass_No) VALUES ('10kg', 1, 1, 1, 1488);
INSERT INTO Security_In VALUES (1489, '2025-09-11', 'TN66UC7282', 'Vamakshi Arora', '5764017981', 'Pack', 18103);
INSERT INTO Security_Out VALUES (1489, '2025-09-11', 'TN66UC7282', 'Varty and Sons', 'Vamakshi Arora', '5764017981', 'Pack', 18103);
INSERT INTO Weighbridge (Gatepass_No, Truck_Type, Weight_In, Weight_Out, In_Time, Out_Time) VALUES (1489, 'Pack', 19902, 19585, '2025-07-21 01:44:25.637543', '2025-07-21 02:44:25.637543');
INSERT INTO Loading (Truck_Type, Cylinder_Type, Gatepass_No) VALUES ('Pack', '19kg', 1489);
INSERT INTO Unloading (Vehicle_Number, Truck_Type, Cylinder_Type, Capsule1_MT, Capsule2_MT, Capsule3_MT, Gatepass_No) VALUES ('TN66UC7282', 'Pack', '19kg', NULL, NULL, NULL, 1489);
INSERT INTO Filling_Center (Cylinder_Type, Leakage_Test, Cap_Check, Manual_Test, Gatepass_No) VALUES ('19kg', 0, 0, 1, 1489);
INSERT INTO Security_In VALUES (1490, '2025-09-09', 'UP42FZ6971', 'Chaaya Sangha', '2349468865', 'Bullet', 2603);
INSERT INTO Security_Out VALUES (1490, '2025-09-09', 'UP42FZ6971', 'Sarna-Arya', 'Chaaya Sangha', '2349468865', 'Bullet', 2603);
INSERT INTO Weighbridge (Gatepass_No, Truck_Type, Weight_In, Weight_Out, In_Time, Out_Time) VALUES (1490, 'Bullet', 5537, 5193, '2025-07-22 12:02:00.199278', '2025-07-22 14:02:00.199278');
INSERT INTO Unloading (Vehicle_Number, Truck_Type, Cylinder_Type, Capsule1_MT, Capsule2_MT, Capsule3_MT, Gatepass_No) VALUES ('UP42FZ6971', 'Bullet', NULL, 9.18, 9.1, 9.83, 1490);
INSERT INTO Filling_Center (Cylinder_Type, Leakage_Test, Cap_Check, Manual_Test, Gatepass_No) VALUES ('47kg', 0, 0, 0, 1490);
INSERT INTO Security_In VALUES (1491, '2025-07-20', 'GJ17XF8769', 'Pratyush Oza', '0824652500', 'Pack', 15609);
INSERT INTO Security_Out VALUES (1491, '2025-07-20', 'GJ17XF8769', 'More, Sawhney and Chopra', 'Pratyush Oza', '0824652500', 'Pack', 15609);
INSERT INTO Weighbridge (Gatepass_No, Truck_Type, Weight_In, Weight_Out, In_Time, Out_Time) VALUES (1491, 'Pack', 17254, 17121, '2025-07-23 16:13:39.822503', '2025-07-23 19:13:39.822503');
INSERT INTO Loading (Truck_Type, Cylinder_Type, Gatepass_No) VALUES ('Pack', '14kg', 1491);
INSERT INTO Unloading (Vehicle_Number, Truck_Type, Cylinder_Type, Capsule1_MT, Capsule2_MT, Capsule3_MT, Gatepass_No) VALUES ('GJ17XF8769', 'Pack', '14kg', NULL, NULL, NULL, 1491);
INSERT INTO Filling_Center (Cylinder_Type, Leakage_Test, Cap_Check, Manual_Test, Gatepass_No) VALUES ('5kg', 0, 0, 0, 1491);
INSERT INTO Security_In VALUES (1492, '2025-07-29', 'TN31RF6274', 'Ekbal Gupta', '3169202557', 'Pack', 14378);
INSERT INTO Security_Out VALUES (1492, '2025-07-29', 'TN31RF6274', 'Handa-Ravi', 'Ekbal Gupta', '3169202557', 'Pack', 14378);
INSERT INTO Weighbridge (Gatepass_No, Truck_Type, Weight_In, Weight_Out, In_Time, Out_Time) VALUES (1492, 'Pack', 15567, 15245, '2025-08-12 21:55:40.599007', '2025-08-13 00:55:40.599007');
INSERT INTO Loading (Truck_Type, Cylinder_Type, Gatepass_No) VALUES ('Pack', '47kg', 1492);
INSERT INTO Unloading (Vehicle_Number, Truck_Type, Cylinder_Type, Capsule1_MT, Capsule2_MT, Capsule3_MT, Gatepass_No) VALUES ('TN31RF6274', 'Pack', '47kg', NULL, NULL, NULL, 1492);
INSERT INTO Filling_Center (Cylinder_Type, Leakage_Test, Cap_Check, Manual_Test, Gatepass_No) VALUES ('5kg', 1, 0, 0, 1492);
INSERT INTO Security_In VALUES (1493, '2025-08-01', 'RJ92YQ8153', 'Rajeshri Malhotra', '3594038250', 'Pack', 4942);
INSERT INTO Security_Out VALUES (1493, '2025-08-01', 'RJ92YQ8153', 'Dugal Ltd', 'Rajeshri Malhotra', '3594038250', 'Pack', 4942);
INSERT INTO Weighbridge (Gatepass_No, Truck_Type, Weight_In, Weight_Out, In_Time, Out_Time) VALUES (1493, 'Pack', 9305, 8841, '2025-08-03 18:33:12.015616', '2025-08-03 19:33:12.015616');
INSERT INTO Loading (Truck_Type, Cylinder_Type, Gatepass_No) VALUES ('Pack', '47kg', 1493);
INSERT INTO Unloading (Vehicle_Number, Truck_Type, Cylinder_Type, Capsule1_MT, Capsule2_MT, Capsule3_MT, Gatepass_No) VALUES ('RJ92YQ8153', 'Pack', '47kg', NULL, NULL, NULL, 1493);
INSERT INTO Filling_Center (Cylinder_Type, Leakage_Test, Cap_Check, Manual_Test, Gatepass_No) VALUES ('5kg', 0, 0, 0, 1493);
INSERT INTO Security_In VALUES (1494, '2025-09-13', 'MH99CF6106', 'Jeevika Ravi', '5014884426', 'Pack', 7115);
INSERT INTO Security_Out VALUES (1494, '2025-09-13', 'MH99CF6106', 'Bhandari Inc', 'Jeevika Ravi', '5014884426', 'Pack', 7115);
INSERT INTO Weighbridge (Gatepass_No, Truck_Type, Weight_In, Weight_Out, In_Time, Out_Time) VALUES (1494, 'Pack', 9010, 8758, '2025-07-19 00:50:31.526663', '2025-07-19 05:50:31.526663');
INSERT INTO Loading (Truck_Type, Cylinder_Type, Gatepass_No) VALUES ('Pack', '19kg', 1494);
INSERT INTO Unloading (Vehicle_Number, Truck_Type, Cylinder_Type, Capsule1_MT, Capsule2_MT, Capsule3_MT, Gatepass_No) VALUES ('MH99CF6106', 'Pack', '19kg', NULL, NULL, NULL, 1494);
INSERT INTO Filling_Center (Cylinder_Type, Leakage_Test, Cap_Check, Manual_Test, Gatepass_No) VALUES ('19kg', 0, 1, 1, 1494);
INSERT INTO Security_In VALUES (1495, '2025-08-28', 'HR72JL5369', 'Raghav Prakash', '1256607859', 'Bullet', 7012);
INSERT INTO Security_Out VALUES (1495, '2025-08-28', 'HR72JL5369', 'Johal, Sunder and Balasubramanian', 'Raghav Prakash', '1256607859', 'Bullet', 7012);
INSERT INTO Weighbridge (Gatepass_No, Truck_Type, Weight_In, Weight_Out, In_Time, Out_Time) VALUES (1495, 'Bullet', 9437, 9314, '2025-08-15 22:10:06.775193', '2025-08-16 01:10:06.775193');
INSERT INTO Unloading (Vehicle_Number, Truck_Type, Cylinder_Type, Capsule1_MT, Capsule2_MT, Capsule3_MT, Gatepass_No) VALUES ('HR72JL5369', 'Bullet', NULL, 8.64, 6.62, 7.28, 1495);
INSERT INTO Filling_Center (Cylinder_Type, Leakage_Test, Cap_Check, Manual_Test, Gatepass_No) VALUES ('19kg', 0, 0, 1, 1495);
INSERT INTO Security_In VALUES (1496, '2025-08-07', 'HR46IK6759', 'Chatura Baral', '6339980102', 'Pack', 3659);
INSERT INTO Security_Out VALUES (1496, '2025-08-07', 'HR46IK6759', 'Prakash Ltd', 'Chatura Baral', '6339980102', 'Pack', 3659);
INSERT INTO Weighbridge (Gatepass_No, Truck_Type, Weight_In, Weight_Out, In_Time, Out_Time) VALUES (1496, 'Pack', 5722, 5263, '2025-08-04 21:25:41.349776', '2025-08-04 23:25:41.349776');
INSERT INTO Loading (Truck_Type, Cylinder_Type, Gatepass_No) VALUES ('Pack', '47kg', 1496);
INSERT INTO Unloading (Vehicle_Number, Truck_Type, Cylinder_Type, Capsule1_MT, Capsule2_MT, Capsule3_MT, Gatepass_No) VALUES ('HR46IK6759', 'Pack', '47kg', NULL, NULL, NULL, 1496);
INSERT INTO Filling_Center (Cylinder_Type, Leakage_Test, Cap_Check, Manual_Test, Gatepass_No) VALUES ('5kg', 0, 0, 1, 1496);
INSERT INTO Security_In VALUES (1497, '2025-08-01', 'GJ18PX1822', 'Irya Mital', '7161153309', 'Bullet', 612);
INSERT INTO Security_Out VALUES (1497, '2025-08-01', 'GJ18PX1822', 'Char-Borde', 'Irya Mital', '7161153309', 'Bullet', 612);
INSERT INTO Weighbridge (Gatepass_No, Truck_Type, Weight_In, Weight_Out, In_Time, Out_Time) VALUES (1497, 'Bullet', 1716, 1532, '2025-08-31 14:11:24.814916', '2025-08-31 15:11:24.814916');
INSERT INTO Unloading (Vehicle_Number, Truck_Type, Cylinder_Type, Capsule1_MT, Capsule2_MT, Capsule3_MT, Gatepass_No) VALUES ('GJ18PX1822', 'Bullet', NULL, 8.59, 5.66, 9.04, 1497);
INSERT INTO Filling_Center (Cylinder_Type, Leakage_Test, Cap_Check, Manual_Test, Gatepass_No) VALUES ('14.5kg', 1, 1, 0, 1497);
INSERT INTO Security_In VALUES (1498, '2025-08-10', 'WB72ZG6353', 'Meghana Ben', '0303846325', 'Pack', 3808);
INSERT INTO Security_Out VALUES (1498, '2025-08-10', 'WB72ZG6353', 'Bajaj-Prakash', 'Meghana Ben', '0303846325', 'Pack', 3808);
INSERT INTO Weighbridge (Gatepass_No, Truck_Type, Weight_In, Weight_Out, In_Time, Out_Time) VALUES (1498, 'Pack', 5775, 5531, '2025-09-10 21:51:16.192497', '2025-09-10 22:51:16.192497');
INSERT INTO Loading (Truck_Type, Cylinder_Type, Gatepass_No) VALUES ('Pack', '47kg', 1498);
INSERT INTO Unloading (Vehicle_Number, Truck_Type, Cylinder_Type, Capsule1_MT, Capsule2_MT, Capsule3_MT, Gatepass_No) VALUES ('WB72ZG6353', 'Pack', '47kg', NULL, NULL, NULL, 1498);
INSERT INTO Filling_Center (Cylinder_Type, Leakage_Test, Cap_Check, Manual_Test, Gatepass_No) VALUES ('5kg', 1, 1, 0, 1498);
INSERT INTO Security_In VALUES (1499, '2025-08-12', 'UP64KZ3008', 'Sai Choudhury', '3645346851', 'Bullet', 16403);
INSERT INTO Security_Out VALUES (1499, '2025-08-12', 'UP64KZ3008', 'Chacko, Raghavan and Bhatia', 'Sai Choudhury', '3645346851', 'Bullet', 16403);
INSERT INTO Weighbridge (Gatepass_No, Truck_Type, Weight_In, Weight_Out, In_Time, Out_Time) VALUES (1499, 'Bullet', 18669, 18528, '2025-09-05 16:42:53.705246', '2025-09-05 20:42:53.705246');
INSERT INTO Unloading (Vehicle_Number, Truck_Type, Cylinder_Type, Capsule1_MT, Capsule2_MT, Capsule3_MT, Gatepass_No) VALUES ('UP64KZ3008', 'Bullet', NULL, 6.99, 6.43, 8.06, 1499);
INSERT INTO Filling_Center (Cylinder_Type, Leakage_Test, Cap_Check, Manual_Test, Gatepass_No) VALUES ('5kg', 0, 1, 1, 1499);
INSERT INTO Security_In VALUES (1500, '2025-08-02', 'MH17ZY5375', 'Chakrika Pall', '5373240381', 'Bullet', 15997);
INSERT INTO Security_Out VALUES (1500, '2025-08-02', 'MH17ZY5375', 'Sem, Kapoor and Sehgal', 'Chakrika Pall', '5373240381', 'Bullet', 15997);
INSERT INTO Weighbridge (Gatepass_No, Truck_Type, Weight_In, Weight_Out, In_Time, Out_Time) VALUES (1500, 'Bullet', 20044, 19767, '2025-09-14 02:54:03.515274', '2025-09-14 07:54:03.515274');
INSERT INTO Unloading (Vehicle_Number, Truck_Type, Cylinder_Type, Capsule1_MT, Capsule2_MT, Capsule3_MT, Gatepass_No) VALUES ('MH17ZY5375', 'Bullet', NULL, 6.17, 5.09, 5.18, 1500);
INSERT INTO Filling_Center (Cylinder_Type, Leakage_Test, Cap_Check, Manual_Test, Gatepass_No) VALUES ('14.5kg', 0, 1, 1, 1500);
INSERT INTO HR_Department VALUES (1, 'Janya Nadkarni', 28320, '2023-10-29', 'Filling', 'Clerk');
INSERT INTO HR_Department VALUES (2, 'Ethan Batra', 49286, '2024-07-07', 'Weighbridge', 'Clerk');
INSERT INTO HR_Department VALUES (3, 'Upma Krishnan', 58898, '2024-09-27', 'Filling', 'Helper');
INSERT INTO HR_Department VALUES (4, 'Amara Sangha', 31101, '2024-08-22', 'Weighbridge', 'Supervisor');
INSERT INTO HR_Department VALUES (5, 'Jeevika Ahuja', 43682, '2023-09-15', 'Maintenance', 'Helper');
INSERT INTO HR_Department VALUES (6, 'Baghyawati Tiwari', 56491, '2023-09-19', 'Maintenance', 'Helper');
INSERT INTO HR_Department VALUES (7, 'Dalbir Deshmukh', 32109, '2023-10-27', 'Maintenance', 'Helper');
INSERT INTO HR_Department VALUES (8, 'Kritika Kota', 23688, '2025-03-22', 'Filling', 'Operator');
INSERT INTO HR_Department VALUES (9, 'Geetika Karnik', 51856, '2025-04-18', 'Maintenance', 'Manager');
INSERT INTO HR_Department VALUES (10, 'Lakshit Ratta', 21454, '2023-12-06', 'Maintenance', 'Operator');
INSERT INTO HR_Department VALUES (11, 'Luke Saha', 59757, '2023-12-28', 'Maintenance', 'Supervisor');
INSERT INTO HR_Department VALUES (12, 'Pranit Patil', 53535, '2025-03-09', 'Admin', 'Clerk');
INSERT INTO HR_Department VALUES (13, 'Nihal Pradhan', 22442, '2024-10-04', 'Maintenance', 'Operator');
INSERT INTO HR_Department VALUES (14, 'Ubika Saini', 46159, '2024-05-28', 'Maintenance', 'Helper');
INSERT INTO HR_Department VALUES (15, 'Mason Contractor', 33033, '2024-10-29', 'Filling', 'Clerk');
INSERT INTO HR_Department VALUES (16, 'Gayathri Chahal', 20569, '2024-10-23', 'Maintenance', 'Manager');
INSERT INTO HR_Department VALUES (17, 'Vrishti Keer', 42525, '2024-03-11', 'Maintenance', 'Operator');
INSERT INTO HR_Department VALUES (18, 'Yochana Nagi', 54408, '2025-01-09', 'Maintenance', 'Manager');
INSERT INTO HR_Department VALUES (19, 'Gopal Kashyap', 51727, '2025-06-25', 'Admin', 'Clerk');
INSERT INTO HR_Department VALUES (20, 'Raagini Sehgal', 29122, '2025-01-28', 'Admin', 'Supervisor');
INSERT INTO HR_Department VALUES (21, 'Raksha Prashad', 43742, '2025-08-23', 'Filling', 'Operator');
INSERT INTO HR_Department VALUES (22, 'Omisha Nigam', 49881, '2024-09-17', 'Filling', 'Helper');
INSERT INTO HR_Department VALUES (23, 'Anay Ben', 57757, '2024-09-24', 'Security', 'Operator');
INSERT INTO HR_Department VALUES (24, 'Gaurav Gupta', 37087, '2024-03-09', 'Maintenance', 'Clerk');
INSERT INTO HR_Department VALUES (25, 'Ati Golla', 25869, '2024-09-15', 'Weighbridge', 'Supervisor');
INSERT INTO HR_Department VALUES (26, 'Gayathri Dutt', 45099, '2024-04-11', 'Security', 'Operator');
INSERT INTO HR_Department VALUES (27, 'Yutika Parekh', 51540, '2025-03-05', 'Filling', 'Operator');
INSERT INTO HR_Department VALUES (28, 'Anay Arya', 51981, '2024-06-18', 'Weighbridge', 'Manager');
INSERT INTO HR_Department VALUES (29, 'Ekansh Madan', 47351, '2024-06-08', 'Filling', 'Manager');
INSERT INTO HR_Department VALUES (30, 'Amara Karpe', 55745, '2023-11-04', 'Maintenance', 'Helper');
INSERT INTO HR_Department VALUES (31, 'Charan Bora', 58925, '2024-04-17', 'Filling', 'Supervisor');
INSERT INTO HR_Department VALUES (32, 'Jagat Magar', 21122, '2025-06-25', 'Maintenance', 'Helper');
INSERT INTO HR_Department VALUES (33, 'Kai Dewan', 54444, '2024-02-02', 'Admin', 'Operator');
INSERT INTO HR_Department VALUES (34, 'Ubika Natt', 34155, '2024-01-25', 'Security', 'Helper');
INSERT INTO HR_Department VALUES (35, 'William Bandi', 51746, '2023-11-14', 'Security', 'Helper');
INSERT INTO HR_Department VALUES (36, 'Jagrati Bhatt', 44644, '2025-04-21', 'Weighbridge', 'Operator');
INSERT INTO HR_Department VALUES (37, 'Harinakshi Grover', 25403, '2025-09-07', 'Filling', 'Helper');
INSERT INTO HR_Department VALUES (38, 'Frederick Nagarajan', 29236, '2024-09-22', 'Security', 'Manager');
INSERT INTO HR_Department VALUES (39, 'Vritti Raman', 49551, '2023-11-12', 'Filling', 'Manager');
INSERT INTO HR_Department VALUES (40, 'Panini Rajagopalan', 53139, '2025-06-27', 'Admin', 'Operator');
INSERT INTO HR_Department VALUES (41, 'Jasmit Pai', 51350, '2023-09-22', 'Security', 'Clerk');
INSERT INTO HR_Department VALUES (42, 'Veer Palla', 22012, '2024-08-19', 'Filling', 'Manager');
INSERT INTO HR_Department VALUES (43, 'Yashica Mander', 34223, '2024-03-23', 'Security', 'Clerk');
INSERT INTO HR_Department VALUES (44, 'Upkaar Nagi', 42204, '2024-04-30', 'Weighbridge', 'Operator');
INSERT INTO HR_Department VALUES (45, 'Udant Vasa', 36644, '2023-10-19', 'Weighbridge', 'Manager');
INSERT INTO HR_Department VALUES (46, 'Kashish Sheth', 41092, '2024-10-02', 'Weighbridge', 'Manager');
INSERT INTO HR_Department VALUES (47, 'Onkar Sankar', 59756, '2023-11-04', 'Filling', 'Operator');
INSERT INTO HR_Department VALUES (48, 'Lajita Pau', 25478, '2024-02-16', 'Admin', 'Supervisor');
INSERT INTO HR_Department VALUES (49, 'Aarna Dada', 29172, '2025-06-11', 'Weighbridge', 'Manager');
INSERT INTO HR_Department VALUES (50, 'Eshana Sekhon', 42415, '2024-05-16', 'Filling', 'Manager');